cls,collect_lag_h,consistent,dev_mints,dex_boosted,dex_profile,early_active_min,early_drawdown_from_high,early_high_vs_p0,early_mom,early_vol_sol,early_vs_mig,first_close_vs_mig,has_candles,implausible_50x,last_trade_age_min,mae_1h,mae_4h,mayhem_like_suffix,mfe_1h,mfe_4h,mig_liq_usd,mig_price_sol,mig_sol_reserve,min_after1m_1h,min_after1m_4h,mint,n_candles,now_liq_usd,now_price_sol,out_D_1h,out_D_4h,out_D_now,p0,p0_vs_mig,physics_violation,pool,ret_15m,ret_1h,ret_4h,ret_5m,ret_now,socials,spike_50x,t0,ttg_s,twitter
standard,36.690671388904256,1,1991,0,0,6,-0.8977717941108347,0.5694800445078001,-0.8395548708711205,462.03292555400003,-0.8395548708711205,-0.03748518671655343,True,,218.33333333333334,-0.9189954887685414,-0.9222145232330554,1,0.5694800445078001,0.5694800445078001,16095.007004870971,3.2578953338327696e-07,67.405854457,-0.9189954887685414,-0.9222145232330554,J2mriLGXup8RKYCeYCczV1LjJxNiiqgGRxSA4migQnpS,29,429.0538210534078,2.4935397910803238e-08,-0.49512639198669195,-0.5151895405658442,-0.5229623705703492,3.2578953338327696e-07,0.24330056760135244,,xq1dWLdN1QJmj3wdBrwY6ZPRU2MFFXF1GgqqQB9qsZo,-0.9148583422082548,-0.9189954887685414,-0.9222145232330554,-0.8489641213672947,-0.9234616359468251,1,,1790895640,207.0,1
standard,36.66733805557092,1,1,1,1,6,-0.04461924851195875,0.6976980982907639,0.6219480849448487,663.292829137,0.6219480849448487,0.521208428568954,True,,299.93333333333334,-0.2731050443919222,-0.2731050443919222,0,0.6976980982907639,0.6976980982907639,16095.006840830769,3.2578953006283227e-07,67.40585377,0.10132456493730868,0.10132456493730868,HkHsPkvv6Ccv5t5y295cG5QAYSuazEaFS4YSyUFZpump,223,460.1315847310479,2.484462978994009e-08,-0.2336332809547652,-0.28226233883173313,-0.9529826164916224,3.2578953006283227e-07,0.3046361121249592,,2MowcSAPsumAC5u6cbo17SwVzrTvCcuvvkRRsTibE1zt,0.3679689240582851,0.2846446734913577,0.17618261761998855,0.5514041983111266,-0.9237402448594695,0,,1790895724,0.0,0
dust,36.626504722237584,1,32,0,0,6,-0.5374159150184707,0.0023474701250485452,-0.5363300126986537,1.1897466829999996,-0.5363300126986537,-0.3015018544637106,True,,187.48333333333332,-0.8773076628595563,-0.8773076628595563,0,0.0023474701250485452,0.0023474701250485452,15.777091736018917,3.193544030932818e-10,0.066074426,-0.8773076628595563,-0.8773076628595563,GgEEoy5fWkvJ6Up2hy5JzUNSuwFTzyrBc3UYkViupump,28,1.9079087806326458,2.2146740221907734e-11,,,,3.193544030932818e-10,0.0004532955629483748,,GtoQrQNhqgxVGeYXfNRhWdQGU5fKQ6xJBWZ7hKa8fHRp,-0.41650246843374417,-0.8481753934332256,-0.4400531667358939,-0.536513344929836,-0.930651526932482,0,,1790895871,2033.0,0
standard,36.625393611126476,1,1,0,0,6,-0.5360911736786032,1.5185290204341766,0.1683678419259962,2244.853378522,0.1683678419259962,0.5858149083049564,True,,248.41666666666666,-0.9394412028919421,-0.9394475306859621,0,1.5185290204341766,1.5185290204341766,16269.851283501357,3.3216548735220115e-07,68.138101917,-0.9394412028919421,-0.9394475306859621,F1LSqnWwjG9x3eFfCsNovyk1M4LpMyio7L2bZUsMpump,21,183.26158724412275,1.9729713779280807e-08,-0.9481680384079815,-0.9480807778953433,-0.9491622075711981,3.3216548735220115e-07,0.3735292071191081,,89Pmeo5jYjSfwYZ1zAxVe7jo1K97WhRtaMMA9PCdMxte,-0.9139180354976975,-0.9394412028919421,-0.9393392505151057,1.0840599347225068,-0.9406027581716789,0,,1790895875,0.0,0
standard,36.620393611126474,1,3,0,1,6,-0.5652917465367817,1.6794390181450023,0.16477425583901417,984.5823716069999,0.16477425583901417,0.46014408961181785,True,,300.1166666666667,-0.665269113530589,-0.8760215948085678,1,1.6794390181450023,1.6794390181450023,16095.007101337113,3.2578953533591105e-07,67.405854861,-0.665269113530589,-0.8760215948085678,6d82cCtC1LktWWgjUz5h3vMenFj5EDHLMBFvcpmvrRi,257,20489.82740972986,1.6194109710874771e-06,-0.6289571373387075,-0.5526555269807556,3.267545731408733,3.2578953533591105e-07,0.1784041306815305,,8RdbS9dStwL1HK4tVzkgwG84TmREU947BRBXf6fQRJus,-0.018325802131576197,-0.6096835662089471,-0.5889223905698706,0.15318039109014037,3.970727403560568,1,,1790895893,13129.0,0
standard,36.589282500015365,1,1,0,0,6,-0.35007309128388164,2.597083980298786,1.3378416717078605,2450.293252407,1.3378416717078605,0.24814111941513173,True,,211.25,-0.9333245022661749,-0.9337483427731983,0,3.3399574384978834,3.3399574384978834,16095.006843218547,3.257895301111648e-07,67.40585378,-0.9333245022661749,-0.9337483427731983,Bo5pkAg2GtHZRcQZJde7bJpbsjUw2tkJPUgEbipSpump,40,367.8170014818763,2.1266877422517244e-08,-0.9715424244952979,-0.9716611873128247,-0.9720776794180682,3.257895301111648e-07,0.20037389427792118,,EZBY1Rh8hFaVTDgTT4E29YN6XdpRnfXkRb9xNmFG2unw,1.3013988879892224,-0.9333245022661749,-0.9337483427731983,1.7529276998509231,-0.9347220353727739,0,,1790896005,5.0,0
standard,36.5726158333487,1,1,0,1,6,-0.09082584444201369,0.5808453913907992,0.4372637737854641,246.15473691200003,0.4372637737854641,0.177177522809413,True,,224.25,-0.9410199597941232,-0.9410552561339628,0,0.5808453913907992,0.5808453913907992,16095.006899808832,3.257895312566457e-07,67.405854017,-0.9410199597941232,-0.9410552561339628,7ZahqdB1apUoKB32kQWknbzJnaZyHWNmazu1um6cpump,19,116.0333974825601,1.8892609094215875e-08,-0.9589636632595733,-0.9589882212707633,-0.959652341664485,3.257895312566457e-07,0.3018696794200664,,4MGebrDeAHcrbzas84JqksvK7K9iJHUD3BPTqa2WtjBq,-0.9408058113069908,-0.9410199597941232,-0.9410552561339628,0.5354535704471317,-0.9420097723172911,0,,1790896065,397.0,0
standard,36.56122694445981,1,1,0,0,6,-0.9114048265698785,1.0420171414102453,-0.8190871372094785,505.51172779,-0.8190871372094785,-0.13985376824615958,True,,234.56666666666666,-0.8837183301841914,-0.8902261931347749,1,1.0420171414102453,1.0420171414102453,16095.00687640863,3.2578953078298693e-07,67.405853919,-0.8837183301841914,-0.8902261931347749,BzG7dtU58cEguYMh27RUZ5YwrzXmaxBWm3iqBaVP7C2G,38,1780.2652353040626,5.93178400781516e-08,-0.33583334321489056,-0.39322276386543153,0.006418841183708279,3.2578953078298693e-07,0.3704161866690714,,HTZFfiQEY9jiKK3D9E3EJRuaFWjcQYX2KeAKhQ9wzBa6,-0.8466714358086442,-0.8790178407498155,-0.8902261931347749,-0.8127174133689137,-0.8179258862751362,1,,1790896106,42.0,1
dust,36.525393611126475,1,114,0,0,4,-0.9929125688381493,2.3111802933641696,-0.9765322376063048,0.06161821399999999,-0.9765322376063048,0.8152634471856173,True,,79.41666666666667,-0.9765322376063048,-0.9768307559139837,0,2.3111802933641696,2.3111802933641696,2.893969978869663,5.857873368777186e-11,0.01211994,-0.9765322376063048,-0.9768307559139837,8rVEdLTKEWUM8rfo55QkToCPRU5m9vsVCv8zLP55pump,5,0.1522587400165338,4.750011896816813e-12,,,,5.857873368777186e-11,0.8152634471856173,,EL4FJUvevrX6kimnFZjtdXgEjPmCaM9i9yopZNMoow5B,-0.9765322376063048,-0.9765322376063048,-0.9768307559139837,-0.9180545320125676,-0.9189123492813167,0,,1790896235,206770.0,0
standard,36.4626158333487,1,1,0,0,6,-0.013022083959636777,8.487635130954338,8.364086349700651,144.948629492,8.364086349700651,6.465642886709261,True,,276.65,-0.9452278045202008,-0.9452278045202008,1,39.518362375414306,39.518362375414306,16095.006840353215,3.2578953005316577e-07,67.405853768,-0.9452278045202008,-0.9452278045202008,8q8L1aEQvNucXUdSSC6VSP9E9WBmXS8jnUsGZpo8xDPo,47,41.929474394952855,1.772252418913469e-08,-0.9941383753881567,-0.994149120673025,-0.9941907101641871,3.2578953005316577e-07,0.2757799026507304,,9QnQ3jG4BrEm3uzMtWcQztkY3eiP76dnJhA6QoPhJVcG,13.219690028507388,-0.9451112409851692,-0.9452118607605277,7.953554410625804,-0.94560130834701,0,,1790896461,0.0,0
standard,36.45872694445981,1,2,0,0,6,-0.05678146769325243,2.131804185579276,1.9539757473942139,905.238668259,1.9539757473942139,1.8259822171131392,True,,227.41666666666666,0.27578250655455694,-0.9461066724740846,0,11.516404622192267,23.71512963372516,16095.006840353215,3.2578953005316577e-07,67.405853768,1.237864447418176,-0.9461066724740846,BG8KQaqNtjeMUtnazCTZjGgxB1BQteRjA4GsX8jNpump,101,128.3462777102058,1.89006399180881e-08,3.7465284140870345,-0.9804663367156055,-0.9803604080731705,3.2578953005316577e-07,0.27578250655455694,,6YjFaGeuEuNeJjXPuvSstuV7Cwe1uTFYsjZx7VEshBaA,3.53269552558778,11.408098100687226,-0.9422980324001338,1.9482732365179714,-0.9419851217594264,1,,1790896475,0.0,1
standard,36.452615833348695,1,1,0,0,6,-0.46873990407536736,1.2874606983919636,0.2152365900515416,1613.328725058,0.2152365900515416,0.3299323502125455,True,,243.05,-0.9276736350756769,-0.9276736350756769,0,1.2874606983919636,1.2874606983919636,16095.006898376168,3.257895312276462e-07,67.405854011,-0.9276736350756769,-0.9276736350756769,CAtkUo5hhw4PusDnG4b7RurGfxyuAGnDfZg6RTgupump,26,374.3607948603035,2.339784263606992e-08,-0.9399773090651192,-0.9401748995155375,-0.9409013100938621,3.257895312276462e-07,0.2905047525669433,,3npyPsPGWx4B9j95mzHj9zQt1Rqyp3qQxYP232iK843C,-0.9209709677756446,-0.9268347229813413,-0.9272810771800515,0.06404432793447357,-0.9281811096019515,0,,1790896497,54.0,0
standard,36.44733805557092,1,2221,0,0,6,-0.8969989743985303,0.25799078461025715,-0.8704256589879459,438.08622424699996,-0.8704256589879459,-0.6242377900518712,True,,248.73333333333332,-0.8953041720378572,-0.8963421024478901,1,0.25799078461025715,0.25799078461025715,16295.072411881625,3.3309024363496476e-07,68.243727948,-0.8953041720378572,-0.8963421024478901,HYdTFSQ44HVTRRCHdYGHkFtF7Mf195KBBzriGJHTfxYN,22,853.916694136199,3.4318363759460656e-08,-0.18620451413831685,-0.20001215717186815,-0.20485624518848078,3.3309024363496476e-07,0.24564352102311582,,7GduzaWSakdYbYTKS9J8teUR6Sdn1Jr4scnsUrYymUtb,-0.8929403723852334,-0.8945529862008881,-0.8963421024478901,-0.842594010979284,-0.8969697719604471,1,,1790896516,24.0,1
standard,36.44483805557092,1,1,0,0,6,-0.013551786314697112,10.788913442977105,10.629152607115419,158.349882074,10.629152607115419,9.182210426546474,True,,65.58333333333333,-0.9458226517207106,-0.9458226517207106,1,28.370441639879978,28.370441639879978,16095.006840353215,3.2578953005316577e-07,67.405853768,-0.9458226517207106,-0.9458226517207106,BkzwtWUSdhFL3PWmizSHfMWZcv17TL1iaZjfuvama5AG,47,33.90955694509561,1.8111554977147148e-08,-0.9950216937883762,-0.995092194915573,-0.9952195305673197,3.2578953005316577e-07,0.2757799026507304,,HGYSHXuvm9HwRrgLBS6Api83qBAf9GFwGnJC47UaY5vK,13.917171564565157,-0.9421065173400768,-0.9429263857072211,10.476180578325799,-0.9444071914337102,0,,1790896525,0.0,0
standard,36.43067138890425,1,117,0,1,6,-0.29578360796535685,0.6142223787995138,0.1367618595397726,389.92931700500003,0.1367618595397726,0.11534383280379079,True,,299.73333333333335,-0.3036083196262219,-0.3036083196262219,0,0.6142223787995138,0.6142223787995138,16095.007156255959,3.2578953644755926e-07,67.405855091,-0.3036083196262219,-0.3036083196262219,86Eev7RJLnxzjGqhzbomTyVdoav8GdocewueNR1bpump,145,6369.38164378644,2.8441308910183604e-07,-0.15649302764338568,-0.17316326276711336,-0.2320323009470372,3.2578953644755926e-07,0.2729183666132622,,4GbGUcG4q4S5XzGyg9CPJ7G34HUVUY2UiTphnMDHem3m,0.07834778153306465,-0.004319345088431903,-0.06659570651603353,0.33811478512094184,-0.1270036103580735,1,,1790896576,3709530.0,1
standard,36.41094916668203,1,748,0,0,6,-0.5415222433660472,0.4022606039106329,-0.35709470410288113,384.506622294,-0.35709470410288113,0.08106888333047468,True,,269.55,-0.930845198759334,-0.9337174607837984,1,0.4022606039106329,0.4022606039106329,16095.0071206781,3.2578953572740454e-07,67.405854942,-0.930845198759334,-0.9337174607837984,A9V8tmhFZsR3SMTY4cgPwALK84xus4PwSUACc7NgwGf2,50,213.40901749312889,2.0974829711942014e-08,-0.8926116897452108,-0.8969015504473175,-0.8998584499024991,3.2578953572740454e-07,0.1762432398129341,,BCfHWcfKXSjtYPn5tKPJL3kmMydSZ94zCy1Sk5BuMV1T,-0.8762858856562631,-0.930845198759334,-0.9337174607837984,-0.5043802369032451,-0.93561846710297,1,,1790896647,606.0,1
standard,36.4101158333487,1,2,0,1,6,-0.7551512299901055,0.6435780843483467,-0.5975719276320887,559.5875140429999,-0.5975719276320887,0.40687782924649984,True,,200.5,-0.9070329347387476,-0.9163262847637172,1,0.6435780843483467,0.6435780843483467,16095.006890974064,3.257895310778154e-07,67.40585398,-0.9070329347387476,-0.9163262847637172,MoLDKgucJ1XycHQwNYBsp9WzMufUwqVZAWEQ34zNKcC,67,489.39032308536275,2.6297163440994952e-08,-0.7689145689399967,-0.7920778370555974,-0.7994219002179623,3.257895310778154e-07,0.2991909318546795,,6Q1aP4sG9mnwiLoinABgu2bfk3kXKVeSrAeoFxkQMX5m,-0.5847590453115423,-0.9069638646457124,-0.9163262847637172,-0.6401063423193156,-0.919281741945496,0,,1790896650,27.0,0
standard,36.40539361112648,1,1,0,0,6,-0.8504447298179608,0.9500352966454835,-0.7083619443456719,945.7868612989998,-0.7083619443456719,0.5162240663999922,True,,185.21666666666667,-0.9291157046395702,-0.9295707019702704,0,0.9500352966454835,0.9500352966454835,16097.36561019841,3.258751402785296e-07,67.415732291,-0.9291157046395702,-0.9295707019702704,4xPEo6m2UNV3w1FZvEpm49RpXhzG95jxJ9yPbSbzpump,13,342.2605064719959,2.339737666112039e-08,-0.7569442876671508,-0.758504431557424,-0.7538092443669717,3.258751402785296e-07,0.3050483949820304,,6zxUj3YP1fMPBqnX9pxpcDZtRschDM2a8jTdbTz4ZmiY,-0.9285652922629326,-0.9291157046395702,-0.9295707019702704,-0.7027953680230186,-0.9282014067071138,0,,1790896667,0.0,0
standard,36.39344916668203,1,1,0,1,6,-0.4162554778949964,0.6342518653951921,-0.046014425835672834,416.39292827900005,-0.046014425835672834,-0.452658266684556,True,,59.5,-0.9296404309432059,-0.9296404309432059,0,0.6342518653951921,0.6342518653951921,16095.00686757386,3.257895306041566e-07,67.405853882,-0.9296404309432059,-0.9296404309432059,GdEuybJ2iGPu9gZehZN8vHfSiwDJjhofpxyEozFrpump,34,296.1247961003466,2.2828056201864544e-08,-0.9258539257647853,-0.9258539257647853,-0.9265503041670277,3.257895306041566e-07,0.300333009504852,,4wHvGxUTft3bhBW1D6MVFvsxLUsKoWRrDFd2xbJhH8Sx,-0.057629977229676665,-0.9274433958802726,-0.9292657147986879,-0.06254997435964749,-0.9299300497485867,0,,1790896710,10.0,0
standard,36.390115833348695,1,10,0,1,6,-0.1250617914060852,0.4859782914332844,0.3001391843160841,123.50991906300001,0.3001391843160841,0.28561539381010803,True,,299.3,-0.37105241518344545,-0.37105241518344545,1,1.0360655512244792,1.0360655512244792,16095.00718968482,3.257895371242146e-07,67.405855231,-0.37105241518344545,-0.37105241518344545,DRG67aZrzfeSjTa2YfFZvcioYEALwBFt4rgQckiPui8T,208,7289.643942158715,3.4731776756007826e-07,0.05227440963692764,-0.44228160704179587,-0.1800261153996311,3.257895371242146e-07,0.20362670456375942,,8JTFWsXE34YY57fh7YdoEpGXC6CGKM3zDonvrJd2uAxK,0.01757016776271092,0.6931741602732473,-0.25677587190018103,0.13832185827913746,0.06608017748481454,1,,1790896722,5222.0,1
dust,36.36678250001536,1,184,0,0,5,-0.9917002007362214,1.9202827926413155,-0.9757622390276105,1.800091885,-0.9757622390276105,-0.7147350618808279,True,,87.9,-0.9807399656836935,-0.9807399656836935,0,1.9202827926413155,1.9202827926413155,9.028620001402073,1.827541855969067e-10,0.037811841,-0.9807399656836935,-0.9807399656836935,8puCSgWB89PsgkQsf5gQD3t7rcJ3zsGBqipNWexhpump,16,0.5606262045493186,3.4868996416905323e-12,,,,1.827541855969067e-10,-0.25140005686907974,,3hSyLo9UqAbGCyAzjGSQmgV8YR6hA3wA8rFAqHCyHXVR,-0.9779170499706046,-0.9569271186312714,-0.9688505297219439,-0.9103752715450144,-0.9809202747926035,0,,1790896806,255.0,0
standard,36.31372694445981,1,1,0,0,6,-1.1454880262107281e-05,11.532407585559072,11.532264028330784,184.92843833799998,11.532264028330784,8.70602553065208,True,,19.716666666666665,-0.9456475590983113,-0.9456475590983113,0,23.710572723308186,23.710572723308186,16095.006840353215,3.2578953005316577e-07,67.405853768,-0.9456475590983113,-0.9456475590983113,8o5YLnfum8jkqPmKDdf2jfPYHe4Y5eaL7oWuuNHVpump,21,31.931726734328972,1.8352481166682544e-08,-0.9956617644472981,-0.9956617644472981,-0.9955050162308429,3.2578953005316577e-07,0.27578250655455694,,DB8tfqzBo6vydwQqQJHAawW4BoTQJqCrrwLwe7dyxTn5,18.63319186226852,-0.9456320866364494,-0.9456320866364494,10.829591374512315,-0.9436676766018613,0,,1790896997,0.0,0
standard,36.299282500015366,1,1,0,0,6,-0.848953350982211,8.48073877205587,0.4320338217320667,284.618063389,0.4320338217320667,6.590968757303528,True,,32.85,-0.944765514633337,-0.944765514633337,1,8.48073877205587,8.48073877205587,16095.006840353215,3.2578953005316577e-07,67.405853768,-0.944765514633337,-0.944765514633337,Fpzn2TdBhiKpjdUw17iFw4YKomHY1rWRFkxjSgvM9v1W,11,52.63542013076092,1.8093199339942157e-08,-0.9608907415376259,-0.9608907415376259,-0.9612184672507483,3.2578953005316577e-07,0.2757799026507304,,78RxvhaJRpGniApBMEuupxC3t5f6um2Ee4J8Rtr56Ye9,-0.944765514633337,-0.9439942191390193,-0.9439942191390193,8.098781571937275,-0.9444635334444618,0,,1790897049,0.0,0
standard,36.22706027779314,1,1,0,0,6,-0.8046624047630906,0.41824038909000993,-0.7229643329272987,184.44609031400003,-0.7229643329272987,0.3397507311973227,True,,132.51666666666668,-0.9285849084568129,-0.9286084232599803,0,0.41824038909000993,0.41824038909000993,16600.89326521082,3.4440442143001765e-07,69.524505019,-0.9285849084568129,-0.9286084232599803,DTThVEoGQ3ntj6xAJrXCmpwvMRejz3uigLgdED4ppump,9,399.76515742150264,2.4448999992446864e-08,-0.7422169776989548,-0.7423018577557932,-0.7437542352494393,3.4440442143001765e-07,0.3507489598682856,,AQeqoVmgQBqn3d6kUz4gJio88v54icbnK8A5UuiXEeRH,-0.928555353495119,-0.9285849084568129,-0.9286084232599803,-0.7025377330797273,-0.9290107836277739,0,,1790897309,0.0,0
dust,36.22678250001537,1,202,0,0,3,-0.07571522272127762,0.051441555278644246,-0.028168576257684874,0.031663679,-0.028168576257684874,-0.09038130191133897,True,,155.5,-0.8057328197153799,-0.8493824293583611,0,0.051441555278644246,0.051441555278644246,16.772017274724163,3.394933397776704e-10,0.070241172,-0.8057328197153799,-0.8493824293583611,HYfy1xRs3EHVbsNfvQdyzSGgrwxvqqn1YWMiP5Twpump,21,3.2011506536160486,4.16943941978006e-11,,,,3.394933397776704e-10,0.0008157586262929062,,892VBGGgg7Zks7r1kcpAcUNS17KGwu9QEYzPFazJ883R,-0.0003348317118293531,-0.602897993922162,-0.8493824293583611,-0.028168576257684874,-0.8771864148348074,0,,1790897310,2261.0,0
standard,36.21872694445981,1,1,0,1,6,0.0,0.8888306822521777,0.8888306822521777,289.851295625,0.8888306822521777,0.29927492364637853,True,,161.01666666666668,-0.9320249126347772,-0.9320249126347772,0,1.3626664525542167,1.3626664525542167,16095.007083190018,3.257895349685839e-07,67.405854785,-0.9320249126347772,-0.9320249126347772,9Ss1fyCM32dvCJJP3R4TQj5Wgx27A4jcbcaGWJAcpump,40,312.5381952973088,2.25430825704553e-08,-0.9598312647821008,-0.9599695478942654,-0.9633661010467662,3.257895349685839e-07,0.29927492364637853,,5UUeF1N49uzFQAfebbn4uppvtJngL77Jku5EJzDZ3NXe,-0.9319735467309036,-0.9239841775324292,-0.9243892538382622,0.763678873002541,-0.9308047676466061,1,,1790897339,799.0,1
standard,36.1976158333487,1,972,0,0,6,-0.501477667080938,1.3791567041667352,0.18606275054122756,1239.8287319820001,0.18606275054122756,0.8035524879031781,True,,299.75,-0.7821521265204374,-0.8851067903369165,0,1.3791567041667352,1.3791567041667352,16095.007045224384,3.257895342000967e-07,67.405854626,-0.7821521265204374,-0.8851067903369165,Cj2CVoXyAN4m9FfAQfJuGeUN33um3vTxSo8zDmLRpump,135,335.9163332511072,2.283925802273273e-08,-0.751734028715924,-0.9029118473349748,-0.9408932343100693,3.257895342000967e-07,0.2365006751570886,,Fehi5fMcAYsGufnN2opG5qebp4D1PZNo4gHA3sswqgNb,0.5889635576767411,-0.6382480866896061,-0.8834173034649778,-0.07158362450923028,-0.929895666910205,1,,1790897415,229.0,1
dust,36.19539361112648,1,52,0,0,4,-0.9848410263324419,0.3317632840376805,-0.979811835445852,4.187236277,-0.979811835445852,-0.7659566288282571,True,,87.61666666666666,-0.979811835445852,-0.979811835445852,0,0.3317632840376805,0.3317632840376805,41.553051587723395,8.411024166263895e-10,0.17402409,-0.979811835445852,-0.979811835445852,EiTpyiXod5CMjUaac5kAmo9eGAezDLwAhXpfbxxBpump,15,2.369710053707575,1.2425039354232554e-11,,,,8.411024166263895e-10,0.00036055977316151733,,5nZkG5vmgEwJGTKDMP4zTx4KniWbuKoVim6RyqV9jpfb,-0.9758846339017165,-0.968766412803162,-0.9756936699546831,-0.979811835445852,-0.9852276736951148,1,,1790897423,214.0,1
standard,36.187893611126476,1,1,0,0,6,-0.0009735290028607402,12.893377260781364,12.879851655070306,192.606697308,12.879851655070306,10.066360187196771,True,,16.166666666666668,-0.9458144826908713,-0.9458144826908713,1,13.356207572036526,13.356207572036526,16095.006840353215,3.2578953005316577e-07,67.405853768,-0.9458144826908713,-0.9458144826908713,95duKZbJxftmEeGK8u9JW7CaeoMy47MghJMS5rR55cau,17,31.988520312450273,1.7653272497841302e-08,-0.9960606411131657,-0.9960606411131657,-0.9960960587142138,3.2578953005316577e-07,0.2757799026507304,,EcWdT4pWgsW5dnX7CcqzJYS6JtheUt56jsDHRs1JTDFA,-0.9447108288451178,-0.9453222830346574,-0.9453222830346574,12.020898499888391,-0.9458138740831835,0,,1790897450,0.0,0
standard,36.17206027779314,1,718,0,0,6,-0.9208758345215279,0.9407599913081088,-0.8464389852937392,400.54132482600005,-0.8464389852937392,-0.04321034891253939,True,,42.21666666666667,-0.8795908557514239,-0.8795908557514239,1,0.9407599913081088,0.9407599913081088,16095.006869006524,3.257895306331561e-07,67.405853888,-0.8795908557514239,-0.8795908557514239,6anmKB79WynWd4weo22GGxc4iYGhKNPA57K9MbzKzouT,16,1032.405698754113,3.842301834641201e-08,-0.2158872844198071,-0.2158872844198071,-0.2319784944566683,3.257895306331561e-07,0.22685723073594732,,2qREz9jDrcijVXjkfQFvwdHuHXMDadfo6N2wzoVGewz3,-0.878916497759931,-0.8795908557514239,-0.8795908557514239,-0.8387356032685978,-0.8820618382925358,1,,1790897507,24.0,1
standard,36.14594916668203,1,2221,0,0,6,-0.8889201996194888,0.27383161144565915,-0.8585030388822312,190.012565308,-0.8585030388822312,-0.8525765863938135,True,,26.65,-0.8955929685152755,-0.8955929685152755,1,0.27383161144565915,0.27383161144565915,16095.006879751518,3.2578953085065253e-07,67.405853933,-0.8807286599340048,-0.8807286599340048,AqBcAUNk1vKrVTaJUuspwh3NzsTdoePAejTQ2pb1VWdQ,9,1249.7961009567778,4.447471224867349e-08,-0.05220027121507642,-0.05220027121507642,-0.03521862728158376,3.2578953085065253e-07,0.24396592751330348,,FQy6BGejjhGpuxskyKaQ8G7MBVHVJSGrcZvbW9SQLgA3,-0.8683584130338751,-0.865889218628688,-0.865889218628688,-0.8712777425154266,-0.8634863676173147,1,,1790897601,28.0,1
standard,36.14344916668203,1,1,0,0,6,-0.40895384584199623,1.9764713476262834,0.7592319429760055,2461.598180133,0.7592319429760055,0.4680779713039658,True,,256.5,-0.9371702863086633,-0.9373470076856222,0,1.9764713476262834,1.9764713476262834,16097.36561019841,3.258751402785296e-07,67.415732291,-0.9371702863086633,-0.9373470076856222,DAqLQ52CSTa11TN3BxybhqNQ6oqmvWzk3yQth7Tapump,25,235.79588984634034,2.022747720923659e-08,-0.9638291447455893,-0.9643861671768017,-0.9647168470501027,3.258751402785296e-07,0.26094264356958674,,8vQbzM586i3s14de4A5J44KjwC4mhMofNMqSvf9KPLd3,-0.9369855998939749,-0.9363670760316793,-0.9373470076856222,1.2559024456030046,-0.9379287502816327,0,,1790897610,0.0,0
dust,36.13983805557092,1,21,0,0,3,-0.20223277358592484,1.2519894936210654,0.7965634122397149,0.078680495,0.7965634122397149,1.0745222344474046,True,,23.283333333333335,0.10747679255860043,0.10747679255860043,0,1.2519894936210654,1.2519894936210654,21.987723173226325,4.4506784436926047e-10,0.092084537,0.5474926693036448,0.5474926693036448,xFtb8kMb3A4sF64N8Xdd5RJPHaxApe6DyCHiihZpump,7,12.012191708537486,6.829677656523301e-10,,,,4.4506784436926047e-10,0.10747679255860043,,EP772u9U2UE4WxppYVyn4zcnVHDLyULhRyMumNw74m7U,1.1470979010511004,0.5474926693036448,0.5474926693036448,0.7965634122397149,0.5345250713859495,0,,1790897623,2073885.0,0
standard,36.114282500015364,1,1,1,1,6,-0.0984745733527449,0.9134612038310681,0.7250339281567739,321.091106339,0.7250339281567739,0.39720772023264295,True,,206.75,0.26697468390370926,0.26697468390370926,0,0.9134612038310681,0.9134612038310681,16095.006869484081,3.257895306428226e-07,67.40585389,0.30471450130243616,0.30471450130243616,3TtCNtvNLPTe21RnA8WbC2QRUYCABDZEqdLRPeErpump,33,480.20160358195125,2.5580902618355387e-08,-0.06783748149398994,-0.2218749748339538,-0.9544822171952644,3.257895306428226e-07,0.26697468390370926,,rntGzi9ph9Sd2LbpjQ5RCEvbb7nsXp13kS8jfWSHwoW,0.4569222693182542,0.5943380928768534,0.3422920687592732,0.8790525326536356,-0.9214802803273601,0,,1790897715,255.0,0
standard,36.052615833348696,1,1,0,0,6,-0.8651105041990992,1.3675098662852165,-0.680647787833129,552.6784182729999,-0.680647787833129,0.38717907544746155,True,,256.05,-0.9291735103488539,-0.9291735103488539,0,1.3675098662852165,1.3675098662852165,16095.00684465121,3.257895301401643e-07,67.405853786,-0.9291735103488539,-0.9291735103488539,8Wy3vpx8ABKZVvgN2VWmzF9S1v8UPPvCJ73r6LzQpump,18,328.9628764994172,2.293383996022552e-08,-0.7782182588604173,-0.7782182588604173,-0.7795704950335312,3.257895301401643e-07,0.3764900299166589,,22CPK9ZtiFL3p5YFZeRNgZtrNGvWGkHWGZS47qiqTHYU,-0.9290336850606793,-0.9291735103488539,-0.9291735103488539,-0.6854583194761462,-0.9296053499621099,0,,1790897937,21.0,0
dust,36.04289361112647,1,202,0,0,5,-0.9347395797993158,0.12781251352796152,-0.9263984814595754,2.2020776939999998,-0.9263984814595754,-0.30129799100525423,True,,61.46666666666667,-0.9741399659095307,-0.9813384104930107,0,0.12781251352796152,0.12781251352796152,21.820546630177773,4.416839149347511e-10,0.091384402,-0.9741399659095307,-0.9813384104930107,FS9AgYmr7dYkq11Xk7ix3SCLLZMLBJfUKPWfeVBNpump,9,1.3374941712635908,1.0188147713253775e-11,,,,4.416839149347511e-10,0.0004118903416185926,,54jtDZv59jCErutVex8tZ2TsCuLj7QVFmgLFX1WNotch,-0.9582193749701702,-0.9741399659095307,-0.9771793812139814,-0.9487098271871324,-0.976933396556316,0,,1790897972,229.0,0
standard,36.03039361112648,1,1,0,1,6,-0.706768427438992,0.774616380406788,-0.4796264480807937,481.720387401,-0.4796264480807937,0.3406028432987509,True,,261.71666666666664,-0.9178847676829975,-0.9225790216170796,0,0.774616380406788,0.774616380406788,16095.007025405843,3.257895337989367e-07,67.405854543,-0.9178847676829975,-0.9225790216170796,2BXaEcKtxvhKtacGtbPGurLA8soh4gydQLQkMDwHpump,66,324.9977162473288,2.3071420548320786e-08,-0.8422571181513561,-0.8512203817865422,-0.863911322996733,3.257895337989367e-07,0.2358819028564605,,4ahB7hab86dwRVLJf1HNYEiLQ9XLpPwGdx6CKLjq8juZ,-0.35368359567449903,-0.9178847676829975,-0.9225790216170796,-0.38265524913572146,-0.9291830517718244,0,,1790898017,913.0,0
standard,36.02789361112647,1,1,0,0,6,-0.8437962639362657,0.6539117995955934,-0.7416527977832741,281.904067412,-0.7416527977832741,0.495921245333238,True,,11.566666666666666,-0.9276984000635466,-0.9276984000635466,0,0.6539117995955934,0.6539117995955934,16095.006841547105,3.2578953007733204e-07,67.405853773,-0.9276984000635466,-0.9276984000635466,2rf6FLhfvfp9pnVwneTttduBNmeUTGFparS9RWJHpump,9,342.93996370738506,2.335522795425398e-08,-0.7201378636343816,-0.7201378636343816,-0.7225126275623086,3.2578953007733204e-07,0.3088195334206638,,CDp9eXGJC1v6ZpVG2jBz9DALi5YjAKJuPUZMcSmoP8QH,-0.9276984000635466,-0.9276984000635466,-0.9276984000635466,-0.6955402697194382,-0.9283119136802518,1,,1790898026,1.0,1
standard,35.96594916668203,1,40,0,1,6,-0.4448761087206081,0.5479263426060133,-0.14070910527867275,302.663678197,-0.14070910527867275,0.513708311536361,True,,298.85,-0.9107196154037638,-0.9309043997605254,1,0.5479263426060133,0.5479263426060133,16095.007128796537,3.257895358917351e-07,67.405854976,-0.9107196154037638,-0.9309043997605254,EhiPqEwxL4W1Gc9JMtnzvSPpZ9C8jXNkbaZzR4ZSvqap,52,145.62503668958976,1.978526327383549e-08,-0.9050607014172077,-0.9195899774291421,-0.9293252155363949,3.257895358917351e-07,0.26185305824139893,,EPaEogn1T2tk4tzwwq7d5rLsukXWV5CaXxVBT2JrLpgp,-0.8946328248222175,-0.8988096381801589,-0.9309043997605254,0.10889498407049625,-0.9392698012240318,1,,1790898249,1252.0,1
dust,35.965671388904255,1,202,0,0,4,-0.43382037383021443,0.043623128186978555,-0.40912184742095425,0.175755923,-0.40912184742095425,-0.20484947918577967,True,,225.83333333333334,-0.7381225510045559,-0.8447732350976939,0,0.043623128186978555,0.043623128186978555,71.81726829866292,1.4537001643305946e-09,0.300770564,-0.7381225510045559,-0.8447732350976939,8s6j24eriN2wbHgtsSFAdHCyMQnJQruk2BMwv2a7pump,25,8.25931806337033,8.130375370049388e-11,,,,1.4537001643305946e-09,0.0003366398722948194,,jL7Bpw7BFLQ1QiQATE57LHx8JyzXqdfRv4PkK43L4Db,-0.5781659882353822,-0.7060844446893644,-0.8447732350976939,-0.40912184742095425,-0.9440711670154258,0,,1790898250,2585.0,0
standard,35.93483805557092,1,1,0,0,6,0.0,8.303034956784085,8.303034956784085,137.902932473,8.303034956784085,6.813354362964387,True,,148.98333333333332,-0.944831503505937,-0.944831503505937,1,25.69342621752959,25.69342621752959,16095.006840353215,3.2578953005316577e-07,67.405853768,-0.944831503505937,-0.944831503505937,C6WC7y8kPcE747eiHfQTfimiSebr5i9jrN66fBKnCk9h,27,50.68568206715778,1.815855386878232e-08,-0.9939592794823233,-0.9940359705834565,-0.9940087218481264,3.2578953005316577e-07,0.2757799026507304,,AkLfj6Y3MisC29dWgymr4sZBpEJAfrjUsesRDAe1QMqB,17.51562005382163,-0.9438029658598914,-0.9445164258546075,7.819517102954455,-0.9442629299173027,0,,1790898361,0.0,0
standard,35.89122694445981,1,1,0,0,6,-0.824553422956747,0.8551702094211278,-0.6745167369244485,903.695804755,-0.6745167369244485,0.5252666856898285,True,,33.36666666666667,-0.9293011375071331,-0.9293011375071331,0,0.8551702094211278,0.8551702094211278,16095.006843934878,3.257895301256646e-07,67.405853783,-0.9293011375071331,-0.9293011375071331,7xYQsYDYvdgTmA6GQcdCPmzFJdTeGX5Qc4zwurJpump,15,346.3313937891585,2.305158311500891e-08,-0.7791749457405514,-0.7791749457405514,-0.7826122977138008,3.257895301256646e-07,0.273612261474818,,B5u2khXr7YhsUUT77ySNNdKGbZcvHTZtRJW7yg6zD3sF,-0.9285062454925416,-0.9281251407707989,-0.9281251407707989,-0.71522358461281,-0.9292439413073914,0,,1790898518,16.0,0
standard,35.89067138890425,1,6,0,1,6,-0.8912647840394329,1.1055488549558863,-0.7710526905408468,985.028957428,-0.7710526905408468,-0.24773390572407672,True,,253.33333333333334,-0.9221047251446235,-0.9245900059483905,0,1.1055488549558863,1.1055488549558863,16095.007089637013,3.257895350990817e-07,67.405854812,-0.9221047251446235,-0.9245900059483905,Dh4EMF5SdYBXX6NGY6q4ByYBHE5odCZ5YxC6Ej9fpump,49,294.50422395887745,2.2323885423330475e-08,-0.6603381361697279,-0.6706229296611865,-0.7007066200924607,3.257895350990817e-07,0.24064363641554332,,7mgc85MRhLCpbM2UdCURaN7ZZ9rh7uXGXrF4HmZo1LvH,-0.8557078725466173,-0.9221047251446235,-0.9245900059483905,-0.48957112686803816,-0.9314775859312328,0,,1790898520,568.0,0
standard,35.878171388904256,1,3,0,0,6,-0.014121578001688007,10.977328720065394,10.808189938293133,181.713654697,10.808189938293133,9.289340724185271,True,,41.583333333333336,-0.9455493755805658,-0.9455493755805658,0,15.987406998525586,15.987406998525586,16095.006840353215,3.2578953005316577e-07,67.405853768,-0.9455493755805658,-0.9455493755805658,7Kg5GQ9KAbXiY5jkJTsp1nZFUvJvtioYmvrBWb2upump,22,33.7694336656155,1.762114354223295e-08,-0.9953843387353992,-0.9953843387353992,-0.9954194921108711,3.2578953005316577e-07,0.27578250655455694,,GJiFyJKnCNyazkK3V8tr5zcwQjaLgy8p2rVFe1ypY641,1.6028465498062898,-0.9454973950967711,-0.9454973950967711,10.723137348678456,-0.9459124928313155,0,,1790898565,0.0,0
standard,35.8701158333487,1,1,0,0,6,-0.127587714195451,1.8466751452609835,1.4834743704201312,1854.558466969,1.4834743704201312,0.2912158954853812,True,,123.1,-0.9423756942750139,-0.9428263563240905,0,1.8466751452609835,1.8466751452609835,16898.926800756857,3.5560704237272653e-07,70.77266882,-0.9423756942750139,-0.9428263563240905,G9MVeAUrBy7WN7GsNFPU74oqe5MBDoSbKqPvTQJtpump,26,230.01518406267257,2.0167964853240075e-08,-0.9761988732138065,-0.9769783637162169,-0.9771633686933641,3.5560704237272653e-07,0.19566152456698882,,Huoe8bpaUCa6owme8LkAsJ3bU7zsnsM3YxjZAJRuM3CM,-0.9412807236509912,-0.9408905116393684,-0.9428263563240905,1.0100506167110233,-0.9432858114432358,0,,1790898594,0.0,0
standard,35.857060277793146,1,1,0,0,6,-0.0003399217246795594,12.301941914885761,12.297420295848466,183.91312062199998,12.297420295848466,10.164329313497122,True,,13.316666666666666,-0.9455931793232545,-0.9455931793232545,1,18.021648008340843,18.021648008340843,16095.006840353215,3.2578953005316577e-07,67.405853768,-0.9455931793232545,-0.9455931793232545,6fMxsRRu8s4Y1zy61MZbJtWZNhHN2YsBr4P4CWNCYxmV,15,34.255326970565285,1.7736135515054107e-08,-0.9958527510018127,-0.9958527510018127,-0.9959059373962265,3.2578953005316577e-07,0.2757799026507304,,3XmgsUcLsggMgRvyAXzPgaNyWKhcwUExdE9f4oDtetfC,-0.9448522869995668,-0.9448522869995668,-0.9448522869995668,11.614374719131634,-0.9455595288401081,0,,1790898641,0.0,0
standard,35.85206027779314,1,1,0,0,6,-0.8508406566307,0.2464368593629911,-0.8140822965061236,200.30633663400002,-0.8140822965061236,-0.1114649694439227,True,,67.01666666666667,-0.8773004951838007,-0.8773004951838007,0,0.2464368593629911,0.2464368593629911,16095.006952817459,3.2578953232962785e-07,67.405854239,-0.8773004951838007,-0.8773004951838007,DBQqXnVHLGXruKf75BP3GvF9DaPnEGJSLUsnzQgepump,14,1528.7177692478654,5.228739615619239e-08,-0.07799314552888426,-0.07904270581783912,-0.13674492022941387,3.2578953232962785e-07,-0.1114649694439227,,2ZjJckqbq5a9qziCo9X6jBiuiw8BVCPkwMZ5SLLYJx7X,-0.8218616039285982,-0.8285826030111174,-0.8287777348497183,-0.8237314545543026,-0.8395055980396295,0,,1790898659,168534.0,0
dust,35.84289361112648,1,17,0,0,6,-0.9964788548875368,2.606280616030649,-0.9873017626346932,48.139711940999995,-0.9873017626346932,-0.9077771010958559,True,,186.46666666666667,-0.9884067041733537,-0.9888259709247473,0,2.606280616030649,2.606280616030649,615.3544702796632,1.245579114548091e-08,2.577103188,-0.9884067041733537,-0.9888259709247473,E5QTP2mB49VJeyR1BMLqLhEyCy6Ukpc8ggVh4VNbpump,12,31.724590009106485,1.344777471570635e-10,,,,1.245579114548091e-08,0.00026492810085265717,,FiRyKUfVWrKhqBt43DU834eCs6iHwAXL73Q8hHqS9ttq,-0.9876992133186387,-0.9884067041733537,-0.9888259709247473,-0.9850748530691488,-0.989203596496891,0,,1790898692,386.0,0
dust,35.79067138890425,1,21,0,0,4,-0.04107692407683183,0.30517477920476765,0.25156221389237765,0.05090422,0.25156221389237765,0.30517477920476765,True,,35.333333333333336,0.045635463985913116,0.045635463985913116,0,0.30517477920476765,0.30517477920476765,24.808065129278685,5.021562252295795e-10,0.103896123,0.045635463985913116,0.045635463985913116,FweN1UkJwb2prYscKFmiMnbJVvcRRKoVsXw5aSfdpump,5,12.09912327716334,5.21999985881815e-10,,,,5.021562252295795e-10,0.09528088956184688,,3JboHGVXFguPvTpnR437fM5ELjn1pqCDk7MTvVR5Cy9H,0.25156221389237765,0.045635463985913116,0.045635463985913116,0.26763822668730475,0.03951710574366207,0,,1790898880,2074078.0,0
dust,35.77900472223759,1,21,0,0,1,-0.1603432074254858,0.4219719827179156,0.19396843413974763,0.009989745,0.19396843413974763,0.19396843413974763,True,,174.63333333333333,0.0004944037412095703,0.0004944037412095703,0,0.6149255050751137,1.0872479358762344,12.37443572506457,2.504790236829386e-10,0.05182411,0.19396843413974763,0.19396843413974763,2V18b7SWYcWVqNCtN6EBWFJMNofZre19wcia9h77pump,5,11.769040166087256,5.247572754715567e-10,,,,2.504790236829386e-10,0.0004944037412095703,,DBYV3pXRyFNZHYT7fjGhJX9Jb3BbKqt5AC1gEiF9f6qm,0.19396843413974763,0.25690108215734186,1.0872479358762344,0.19396843413974763,1.095014854959691,0,,1790898922,2075395.0,0
standard,35.77317138890425,1,2,0,0,6,-0.012496145548305693,12.212027796165158,12.046928373836018,195.95653900899998,12.046928373836018,8.632569808662689,True,,23.283333333333335,-0.9455693142031137,-0.9455693142031137,0,25.76987319464336,25.76987319464336,16095.006840353215,3.2578953005316577e-07,67.405853768,-0.9455693142031137,-0.9455693142031137,4t8fUXY7rdhkVyA2VCXB83bm8aDuX1QwCAQ5ARYQpump,23,32.220998389253836,1.7651842630022998e-08,-0.9958181970444557,-0.9958181970444557,-0.9958471652918462,3.2578953005316577e-07,0.27578250655455694,,6JLrguyzC2VQGqPHng4oGkGzUpvffmy5Y41bGH7T1jpE,20.347888180194566,-0.9454403163655188,-0.9454403163655188,11.31821766563429,-0.9458182630143381,0,,1790898943,0.0,0
standard,35.75650472223759,1,2,0,0,6,-0.16332765140812278,2.522906093735813,1.9475181153145784,2180.061507943,1.9475181153145784,0.3904397744089887,True,,209.28333333333333,-0.934517671107592,-0.9346021183270904,0,5.61281559344807,5.61281559344807,16095.006841547105,3.2578953007733204e-07,67.405853773,-0.934517671107592,-0.9346021183270904,EeFj8FtVxLhh5gK9EQSHdwdo3vYTLotvw3VDNmudpump,31,332.1171777739646,2.117599021953719e-08,-0.9777367386237398,-0.9778125598844946,-0.9779478914531432,3.2578953007733204e-07,0.3313107990964259,,ASWos1t6oHJZNLNEDYxhezLvMCNYzKmzcXM87T8bEp2W,-0.9342481293734296,-0.934156281940622,-0.9346021183270904,2.057013818226721,-0.9350010105772562,0,,1790899003,6.0,0
standard,35.7526158333487,1,1,0,1,6,-0.13651670777211078,2.435195705488693,1.9662340972224834,2878.2916405339997,1.9662340972224834,0.26994096613897334,True,,213.05,-0.9298042788941034,-0.9298042788941034,0,10.808434595134996,10.808434595134996,16097.365610437188,3.2587514028336185e-07,67.415732292,-0.9298042788941034,-0.9298042788941034,J2AygNiQAkvucTLDja1W1L4VxAT4QvtorAHBqXdcpump,49,585.3223999317646,2.289469592651637e-08,-0.9762375303920519,-0.975925272685282,-0.9763147362148961,3.2587514028336185e-07,0.2609426436033384,,CbjSjD7C3SbbZv5AY4tn6oro7xtiJK2uT4CpgegoyxbE,8.497171853143428,-0.9295095785565503,-0.9285887229577499,1.8162902967697834,-0.9297439629589158,0,,1790899017,0.0,0
dust,35.73178250001536,1,6,0,0,5,-0.7988710805463304,1.6817437155284445,-0.4606237842440949,0.15791014199999998,-0.4606237842440949,1.6817437155284445,True,,29.8,-0.9887584989250402,-0.9887584989250402,0,1.6817437155284445,1.6817437155284445,12.942089791482896,2.619692798453359e-10,0.054201444,-0.9887584989250402,-0.9887584989250402,7nDtojxKGwH6UxevDytR52Lk5nPuFVyhHkVMsxKwpump,16,0.6705608238117227,4.228548483207448e-12,,,,2.619692798453359e-10,0.1824557953331798,,GsHqAshBzjuBEYQvS9gk8K9jGEP7h9wabxb3pqJwZNT8,-0.28525864431042136,-0.9698976431704178,-0.9698976431704178,-0.46386783938584186,-0.9838586093541046,0,,1790899092,186045.0,0
standard,35.727893611126476,1,1,0,0,6,-0.727117862874782,6.444279266913732,1.0314108357123706,246.482276169,1.0314108357123706,4.543170769413194,True,,7.566666666666666,-0.9440967258318351,-0.9440967258318351,1,6.444279266913732,6.444279266913732,16095.006840353215,3.2578953005316577e-07,67.405853768,-0.9440967258318351,-0.9440967258318351,6noEqCUp5AG64NmAhiopJhSiXu5JCEMwC1HsEE4uAHnS,8,56.75990873061247,1.8561147941791993e-08,-0.9724522626501535,-0.9724522626501535,-0.9719540636284311,3.2578953005316577e-07,0.2757799026507304,,2FGKyV8WzMz976iSideoMQjGEpdm9notsQ1PcNBD39nr,-0.9440392278481635,-0.9440392278481635,-0.9440392278481635,0.934170751410057,-0.9430271809570953,0,,1790899106,0.0,0
standard,35.674282500015366,0,1,0,0,4,-0.001173783951408991,207.89736083653582,207.6521604668942,5.814236663,207.6521604668942,204.23072403966592,True,1,300.35,202.0130050984547,202.0130050984547,0,213.8904750756075,234.67002844834124,16095.006840353215,3.2578953005316577e-07,67.405853768,203.3032271846875,203.3032271846875,sHRPPsSW8fAkr8dLVaSxweT22koSKQaxcYx4jEcpump,300,27.803721520333482,1.7803471885091734e-08,,,,3.2578953005316577e-07,203.02156815172862,1,94qC4pCs8NKQLvmmANC22EEJ9455N3kCrwxxQFn4SjVg,208.60171146493462,213.83419921889381,234.55731880559242,206.9432262886,-0.9453528421180805,0,1,1790899299,0.0,0
standard,35.66372694445981,1,1,0,0,6,-0.053294329534601115,5.426474387768095,5.0839797440007075,252.51562292799997,5.0839797440007075,0.9871976629887644,True,,207.71666666666667,0.2618600236199482,-0.9402741444016218,0,6.343164008108837,6.343164008108837,16095.006854441093,3.257895303383277e-07,67.405853827,0.7900783163895104,-0.9402741444016218,4bAdGJBAnyAbtuDq27da1szAfYTtP8nSvPLtbRBLpump,41,70.46240112282344,1.8638369977890018e-08,-0.7014229186939231,-0.9901830942719241,-0.9905966403831966,3.257895303383277e-07,0.2882156913386196,,8uP3woCUo7cnWZ5ZH3T8xrkNAuFhzrbEHBxR2fmsR18G,3.672652907585557,0.816536914689024,-0.9402741444016218,1.9109004863295231,-0.9427901505658136,0,,1790899337,1054.0,0
standard,35.64400472223759,1,4,0,0,6,-0.6944285558099794,9.516648886681056,2.2135875883425022,276.08459536400005,2.2135875883425022,8.66580448304321,True,,20.533333333333335,-0.945039721737853,-0.945039721737853,0,9.516648886681056,9.516648886681056,16095.006840353215,3.2578953005316577e-07,67.405853768,-0.945039721737853,-0.945039721737853,CRjLNeeky7SnnpphgMsq57o35ppb5n4PNAwMkToPpump,22,46.2876547372966,1.858131198722393e-08,-0.9828975321968758,-0.9828975321968758,-0.982252012638848,3.2578953005316577e-07,0.27578250655455694,,GN9NdqCQ62yDvyv76zc8jhzke8JqjxTDBhnEMyWPwp5n,6.298374914733191,-0.945039721737853,-0.945039721737853,1.8664859300028889,-0.9429652880981423,1,,1790899408,0.0,1
standard,35.58844916668203,1,1,0,0,6,-0.7704798837353234,7.395500281979647,0.9269362008200939,245.42951064099998,0.9269362008200939,6.248006745747981,True,,82.2,-0.9457797278071832,-0.9457797278071832,1,7.395500281979647,7.395500281979647,16095.006840353215,3.2578953005316577e-07,67.405853768,-0.9457797278071832,-0.9457797278071832,G1nuxmpk7kpDMEPx4A2yQYPgGuhCJtcet95vML25CDQ3,11,34.86165596356999,1.7953794654277925e-08,-0.9711777228119663,-0.9715293152300087,-0.9714009376437741,3.2578953005316577e-07,6.251229252238962,,5hs6h6DMgYriEMKZyGUmGagaYj5T5XftcrfKMa7ErPiJ,-0.9444613106963068,-0.9444613106963068,-0.9451388068545666,7.276798257572727,-0.9448914314362772,0,,1790899608,0.0,0
standard,35.546504722237586,1,4,0,1,6,-0.253489686195818,2.84358530863906,1.8692760748852888,2453.590471688,1.8692760748852888,0.46018511093160797,True,,295.68333333333334,-0.7610025983679931,-0.8911291013967055,1,2.84358530863906,2.84358530863906,16095.007055969372,3.25789534417593e-07,67.405854671,-0.7610025983679931,-0.8911291013967055,2bN51Rmq9bxXoafZMP6m26HfiEB8uqxdD4SpuyPCCASH,208,424.2405711241283,2.3438379957064886e-08,-0.47393040991056634,-0.9632801066700686,-0.9749263173851959,3.25789534417593e-07,0.24358716275039605,,HiNZvNqK9LKvCfFpJyg1sVEFKN2FiQsQrNsohdseQpnY,-0.1764788262345489,0.45207181202971025,-0.8911291013967055,2.2561325433862516,-0.9280566823640755,1,,1790899759,228.0,1
standard,35.5401158333487,1,2,0,0,6,-0.001730510736009272,11.365896836432581,11.344497519196752,183.16266471600002,11.344497519196752,9.585775148383126,True,,36.3,-0.9455478928223033,-0.9455478928223033,0,32.823374970058595,32.823374970058595,16095.006840353215,3.2578953005316577e-07,67.405853768,-0.9455478928223033,-0.9455478928223033,6yMqDqvjFynGHTyReem2KtALrGBrr8FU3NpoZg8Npump,38,35.599223075016035,1.768433032099658e-08,-0.9955843264203638,-0.9955843264203638,-0.9956027811763489,3.2578953005316577e-07,0.27578250655455694,,9ZCVnE1ywAfEEd3ku3mPjkRv3kX1gS2oJncy1FvUbYck,14.430880560435615,-0.9454907284505973,-0.9454907284505973,10.70963952194215,-0.9457185431400738,0,,1790899782,0.0,0
standard,35.52983805557092,1,1,0,0,6,-0.01364041025238183,12.8955849515986,12.706043472161973,190.801466188,12.706043472161973,10.273009374358967,True,,44.68333333333333,-0.9457641473036881,-0.9457641473036881,1,22.63860459029342,22.63860459029342,16095.006840353215,3.2578953005316577e-07,67.405853768,-0.9457641473036881,-0.9457641473036881,2GhwZN5SuRkuCwVcq3zquXeiKMvjvfqgCAdbkhr2a7E1,22,37.20365043448202,1.813989149041973e-08,-0.995973996643354,-0.995973996643354,-0.9959375740596932,3.2578953005316577e-07,0.2757799026507304,,Fq5GPy6XJJvMbcn5epeCzABMPSV1CpwBhjgzkpb53ojM,1.462321034401111,-0.9448194229747399,-0.9448194229747399,12.277702330939304,-0.944320213459716,0,,1790899819,0.0,0
dust,35.51483805557092,1,19,0,0,5,-0.5663889738828964,0.035752770403501,-0.5508861784217051,1.584018001,-0.5508861784217051,-0.449707467535126,True,,177.78333333333333,-0.9629217126431553,-0.9866582345326941,0,0.035752770403501,0.035752770403501,135.70074739167393,2.746807327211213e-09,0.568314436,-0.9629217126431553,-0.9866582345326941,ENSjmsDheGpTeSKjsX1ssKEg4nZKnESLARSj9efCpump,33,7.889165293004394,4.042695512570877e-11,,,,2.746807327211213e-09,0.03536026320079011,,As1v1w5gU8pgd4gV1rTygZMkwwU8Dk1H4WFmphcQCDJ1,-0.9540118240441159,-0.8212585170487251,-0.9866582345326941,-0.5508861784217051,-0.9852822020950579,0,,1790899873,57433.0,0
dust,35.50983805557092,1,33,0,0,6,-0.9002867745692196,1.988725190911607,-0.7019845712879786,0.912739172,-0.7019845712879786,0.4294407696914915,True,,116.48333333333333,-0.9787751470500436,-0.9800793954306384,0,1.988725190911607,1.988725190911607,23.25890625698319,4.707986901884969e-10,0.097408249,-0.9787751470500436,-0.9800793954306384,JA8nzF69YkbRnB64GgmihEG9dmvBzj5SAQqXZyPkpump,25,1.5280657080348705,9.392714535607737e-12,,,,4.707986901884969e-10,0.0004052057276022758,,A7KCWHnGsfVRkV85E2wyRizCEhcL1gtk8w2AjEUmh5mB,-0.7982603981591365,-0.9680668509444631,-0.9800793954306384,-0.7584096140724967,-0.9800494038506201,0,,1790899891,159762.0,0
standard,35.50344916668203,1,1,0,0,6,-0.2993649560433089,1.7881813378245526,0.9534975541859312,2155.017469421,0.9534975541859312,0.4851541875958476,True,,161.1,-0.9367679797994228,-0.9367992565227935,0,2.0345769608937463,2.0345769608937463,16095.006841547105,3.2578953007733204e-07,67.405853773,-0.9367679797994228,-0.9367992565227935,5jo8ozhAT5v1NJ7MT3adRMW8sFDKtAcufwwWmo6epump,21,272.705344821222,2.0368442404861178e-08,-0.9676313798985392,-0.9676473905269138,-0.967995737468417,3.2578953007733204e-07,0.23921777833205615,,9v3NeFdaVyPJTPSUVVin3ffebFQBmFYJUgt7m7AUcu96,-0.9367004120453447,-0.9367679797994228,-0.9367992565227935,0.7245228807291388,-0.9374797514210282,1,,1790899914,1.0,1
standard,35.46400472223759,1,2,0,1,6,-0.7033343670634207,5.0970449342443835,0.8087836944603743,3738.901131917,0.8087836944603743,0.9464192237967293,True,,284.73333333333335,-0.8891044721021087,-0.9157596936389812,1,5.0970449342443835,5.0970449342443835,16095.007061222479,3.2578953452392456e-07,67.405854693,-0.8891044721021087,-0.9157596936389812,MN8iFkQt7Y93wmoxcrPdXkQRbWqXYjAYCXKRCmiNDEx,106,536.9794996922035,2.529956894454815e-08,-0.9416788378462926,-0.9477562543984165,-0.9570671856774393,3.2578953452392456e-07,0.2757848516943089,,6gsEeFRaz6bDqfbm8Ct1vMcihGvG3YZwJLP2NsU2DGcw,-0.30553132308960607,-0.8891044721021087,-0.9054354180828651,4.175185105627989,-0.9223438254960573,0,,1790900056,427.0,0
dust,35.44483805557092,1,6,0,0,4,-0.9503606876420259,0.6772318898599015,-0.9167433623224892,0.23796276100000002,-0.9167433623224892,0.6772318898599015,True,,64.58333333333333,-0.9792709128290912,-0.9792709128290912,0,0.6772318898599015,0.6772318898599015,18.083288965662447,3.66035645239246e-10,0.075732775,-0.9792709128290912,-0.9792709128290912,5xGQs7HUhXPewLHUdrYCAF2jhaWn2niLwTuM9gUjpump,9,0.9795980573909747,9.866243619951288e-12,,,,3.66035645239246e-10,0.12933488502309975,,55AbbBMaknasQB4gHXUzjdHnWVNvKGc7hYhbur9Q4htJ,-0.9651452657323403,-0.9644088862982405,-0.9728984922453536,0.10842815023617436,-0.9730456753371586,0,,1790900125,1475.0,0
dust,35.42039361112648,1,6,0,0,5,-0.9412112237517272,0.0010060375244556052,-0.9411520800368046,0.178993891,-0.9411520800368046,-0.5904214674305803,True,,58.11666666666667,-0.9831409554105729,-0.9831409554105729,0,0.0010060375244556052,0.0010060375244556052,26.750974682876684,5.414839246012566e-10,0.112033024,-0.9831409554105729,-0.9831409554105729,2MjwENoDnmLwdr5fGznMSVjEr9z8tZfwDKXwciXspump,9,1.391089321378316,1.5184592907987567e-11,,,,5.414839246012566e-10,0.0003919679127402098,,F5h1iNq4tnYq1fba1TVfieubnAR4H7rm5DiSTQ1MftMv,-0.9411520800368046,-0.9711816354647276,-0.9711816354647276,-0.9600884311041497,-0.9719574446846795,0,,1790900213,215.0,0
standard,35.41122694445981,0,1,0,0,4,-0.007761480870559168,208.48228380565675,206.8563910671781,7.302829107,206.8563910671781,205.32972107931067,True,,300.56666666666666,203.22242659192844,203.22242659192844,0,213.62859457629133,235.27150241563425,16095.006840353215,3.2578953005316577e-07,67.405853768,204.4278889068905,204.4278889068905,kSZ78fMY6TvtBGjUrGjB5PizjeJmoaNNu7N6G6npump,300,206072.1646679,0.000171477700760881,,,,3.2578953005316577e-07,204.08544570655593,1,FZTe3NwPDRcpsAB4xJYyCQmFP2sDEQPoozDc7CeXjZRn,208.53603338877818,212.10168466511578,233.71705788039594,207.86464050008098,525.3450324290577,0,1,1790900246,0.0,0
standard,35.38483805557092,1,2,0,1,6,-0.2805281669477995,10.206791982842986,7.062971170530748,3746.465632449,7.062971170530748,8.601776718379297,True,,299.98333333333335,2.751242311436208,2.751242311436208,0,12.868314848932954,13.759191569464653,16095.006842502215,3.257895300966651e-07,67.405853777,6.388150214782973,6.388150214782973,EFtMJryTCBdDcc7MS1wnsW41wD6edXcvLkUvH3v1pump,297,997.7912031654096,3.3648873205114774e-08,0.5734804537513518,0.7410864244444828,-0.9871903195666609,3.257895300966651e-07,2.751242311436208,,4BkiAwwFf5Qqjm3ALL9dkLVsoWZsB1i8RamL6eJaiG91,10.275763175035543,11.573633256537708,13.006822690904766,7.23143195196389,-0.8967159159622754,0,,1790900341,0.0,0
standard,35.383449166682034,0,1,0,0,4,-5.599081941731754e-05,173.79415111202204,173.78436424427193,5.300675461,173.78436424427193,169.2482925355668,True,,300.9,167.8655838177686,167.8655838177686,0,180.66206790007493,201.91058833888403,16095.006840353215,3.2578953005316577e-07,67.405853768,168.1451885525304,168.1451885525304,45fovVL9hNrrrVVVoqaDTnV11NQvzh5L6PMQmRBUpump,300,150739.88461489446,9.270485753983493e-05,,,,3.2578953005316577e-07,167.8655838177686,1,8rDhX3nwCyu8tvkHDAjMLf4jo4HVTHnazejZSNn7RPJt,174.22543230534328,180.27759246721078,201.27124331879662,170.89485478049272,283.55444079098055,0,1,1790900346,0.0,0
standard,35.34733805557092,1,2,0,1,6,-0.8698506677410631,0.297208276022884,-0.8311692090748549,167.462284576,-0.8311692090748549,-0.824327420747932,True,,243.73333333333332,-0.8975708729713384,-0.8975708729713384,0,0.297208276022884,0.297208276022884,16095.00740888264,3.257895415611407e-07,67.405856149,-0.8677833551141675,-0.8677833551141675,CbWBbAwUXyBHL3wSKk6LxBazZLzrcTNcF3FVjmQUpump,21,1503.9651786553134,5.2691911309172374e-08,-0.05784736421153713,-0.05971760521177416,-0.04202283165862486,3.257895415611407e-07,0.26771654445426063,,3ZLQeKJsfCVEY3A4idwtedii3Ku3Kr8W7DmMi8mVtbZt,-0.8382686028643604,-0.8409356253276237,-0.8410948996711761,-0.8527771870531964,-0.8382639569806948,1,,1790900476,1296.0,1
standard,35.345393611126475,1,1,0,0,6,-0.04790822678395146,6.44318665209848,6.086596777974465,173.99411944699997,6.086596777974465,5.0017794950359535,True,,26.616666666666667,-0.9452515225172452,-0.9452515225172452,1,13.022871043084267,13.022871043084267,16095.006840353215,3.2578953005316577e-07,67.405853768,-0.9452515225172452,-0.9452515225172452,2zSUC759Ht7eiNHuaiPnCzBKSP1rXrU2nXUJdAGkwzwi,28,37.258342259942594,1.8008680254668135e-08,-0.9921702182257464,-0.9921702182257464,-0.9921997765924713,3.2578953005316577e-07,0.2757799026507304,,3yqLprar7tLAJdPaWDLyCT2drgY3c2TXg2Gp5PYGS6Rc,8.781098490575896,-0.9445134937063311,-0.9445134937063311,5.665463829988139,-0.9447229619327261,0,,1790900483,0.0,0
standard,35.30428250001536,1,7,0,1,6,-0.6738989917955847,2.041143522777701,-0.008280031127864573,1315.3182970850003,-0.008280031127864573,0.01303235134966152,True,,280.15,-0.9178841372798635,-0.9184420527713357,0,2.184668113888092,2.184668113888092,16095.006853485982,3.2578953031899467e-07,67.405853823,-0.9178841372798635,-0.9184420527713357,fqT5Ta7LN1s1ghcJVyuhxXp8PXYyjup1jX2AWCHpump,57,470.33283946600454,2.4898203945951868e-08,-0.9172520425618051,-0.9171577995551309,-0.9229377227963749,3.2578953031899467e-07,0.08790328073566589,,5q9JUEockjpPNzdw7CwdzRUSdWYAkMmbCBKoDWgTFLNC,1.291678323705209,-0.9178841372798635,-0.9178437355535152,-0.21417987654939508,-0.923575800850405,0,,1790900631,4.0,0
standard,35.27372694445981,1,2,0,0,6,-4.012845890022376e-07,12.532287711585745,12.532282281287234,196.15664141000002,12.532282281287234,8.631396734963028,True,,15.316666666666666,-0.9456866154139877,-0.9456866154139877,0,19.657811200071748,19.657811200071748,16095.006840353215,3.2578953005316577e-07,67.405853768,-0.9456866154139877,-0.9456866154139877,CbXboMydgrrukFMs2dxxRWgEPfS3feyTPozRYqhUpump,17,28.919010909287525,1.7585935708635604e-08,-0.9959845795310126,-0.9959845795310126,-0.9960110617864653,3.2578953005316577e-07,8.448052365934341,,EZhDv9uLqVzzvbz4GrEwXdEgNSpjkRApU1ZXh6BbBdTb,-0.9455983561484214,-0.9456621967356045,-0.9456621967356045,11.470127692318892,-0.9460205620918335,0,,1790900741,0.0,0
standard,35.250393611126476,1,5,0,0,6,-0.8715519563663555,0.7586693334456358,-0.7741023647204225,842.544009571,-0.7741023647204225,0.4834547522983732,True,,218.91666666666666,-0.9116050749780489,-0.9140940629567527,1,0.7586693334456358,0.7586693334456358,16095.006998662751,3.2578953325761237e-07,67.405854431,-0.9116050749780489,-0.9140940629567527,pa8tAF9eiij414Eqa5VYRX4JqKgHUBwmWKLnFXbjmZE,30,556.7217678033753,2.8135324614463767e-08,-0.6086947749030174,-0.6197129866502245,-0.617701038695263,3.2578953325761237e-07,0.2673676597269177,,DxQp2Es9Ev7MH9Q9NRhVDRsygjaicMHvz34vafBQddLo,-0.8954167586430198,-0.9116050749780489,-0.9140940629567527,-0.8013436543936779,-0.9136395686714213,1,,1790900825,115.0,1
dust,35.247615833348696,1,61,0,0,6,-0.9342355197045319,2.7260053868912855,-0.7549611921529802,33.255869937,-0.7549611921529802,-0.9467634131083893,True,,279.75,-0.9857022713698099,-0.9857022713698099,0,2.7260053868912855,2.7260053868912855,99.74748714475197,2.019053939101015e-09,0.41774226,-0.9857022713698099,-0.9857022713698099,5LUrCmJUBMzeqfTzH7mBkhL1MbuFiWeQ6zhstVSYpump,24,5.5002482786977875,2.4973628069906642e-11,,,,2.019053939101015e-09,0.46891071799235773,,BBtF7GUFkFfJLEFfiYPGP8yX1YMfE1K9rfpttQrc9wMk,-0.9466099965458898,-0.9713081607470235,-0.9833254597302117,-0.6677701679447292,-0.9876310248150051,0,,1790900835,242.0,0
standard,35.244004722237584,1,1,0,0,6,0.0,8.320112455222391,8.320112455222391,138.856092664,8.320112455222391,6.463409724042766,True,,236.53333333333333,-0.9453885787982454,-0.9456482195448038,1,9.03581122784415,9.03581122784415,16095.006840353215,3.2578953005316577e-07,67.405853768,-0.9453885787982454,-0.9456482195448038,DoZERtAfxLh1tLLQAhTg2TKdQR1VLtw8AxMxzk8i6MYg,13,24.543788444747904,1.7809037344635143e-08,-0.9940965031645241,-0.9941683342645999,-0.9941348088732465,3.2578953005316577e-07,0.2757799026507304,,B7tXc7B1XJynLoDsxuo7jQ9sZj59d4xvhhf6fgNn3NjJ,-0.9380436902491878,-0.9449787456143153,-0.9456482195448038,7.642785492493605,-0.9453357591272842,0,,1790900848,0.0,0
dust,35.24344916668203,1,17,0,0,5,-0.9175634316172817,0.0019562633856751166,-0.9174021639769139,0.5059602869999998,-0.9174021639769139,-0.933096262581645,True,,273.5,-0.9877365125615993,-0.9877365125615993,0,0.0019562633856751166,0.0019562633856751166,26.04336829953145,5.271608023199613e-10,0.10906957,-0.9521948575268603,-0.9614516980233209,ZeodNQ5hBtkggjiGUBuxyiqY4zSZZETG5DXxq72pump,11,2.7005778487948024,1.8925577993291057e-11,,,,5.271608023199613e-10,0.0003943635239735954,,5UmSiA3aDnHytGZubSvGuc91fKTyonNgLD88iVToFQBz,-0.9521948575268603,-0.9521948575268603,-0.9614516980233209,-0.9174021639769139,-0.9640990416776015,0,,1790900850,1491.0,0
dust,35.169560277793146,1,173,0,0,4,-0.9883402287603505,0.01554682360627302,-0.9881589563535982,38.216878132,-0.9881589563535982,-0.49936301497760294,True,,61.06666666666667,-0.98841543797708,-0.988837541953286,0,0.01554682360627302,0.01554682360627302,396.1574707523014,8.018881725471243e-09,1.659106629,-0.98841543797708,-0.988837541953286,PAP78uRDtx4g9HMf2MXjkmRP4RjZhNtKsy54B4zpump,7,20.393255919807928,8.616581269392868e-11,,,,8.018881725471243e-09,-0.2819000011043584,,FtY5SF1iGtq7egr2mrNoBxj3fkz5EWenkuAXEXjyWXUg,-0.98841543797708,-0.98841543797708,-0.988837541953286,-0.9881589563535982,-0.9892546347927503,0,,1790901116,126.0,0
standard,35.164004722237586,1,2,0,0,6,-0.013035683575264412,12.09084871498263,11.92020055340246,187.50629142400004,11.92020055340246,10.46076191822297,True,,67.73333333333333,-0.9457243829618662,-0.9460017877717278,0,14.556288586281635,14.556288586281635,16095.006840353215,3.2578953005316577e-07,67.405853768,-0.9457243829618662,-0.9460017877717278,5vYTftbApXbHFvQgveb22ZyBQsMNeE3j2xNcEZJ2pump,15,27.799780233620652,1.781201833425377e-08,-0.9957424023801302,-0.9958206366839986,-0.9957683790825024,3.2578953005316577e-07,0.27578250655455694,,CeuWmMTegXZ1kALGSNEa6pGYXEr66oqnv4zCypug9K7a,-0.9449909848755932,-0.9449909848755932,-0.9460017877717278,11.69672906940818,-0.9453266090799571,0,,1790901136,0.0,0
standard,35.15733805557092,1,1,0,0,6,-0.802091235946354,10.395103658626999,1.2551908813420494,316.24740802200006,1.2551908813420494,8.655765209832753,True,,214.33333333333334,-0.9450241797361398,-0.9451973739563602,1,10.395103658626999,10.395103658626999,16095.006840353215,3.2578953005316577e-07,67.405853768,-0.9450241797361398,-0.9451973739563602,FWbWPQKh4Lfgf1JLAEa9nbozVfMAQqtnBhjrM2tiDudm,11,44.15550699273068,1.9720844959702327e-08,-0.9752720349089671,-0.9755545448921945,-0.973158604658471,3.2578953005316577e-07,8.517237515688146,,4fG1Ziorsq6T7gtyRifgZurj8avJ79DF9ZsfmFrfk621,-0.9442337186125581,-0.9442337186125581,-0.9448708325506205,10.344502885146095,-0.9394675299832869,0,,1790901160,0.0,0
dust,35.13122694445981,1,820,0,0,6,-0.5943893004289725,2.9434956728936754,0.5995240386377234,1.488704403,0.5995240386377234,0.5713964554007933,True,,290.76666666666665,-0.8629153211337899,-0.8629153211337899,1,2.9434956728936754,2.9434956728936754,35.25521141389002,7.136237264378927e-10,0.147648749,-0.8629153211337899,-0.8629153211337899,2hR7evzTMbaYfG9D6Te3v24x94rnoDxymLCWa5SeNsB4,37,4.26055568216993,4.29051383342994e-11,,,,7.136237264378927e-10,-0.03969374371146417,,AFubuoodKJonG2oJfmEjmQmxH2nsZtr5KKTvwYvbb7cZ,-0.5305921784232412,-0.8117148966634451,-0.7879787393996729,2.6213438758577094,-0.9398770854376386,1,,1790901254,1428.0,1
standard,35.124560277793144,1,1,0,1,6,-0.09365482292725624,0.8314880197450836,0.6599603335624666,375.49983434,0.6599603335624666,0.32418996748769313,True,,283.3666666666667,-0.9181808159936957,-0.9187895200090503,0,1.9469696843050484,1.9469696843050484,16095.00707029603,3.2578953470758825e-07,67.405854731,-0.9181808159936957,-0.9187895200090503,4zooztpfX7oojCcoA4jA7cAsxR6p6AkFCyZXTcC9pump,42,511.9078762564057,2.652496820363718e-08,-0.9508086251894018,-0.9497006685736622,-0.9509521435226186,3.2578953470758825e-07,0.30257707172239545,,9EXELMJu43a45d8N5zBvveiCNQuMt9dqe5kN9wvhSvmv,-0.9099539438765943,-0.9167415567685935,-0.9165051050275673,0.5915699563007535,-0.918582503801282,0,,1790901278,719.0,0
standard,35.045115833348696,1,1,0,0,6,-0.01627937961902881,8.291652343299008,8.140390007514403,139.53061175999997,8.140390007514403,6.425659701695353,True,,167.6,-0.9455696053768378,-0.9455696053768378,1,22.30980828576046,22.30980828576046,16095.006840353215,3.2578953005316577e-07,67.405853768,-0.9455696053768378,-0.9455696053768378,F7FFFjA1c9NxxNasgWpZt3Rbu6nxYdbkoZVSGRE2dvQm,39,30.314233792863458,1.783895473233226e-08,-0.9940388905281292,-0.9940385989677698,-0.9940094381921837,3.2578953005316577e-07,6.251229252238962,,58f5ufT9p8b8eKHcHTgTZ2hG6GGcPzBTrk5titdGukD,11.63199440985995,-0.9455131345496132,-0.9455104695742174,7.755175350727368,-0.9452439287124387,0,,1790901564,0.0,0
dust,35.02122694445981,1,47,0,0,6,-0.917715691919079,0.20938251440648936,-0.9004867965968976,7.016733651999999,-0.9004867965968976,-0.5274711351654733,True,,268.1666666666667,-0.9383969034646162,-0.9421133515753777,0,0.20938251440648936,0.20938251440648936,110.56666752827282,2.2380520251329147e-09,0.463052964,-0.9383969034646162,-0.9421133515753777,4sCfb2i49PFVnQdBXpZBPaSo5zbUGa2WJ9ghgbWCpump,50,10.463072613487663,8.612235863827148e-11,,,,2.2380520251329147e-09,0.0003251299797251139,,CJWdjTesxU834CcarN5ZKwaQ9hB7C24y3vwS7Gyx6duq,-0.6887111604410983,-0.8882311850298443,-0.9421133515753777,-0.897102474311263,-0.9615190542171794,0,,1790901650,139.0,0
standard,34.992893611126476,1,2,0,0,6,-0.8353248680476608,8.345288900311623,0.5389366827915472,287.009243375,0.5389366827915472,7.8443424431086655,True,,6.466666666666667,-0.9431396327209243,-0.9431396327209243,0,8.345288900311623,8.345288900311623,16095.006840353215,3.2578953005316577e-07,67.405853768,-0.9431396327209243,-0.9431396327209243,6NE6SuQJ524oj4QtJcCaUqzxnhN2YgQvYQNNaqNdpump,8,68.41718950998339,9.462938070179175e-08,0.003080419466032769,0.003080419466032769,-0.8112581868206505,3.2578953005316577e-07,7.669247193787667,,BFfhKRffqF6YGcNBFCcS7Z1bE5nc4ysCP8kkdzfDwH8t,0.5436772533062102,0.5436772533062102,0.5436772533062102,1.299167462839773,-0.70953830012171,0,,1790901752,0.0,0
standard,34.98428250001537,1,1,0,0,6,-0.9630289273378991,1.011441061646098,-0.9256348663543487,285.92854949900004,-0.9256348663543487,-0.5796242355699304,True,,11.95,-0.9272553153766455,-0.9272553153766455,0,1.011441061646098,1.011441061646098,16095.00684775532,3.2578953020299663e-07,67.405853799,-0.9272553153766455,-0.9272553153766455,BCoe591kmqngtGbm5eSZcQoj5ZdCpihrcRhd6NFYpump,9,358.311455969602,2.360223626165538e-08,-0.021790440531153643,-0.021790440531153643,-0.025803270590027294,3.2578953020299663e-07,0.26790825183207967,,DPiE1GchWXYxmJDvLrQbJKTWMq2PSY1gBDxovTu5MZAQ,-0.9272553153766455,-0.9272553153766455,-0.9272553153766455,-0.6753798140786317,-0.927553730020271,0,,1790901783,21.0,0
dust,34.980671388904256,1,13,0,0,5,-0.9965009815989601,5.155301253873119,-0.9784624876487537,18.053363993,-0.9784624876487537,-0.9404434924469167,True,,218.73333333333332,-0.9784624876487537,-0.9784624876487537,0,5.155301253873119,5.155301253873119,94.05456633837738,1.9038198163363945e-09,0.39390032,-0.9784624876487537,-0.9784624876487537,DjgQSR4TKxP3oLz4Wjw9XFhAvZaVLpRHtqjYosPtpump,10,5.185652613241497,2.3790370537946006e-11,,,,1.9038198163363945e-09,0.10224938903069458,,Ga61GvLme3ebcDnMFiUDPQa8Nobnk4tCpTYN7KfEwKMz,-0.9784624876487537,-0.9706641889543511,-0.977099874796261,-0.976832642089374,-0.9875038749288119,0,,1790901796,438.0,0
standard,34.97428250001536,1,1,0,0,6,-0.8073980949229352,10.674192815119389,1.248471776428976,312.56133782899997,1.248471776428976,8.605381572223584,True,,10.35,-0.9459476302077953,-0.9459476302077953,1,10.674192815119389,10.674192815119389,16095.006840353215,3.2578953005316577e-07,67.405853768,-0.9459476302077953,-0.9459476302077953,3ndofYLrA9LL21LsgoVLhpGNArF4LaJPs65p1KHMP9s1,11,29.360618595576597,1.8142342089948296e-08,-0.9754737698650169,-0.9754737698650169,-0.9752332632515764,3.2578953005316577e-07,0.2757799026507304,,B38aP5Lfk5aUygVC4Se7EAvxBLb4KzMvPVhFPsUKcKte,-0.9448534637592887,-0.9448534637592887,-0.9448534637592887,10.163530939231755,-0.9443126914269233,0,,1790901819,0.0,0
standard,34.9451158333487,1,1,0,0,6,-0.8834066579251023,1.305303139404729,-0.7312170024810489,1072.57280512,-0.7312170024810489,0.3068904059029782,True,,189.6,-0.9310638828536266,-0.9311098110263683,0,1.305303139404729,1.305303139404729,16095.006841547105,3.2578953007733204e-07,67.405853773,-0.9310638828536266,-0.9311098110263683,CbYtBLBpjUvGDqpavW2R7QTyBjp77bmwWGQmKe9Bpump,15,311.8799831168601,2.2516905366322773e-08,-0.7435250079703688,-0.7436958825166219,-0.7428599130786013,3.2578953007733204e-07,0.33055109658213633,,C53kD6ksyWbiqzBQCwej6gDNcGZ2mpiQtj9WaY7WyyhG,-0.9308937466967101,-0.9310638828536266,-0.9311098110263683,-0.6759809913228122,-0.9308851166549829,0,,1790901924,1.0,0
dust,34.9401158333487,1,61,0,0,5,-0.9751931309601238,0.20779916303546164,-0.9700382843361073,2.0442644899999998,-0.9700382843361073,-0.9316331469310999,True,,238.3,-0.9771144779181312,-0.9788528680970547,0,0.20779916303546164,0.20779916303546164,97.28211958441666,1.969150826486225e-09,0.407417306,-0.9771144779181312,-0.9788528680970547,42tfTdBHwrm1TzJfciCrdxsqvFqx9Aq1EGY5bcwZpump,17,4.993153390183175,2.3435306484505602e-11,,,,1.969150826486225e-09,0.00032804303508737753,,3D8A8FybzcMb6i8G4PBvikcjpiG21MhrWp8cYG9Jepd1,-0.9690214822741468,-0.9678835840747907,-0.9769586232577101,-0.9700382843361073,-0.9880987752846114,0,,1790901942,85.0,0
standard,34.9326158333487,1,1,0,1,6,-0.146791406366498,0.5998870277670076,0.3650373609335722,138.11344179099999,0.3650373609335722,0.25631358086791534,True,,292.85,-0.49208747537885744,-0.9121613202857837,0,1.7652361616245793,1.7652361616245793,16095.007252483321,3.2578953839536007e-07,67.405855494,-0.49208747537885744,-0.9121613202857837,9Y4afMW81vqd26i1c9vX3SEbaYMbtPifFRCYHqVUpump,139,390.1971517730895,2.4137699879997075e-08,-0.47048690875302035,-0.8978765287083428,-0.9457232030455937,3.2578953839536007e-07,0.2922500326881121,,2mFrDNHUqpqdj5Ndrp4gU92pquBZWUJH8R81YLLg2q4S,0.6363432519843508,-0.3496472876659149,-0.8595558691001148,0.3283893267268789,-0.9259101443254298,0,,1790901969,3680.0,0
standard,34.93094916668203,1,1,0,1,6,-0.9837115598111352,3.621609247754563,-0.9247211941916454,1744.138306346,-0.9247211941916454,0.05765726206586219,True,,120.75,-0.9350946951147197,-0.9350946951147197,1,3.621609247754563,3.621609247754563,16095.006958548118,3.257895324456259e-07,67.405854263,-0.9350946951147197,-0.9350946951147197,78xtnjdMfNVEfteF1eUopB4ZyKA1cmTE4dH7aQVHGoon,20,362.63956455968514,2.3088986181745637e-08,-0.03833614052874501,-0.042664538305536515,-0.0585548630632623,3.257895324456259e-07,0.27578485179045065,,8PBDf9qgoU6emEXveQ9He8oK8t3oyCpn7dCKrWTHSet3,-0.9275666541579202,-0.9276070930699506,-0.927932929685651,2.5826851951366647,-0.9291291343573196,0,,1790901975,640.0,0
standard,34.92733805557092,1,50,0,1,6,-0.8361790701563665,0.2654798469653026,-0.7926879147717651,584.7247981959999,-0.7926879147717651,-0.17504021073035791,True,,276.53333333333336,-0.9048112791389877,-0.9054568884276688,0,0.2654798469653026,0.2654798469653026,16095.007058595926,3.257895344707588e-07,67.405854682,-0.9048112791389877,-0.9054568884276688,9gHh3PEiEX5YPNZ9MfRfYKj397viZ3oegUSaVyLDpump,70,364.61108168877746,2.3879132382735385e-08,-0.5330547955270726,-0.5420938869862212,-0.6464451541025464,3.257895344707588e-07,0.11549574018499187,,HXRykLAy1y3m57ys9ZvTarjHuSbpXv272jz8P4XeVrab,-0.8197907975377461,-0.9013578001009578,-0.9049624631945968,-0.6159047535857496,-0.9267038076544517,0,,1790901988,214.0,0
standard,34.92067138890425,1,2,0,0,6,-0.012488268251058643,12.227862624011369,12.062669527174563,191.822878127,12.062669527174563,8.530164287325967,True,,10.133333333333333,-0.9457373098882869,-0.9457373098882869,0,14.143590605874964,14.143590605874964,16095.006840353215,3.2578953005316577e-07,67.405853768,-0.9457373098882869,-0.9457373098882869,Z7PerutAfCHCFhKvmQYb1Ad5XRHmUoH7vcBeu9opump,12,27.149138015736014,1.7849886742329098e-08,-0.9957887830113963,-0.9957887830113963,-0.9958056332505071,3.2578953005316577e-07,8.448052365934341,,5MXzMgN3WxAW8eWyC7WPzn967APac6cY9yk3xeX7HHd1,-0.9449902641706467,-0.9449902641706467,-0.9449902641706467,11.2507645161854,-0.9452103732756048,0,,1790902012,0.0,0
standard,34.872615833348696,1,1,0,0,6,-0.012995955429454087,7.5171914362486945,7.4065023959590786,124.01405863800001,7.4065023959590786,6.323667001043562,True,,36.25,-0.9453292706625351,-0.9453292706625351,1,22.52231199373101,22.52231199373101,16095.006840353215,3.2578953005316577e-07,67.405853768,-0.9453292706625351,-0.9453292706625351,EPUY7BGaqRM1fqCX3F1F8qMV2tVCFPS7iRyWUnqQyMin,37,35.62204235755971,1.778112784889229e-08,-0.9934685685683394,-0.9934685685683394,-0.9935075765111426,3.2578953005316577e-07,6.251229252238962,,3iKLpv5ox6eowsGdYEbzDEMbBmeTrHNSEEiUXz5mRoX1,7.6782850089584915,-0.9450935060207025,-0.9450935060207025,7.284974421799598,-0.9454214263853397,0,,1790902185,0.0,0
standard,34.86206027779314,1,1,0,1,6,-0.17425332657514137,0.37944626231149337,0.13907316227207067,177.987893417,0.13907316227207067,0.2539531032516791,True,,274.6166666666667,-0.9258289698797447,-0.9260802640777649,0,0.45293593320749514,0.45293593320749514,16095.00714885385,3.2578953629772834e-07,67.40585506,-0.9258289698797447,-0.9260802640777649,4RganZnGGaTKY5SETu2mz3UNJQMCWUxYRENwwFtYpump,21,228.0140091262397,2.205789628739922e-08,-0.9338471179274092,-0.9351053660374283,-0.9405604737497368,3.2578953629772834e-07,0.261913945783564,,HgE5AELH5G62zeYeyj2jEGmgw3mWPHjHNg1EWS4eSUDs,-0.9252678797876374,-0.9246470274241626,-0.9260802640777649,-0.0106176845163104,-0.9322940308701589,1,,1790902223,3206.0,1
standard,34.772060277793145,1,1,0,0,6,-0.8433087571484278,1.097395753816595,-0.6713564525828675,893.0471158570001,-0.6713564525828675,0.6464684615431275,True,,77.21666666666667,-0.9332340156354546,-0.9332418867594433,0,1.9865946819827545,1.9865946819827545,16095.006844412435,3.257895301353311e-07,67.405853785,-0.9332340156354546,-0.9332418867594433,9WzUkhATgoXwbCNzL3Knq9z7LYrN3u2SpxJAg2ZCpump,18,277.0951941746471,2.1687724323587547e-08,-0.7968437692166148,-0.7968677195544519,-0.7974409035351788,3.257895301353311e-07,0.3559566986743248,,FG11RFLKM7YJMnF4tthntU9rKi7iDXE3fSKRtaWXaqFo,-0.932912883984427,-0.9332340156354546,-0.9332418867594433,-0.5976604379960708,-0.933430259976192,0,,1790902547,13.0,0
standard,34.75067138890425,1,2,0,0,6,-0.014251405678486262,10.983022718171432,10.812247800160254,195.2165652,10.812247800160254,9.030830001279272,True,,40.93333333333333,-0.9459094214866318,-0.9459094214866318,0,18.375623318402344,18.375623318402344,16095.006840353215,3.2578953005316577e-07,67.405853768,-0.9459094214866318,-0.9459094214866318,8JiK7qb75oPh2DB7tgZZYKha8CnVyGPN9bC1pmY4pump,23,30.042646833147934,1.7858433075293456e-08,-0.9954208056393268,-0.9954208056393268,-0.9953594048877716,3.2578953005316577e-07,8.609573207206136,,Ep7687SY1952viWmL4T8wQzRRnrcP1HcxH9x1tLTxiwU,14.39732778472847,-0.9459094214866318,-0.9459094214866318,10.378760283080029,-0.9451841405941463,0,,1790902624,0.0,0
standard,34.74706027779314,1,2,0,1,6,-0.32724231848339225,3.9120233379806537,2.3046014324153337,1687.901487329,2.3046014324153337,3.2426205111822277,True,,248.71666666666667,0.6780240005768434,-0.933327544462047,0,14.599807116181186,14.599807116181186,16095.006840353215,3.2578953005316577e-07,67.405853768,0.6780240005768434,-0.933327544462047,HiXtMgXnMxUneKbgo9qnZ8GAfPetBo8FreHuy5uvpump,90,550.4798798759305,2.2720929591442876e-08,-0.4320574930295863,-0.9798243579743224,-0.9788957517963184,3.2578953005316577e-07,1.2370507655006304,,CeoSswnQXAHiBb81c7EaAheYn9rzc3HqPvdzy9dqSyi4,5.0871573828623395,1.7662689146460977,-0.933327544462047,1.8100359299342625,-0.930258871156065,0,,1790902637,0.0,0
standard,34.746226944459806,1,1,0,0,6,-0.0018528143969204214,9.187403546648595,9.168528178690126,187.75520461399998,9.168528178690126,7.228951368339159,True,,6.666666666666667,-0.9456739553359698,-0.9456739553359698,1,9.611667646340944,9.611667646340944,16095.006840353215,3.2578953005316577e-07,67.405853768,-0.9456739553359698,-0.9456739553359698,6zZCDAyXvZSw12oaVtq554gKfq8GdXV6idscpZgwTv9A,8,25.870599846936027,1.7619234611661787e-08,-0.9946574328448162,-0.9946574328448162,-0.99468146748279,3.2578953005316577e-07,0.2757799026507304,,DoUKTasXfRF2gTMDedPfr2eCDDSje4tSaZdKCdVvdyXj,-0.9456739553359698,-0.9456739553359698,-0.9456739553359698,8.59421196747712,-0.9459183522294701,0,,1790902640,0.0,0
standard,34.72094916668203,1,2,0,0,6,-0.00011694263263839488,8.955241480393099,8.95407728824583,140.344610344,8.95407728824583,7.73278804019483,True,,77.15,-0.9454657406272196,-0.9454657406272196,0,18.16338358116768,18.16338358116768,16095.006840353215,3.2578953005316577e-07,67.405853768,-0.9454657406272196,-0.9454657406272196,BaKUCzR4yjfMgSWHUWC3q7REnJJwpDnfZY9amwExpump,29,32.71966893590449,1.7858213634679103e-08,-0.9945163715059538,-0.9945206602543867,-0.9944931926633722,3.2578953005316577e-07,7.6423800598160465,,9oZrh97LYWk4CMNsyaTUNiY8xf93BmHbb9Ux7eejTd18,13.776097594341469,-0.9454155381502375,-0.9454582286836073,8.727504775445484,-0.9451848141597282,0,,1790902731,0.0,0
standard,34.695949166682034,1,1,0,0,6,-8.936959140504186e-06,13.339489404552227,13.339361253121323,214.71986202500003,13.339361253121323,10.216689341069236,True,,32.65,-0.9456684664218205,-0.9456684664218205,1,23.646023271805497,23.646023271805497,16095.006840353215,3.2578953005316577e-07,67.405853768,-0.9456684664218205,-0.9456684664218205,H5vCWmgyQStaz5gtZB8jfUYp7j9b6DAjfMwiKqYPYfAH,34,29.93231408569267,1.783180564506913e-08,-0.9961619128424243,-0.9961619128424243,-0.9961829452206002,3.2578953005316577e-07,0.2757799026507304,,9iSZ6oZbdvo5ihejSbaCdr6aKFYwR8WUTQfbuQgY7P5q,17.439647657168454,-0.9449642817265568,-0.9449642817265568,12.573444862690637,-0.9452658725952331,0,,1790902821,0.0,0
standard,34.68456027779314,1,2,0,0,6,-0.012584939296040987,12.469842609397686,12.30032545783119,202.63634498800002,12.30032545783119,10.476020847089218,True,,51.96666666666667,-0.9455510340931648,-0.9455510340931648,0,30.040832577471686,30.040832577471686,16095.006840353215,3.2578953005316577e-07,67.405853768,-0.9455510340931648,-0.9455510340931648,29D23FVWVJK6PKUxQKCtDj7BvhJGPhcqBeSKztuppump,43,41.684112237522704,1.821072943513228e-08,-0.995839119981212,-0.995839119981212,-0.9957973042535557,3.2578953005316577e-07,0.27578250655455694,,D3LYttgXY4ZqRMzaY6NGE3trnzpWYgJ7mrkhbGdkLkA5,18.80117295629456,-0.9446589415591329,-0.9446589415591329,11.82321010643075,-0.9441027787720482,0,,1790902862,0.0,0
standard,34.6126158333487,1,167891,0,0,6,-0.8667872247401507,0.6307663689230838,-0.7827610861953287,675.3317490830001,-0.7827610861953287,0.1850430101899021,True,,175.65,-0.8946872293135879,-0.8986962768321735,1,0.6307663689230838,0.6307663689230838,16095.007007975077,3.257895334461092e-07,67.40585447,-0.8946872293135879,-0.8986962768321735,9P5pC7Z6rzpvw95Z8yXQLrfEHAUp7XDGhwC58DFbGGZQ,31,701.4401465924021,3.0881048745607355e-08,-0.5152214267601093,-0.5336759819241549,-0.5636677731426681,3.257895334461092e-07,0.2756359539788593,,FeGqTJ5UHu3KtQ4WzojNBbWqsUBVKDMyGqiF3SzwbD2b,-0.8869708720763596,-0.8946872293135879,-0.8986962768321735,-0.8108475298571927,-0.9052116609795398,1,,1790903121,133.0,1
standard,34.596782500015365,0,2,0,0,6,-0.0032361806545282423,12.894990733650902,12.85002403344381,200.07074913,12.85002403344381,8.766581234916456,True,1,121.7,-0.9454289412901394,-0.9454289412901394,0,57.29154158127975,57.29154158127975,16095.006840353215,3.2578953005316577e-07,67.405853768,-0.9454289412901394,-0.9454289412901394,5JKrV5GKdStD8ULJXFRAGbcNZu9Z56Pt9niBgkVbpump,44,39.20442604474887,1.7748678017446472e-08,,,,3.2578953005316577e-07,0.27578250655455694,,2TCfzeyiPZrX48PHBUpFu4pAhDdtW3S7kqs7PorkJYT1,20.889275511382056,-0.9453238016006733,-0.9453985465768394,11.844118754092568,-0.9455210300510576,0,1,1790903178,0.0,0
standard,34.59567138890425,1,1,0,1,6,-0.5967393285388585,1.278305329603704,-0.08124906299051315,613.047408053,-0.08124906299051315,0.8663285866301929,True,,222.63333333333333,-0.910609842409575,-0.9135119101153245,1,1.278305329603704,1.278305329603704,16095.00688357196,3.2578953092798457e-07,67.405853949,-0.910609842409575,-0.9135119101153245,BoinghGhJygKLc5CjLA3HyxrCguAruB8dtjNNHGxuUVC,51,601.8791600638788,2.7851282813431113e-08,-0.904198357976251,-0.9058633995343807,-0.9069513055669033,3.2578953092798457e-07,0.27084445389284917,,GBDgAW45QczhDimDX8phYu5gr5eign1DdoY9ocQDKRrt,-0.8769077712194947,-0.9105512343886192,-0.9135119101153245,0.030004838433252745,-0.914511424802083,1,,1790903182,166.0,1
standard,34.57872694445981,1,1,0,0,6,-1.0891726377471045e-06,9.759630060382193,9.759618341287538,181.19641785599998,9.759618341287538,7.645229868063131,True,,19.616666666666667,-0.945652555800188,-0.945652555800188,1,12.92239008210594,12.92239008210594,16095.006840353215,3.2578953005316577e-07,67.405853768,-0.945652555800188,-0.945652555800188,FVy6LFJa26B1pXmxkzi6jQNMMCPDzCxkEb7QEjGSCDLf,16,30.589114964766356,1.8132670718819904e-08,-0.9948758971226135,-0.9948758971226135,-0.9948271750112867,3.2578953005316577e-07,0.2757799026507304,,4Dfeq6VdSQTRzj51gqNxxkNpoo2nuNPXLZ5HHQyhcA9R,-0.9117552738574791,-0.944866608697828,-0.944866608697828,9.127638826067328,-0.9443423773751697,0,,1790903243,0.0,0
dust,34.556782500015366,1,12,0,0,5,-0.9290305119664358,3.1174200230581874,-0.7077888089444145,1.4132359030000001,-0.7077888089444145,-0.43017120641460227,True,,61.3,-0.9440198001361139,-0.9610270843156055,0,3.1174200230581874,3.1174200230581874,10.914718398573346,2.2093193330111166e-10,0.045710817,-0.9440198001361139,-0.9610270843156055,BdHxKr1rMVjCErpv1y4rPmkQaN24qAdqC2CL3f7wpump,18,0.6318512468114057,5.10993647486236e-12,,,,2.2093193330111166e-10,0.19469821444192248,,41PYPq4NWMK75SY9qQczyVhCgjNMCTuNcaH7oyzEG6H9,-0.914145543974193,-0.9416205194572418,-0.9610270843156055,-0.7077888089444145,-0.9768709919000349,0,,1790903322,2266.0,0
standard,34.555393611126476,1,1,0,0,6,-0.8597546134606869,1.1416711589768052,-0.6996405004691995,794.189937891,-0.6996405004691995,0.5317278455228132,True,,150.21666666666667,-0.9276541660537202,-0.9277794408077409,0,1.1416711589768052,1.1416711589768052,16095.006844173657,3.257895301304978e-07,67.405853784,-0.9276541660537202,-0.9277794408077409,4Puj1Uc7yhLUuZriX8xjKYGWMPKTnegBq1vWq6fQpump,17,363.6479000387206,2.3659725363784282e-08,-0.7591358553357124,-0.7595529380456528,-0.7582139703462436,3.257895301304978e-07,0.27431697856668813,,FqHscWUHqPXpECDwCCV8VYMjfiiZiWztf9NcjMHYxr6P,-0.9265428779034752,-0.9276541660537202,-0.9277794408077409,-0.7332152952918163,-0.9273772691396585,0,,1790903327,16.0,0
standard,34.50594916668203,1,1,0,1,6,-0.13238285982894304,0.8222550060179419,0.5810196769836788,873.620316063,0.5810196769836788,0.2737111777251815,True,,294.25,-0.8201965871576854,-0.9123288580546204,0,0.8222550060179419,0.8222550060179419,16095.007023256843,3.257895337554374e-07,67.405854534,-0.8201965871576854,-0.9123288580546204,9s1nC9v7d4nyeQa5wQpcUkJ4rq3nNrHpD7kUSGCupump,118,230.76895107141425,2.1475234840582494e-08,-0.7778803572819855,-0.9445477224466672,-0.958306964212331,3.257895337554374e-07,0.24346947420967213,,CJNkSctvQvooY3Pjss2JW1e9aH9r38GCtqN1hydLFWtA,-0.3204672835730037,-0.6677342210858443,-0.9123288580546204,0.18265740151508902,-0.9340824900265107,1,,1790903505,199.0,1
standard,34.50400472223759,1,1,0,0,6,-0.9462502984413783,0.7710556858398554,-0.9048062854424077,513.4261012139999,-0.9048062854424077,0.7494231511201399,True,,168.13333333333333,-0.9203613945712406,-0.9226902175019088,0,0.7710556858398554,0.7710556858398554,16095.006885959734,3.2578953097631707e-07,67.405853959,-0.9203613945712406,-0.9226902175019088,Cvk6dkEGTGcHz3zawsTi2bMTP9PaYJ2GZsTEJpLzpump,14,422.65578187434636,2.4763047860349764e-08,-0.15600873293738882,-0.18786883296461088,-0.2015298248110362,3.2578953097631707e-07,0.3533396957577777,,Cjs9M2R1Xh5u5efeQzkwNgB5AkU1PyP1mjDW8Vzj4AXT,-0.9203613945712406,-0.9196573362341411,-0.9226902175019088,-0.18577787243935362,-0.9239906580603111,0,,1790903512,45.0,0
dust,34.48178250001536,1,313,0,0,6,-0.9965150290239023,2.9277010013082116,-0.9863120760076513,29.968074754000007,-0.9863120760076513,-0.96760956187493,True,,73.8,-0.9877125941999045,-0.9877125941999045,0,2.9277010013082116,2.9277010013082116,511.62840084695426,1.0356204127597873e-08,2.142698634,-0.9877125941999045,-0.9877125941999045,6NXPhnGJKz1cHTFig2HTaaZBNyE3fpLQcvvd13JUpump,16,28.102648208612347,1.2287649303728698e-10,,,,1.0356204127597873e-08,0.0003084084666327147,,CD7y16EQTATJ7XquRs3G6K3UUyGKEbCkhvB5xiKfEvCA,-0.9853396137589777,-0.9871528568182157,-0.9873797524722568,-0.985133845928128,-0.9881349873444617,0,,1790903592,178.0,0
standard,34.37150472223759,1,3,0,1,6,-0.8847142411351642,0.23713292489127813,-0.8573761919372351,161.88332953599996,-0.8573761919372351,0.016937841913102325,True,,215.18333333333334,-0.8852647738670596,-0.8852647738670596,0,0.23713292489127813,0.23713292489127813,16095.006908882384,3.257895314403094e-07,67.405854055,-0.8852647738670596,-0.8852647738670596,As7tF8sAqFrakNTT6V9x4ARM9VQgPB5NKy5qipFKpump,25,1042.6214202261078,3.88375947982137e-08,-0.1488227904842343,-0.1609435314110994,-0.16415995689791496,3.257895314403094e-07,0.23713292489127813,,9WGbXq96eUXthM3Y7wVYPqNPxyqZGVWvHNvT6fE8DvPC,-0.8692010800623449,-0.8769270542512736,-0.8803305712701553,-0.8654975921846282,-0.880789310121435,1,,1790903989,114.0,1
standard,34.35344916668203,1,1,0,0,6,-0.2622490366213528,1.2756225383644906,0.6788427199645655,2192.571653922,0.6788427199645655,0.38586695842604257,True,,138.1,-0.926331317868777,-0.9286243675348667,0,2.9792151472234685,2.9792151472234685,16307.296035207735,3.335388918129977e-07,68.294920456,-0.926331317868777,-0.9286243675348667,5me4z7rSJe1FmZb1kZGAdnqXpkHPJ96P2xiEtW1pump,41,379.20636385934995,2.2655778939444814e-08,-0.9541648204446546,-0.9574852178727976,-0.9595403142566136,3.335388918129977e-07,0.24470980718868196,,CcRkMTEZLx7w76v38nvPxVKDx8fEHRjfgBtAHr7eEh6R,-0.905743554057296,-0.9230499424852396,-0.9286243675348667,0.7408922982472785,-0.9320745511376616,0,,1790904054,24.0,0
dust,34.33900472223759,1,4,0,0,5,-0.46233036726743426,1.7285225580403454,0.46704372168407304,0.405976575,0.46704372168407304,0.17100913623698655,True,,60.233333333333334,-0.948324209367415,-0.948324209367415,0,1.7285225580403454,1.7285225580403454,4.855302416881256,9.827934267762204e-11,0.020333996,-0.948324209367415,-0.948324209367415,BbuRhfAQ541jjhTmsGSjrp5HdRdWiQztSmpT3pZxpump,21,0.36803785869418654,2.9231081970339143e-12,,,,9.827934267762204e-11,0.4374317569448578,,G1yRSHi3TbozebDBYxySh4QFFYpsf8fKsYUMfKsVjanV,-0.5167605042314358,-0.9451108930797354,-0.9375342497875827,0.46704372168407304,-0.9702571454245237,0,,1790904106,1904.0,0
standard,34.28594916668203,1,2,0,0,6,-0.8573954528425354,9.302168136695636,0.469136021873543,310.55367395999997,0.469136021873543,8.649276351798164,True,,179.05,-0.9442779915511745,-0.9442779915511745,0,9.302168136695636,9.302168136695636,16095.006840353215,3.2578953005316577e-07,67.405853768,-0.9442779915511745,-0.9442779915511745,6eWD4K4BaNTZQdhtExrZLsgdkUUzURS5AhU5siQtpump,10,54.32833836914251,1.8637946572901716e-08,-0.9611641515051894,-0.9616371753270028,-0.9610597323834309,3.2578953005316577e-07,0.27578250655455694,,4bFhHtVUzQCDhkY9Dkoyj3UjVzeXhA9KfaYD19CgDHGv,-0.9429448560362504,-0.9429448560362504,-0.9436397923720806,0.44133994166502233,-0.9427914501431026,0,,1790904297,0.0,0
standard,34.26983805557092,1,1,0,0,6,-0.011938375747282959,7.752946935861361,7.648450966445019,127.97660098,7.648450966445019,6.348044762856024,True,,27.083333333333332,-0.9452346905173077,-0.9452346905173077,1,8.613202171739518,8.613202171739518,16095.006840353215,3.2578953005316577e-07,67.405853768,-0.9452346905173077,-0.9452346905173077,FxSykbbwpK3VciKnyHdC29f9tiqjKR4Jx7Db3RkqFa9j,13,34.32936575459038,1.7832459810703583e-08,-0.9936480769775716,-0.9936480769775716,-0.9936709896886113,3.2578953005316577e-07,0.2757799026507304,,2LmhJnGvSaZiwaRy2tW757xXEjkkgx8vgBwqJNNF3qAp,-0.9443592135343343,-0.9450657051978949,-0.9450657051978949,7.381508665406928,-0.9452638646558301,0,,1790904355,0.0,0
standard,34.239282500015364,1,6,0,0,6,-0.07093346671107348,0.9265075148503159,0.7898536581770481,17.368766176999998,0.7898536581770481,0.43264731452815197,True,,136.25,-0.9430136422460224,-0.9430136422460224,0,0.9745956533336517,0.9745956533336517,16095.006840591994,3.2578953005799904e-07,67.405853769,-0.9430136422460224,-0.9430136422460224,12JcMRx9QphWP1hs4CEJ8FAeD2nUDgseAuGBQt6Tpump,12,74.72459102937617,1.872600463020005e-08,-0.9677193400059075,-0.9681136087146729,-0.9678862901236315,3.2578953005799904e-07,0.31161451944151985,,AiUzk8st5FCJXDYSb57zetrJVcobLPaEm8akBDifZU6h,-0.9422223426212041,-0.9422223426212041,-0.9429280259118926,0.8428142866501895,-0.9425211589001453,0,,1790904465,14.0,0
standard,34.210949166682035,0,2,0,0,4,-0.009105427134418198,105.00184902870214,104.0366569162577,682.729684421,104.0366569162577,100.36720300454662,True,,300.55,0.2757825052630851,0.2757825052630851,0,106.61739092648202,111.2933665745837,16095.006840353215,3.2578953005316577e-07,67.405853768,100.36720300454662,100.36720300454662,zMr3NRcrD5gLxzRNnkS2iHe9UCRCvpcaZpYPz3rpump,300,106774.8612457204,4.6632137251992496e-05,,,,3.2578953005316577e-07,99.44716381732387,,4rEcX95nqwhtYqBEbKFxN4kmZk9VhUSz5BRbz987oj3a,105.12686616234562,106.55496381225467,110.25851967206297,104.14317814468403,142.13577616930345,0,1,1790904567,0.0,0
dust,34.17122694445981,1,9,0,0,6,-0.9460553837901235,5.038530322208211,-0.6742537992967768,25.020279610000003,-0.6742537992967768,0.1387145488496131,True,,195.16666666666666,-0.9725143168746738,-0.9725143168746738,0,5.038530322208211,5.038530322208211,42.94167288888707,8.692104059932335e-10,0.179839633,-0.9725143168746738,-0.9725143168746738,4BCfB42zRzoZVN5Bn9apgM3Es42NGFXqVYD1VLLtpump,32,2.9070212932173667,1.7535035167928002e-11,,,,8.692104059932335e-10,-0.13765436452285518,,xf86oTE46bZKMV9c2gPUU5TUKrzcitNkmd4PsNXT4PC,-0.8862880593726755,-0.9269283498829965,-0.9554211201717976,-0.7408296587899839,-0.9798264780920438,0,,1790904710,1029.0,0
standard,34.12428250001536,1,18,0,1,6,-0.060398201385381434,1.7451826340580263,1.579378540486538,957.030501468,1.579378540486538,0.48021777642999175,True,,297.35,-0.9204073732017797,-0.9236803219666839,0,5.53092978442917,5.53092978442917,16095.00708390635,3.257895349830836e-07,67.405854788,-0.9204073732017797,-0.9236803219666839,J9SjRyY24ZNPgbQUQYQSv43i2QgVrNYek4scbFgSpump,72,398.0340241579794,2.3515693764308803e-08,-0.9692177176875552,-0.970508591804313,-0.9720162711659825,3.257895349830836e-07,0.15639688905307247,,8TKphAhrgz9EMG29Vepk1rAkDJfW69UFe4Yb1xadBhnR,1.009228062577983,-0.9203343578661802,-0.9236803219666839,1.2500966588266271,-0.927819370362741,1,,1790904879,976.0,1
standard,34.08483805557092,1,1,0,0,6,-0.017232464267272873,9.212771424024247,9.036780205389924,169.30439570899998,9.036780205389924,6.429344733825864,True,,13.983333333333333,-0.9461008990827068,-0.9461008990827068,1,14.210412074327701,14.210412074327701,16095.006840353215,3.2578953005316577e-07,67.405853768,-0.9461008990827068,-0.9461008990827068,EhqpR8nzXkHrHM9Au6QaJwAbw1Qx62CcX2PyY3xPcwTP,13,48.17864774583552,1.8048082885469837e-08,-0.9943931973316853,-0.9943931973316853,-0.9944805025134544,3.2578953005316577e-07,0.2757799026507304,,8QvV75CQ7qJS7wQgkFYwqGtrLAKz6h7QfUdvHPqMF4yh,-0.9437257539631319,-0.9437257539631319,-0.9437257539631319,8.003440230185099,-0.9446020168833401,0,,1790905021,0.0,0
standard,34.06039361112648,1,2,0,0,6,-0.0009840467539754538,11.245733597422532,11.233683223025942,226.58711829,11.233683223025942,8.893469923069677,True,,108.51666666666667,-0.9455090378454978,-0.9455090378454978,0,29.727860713708722,29.727860713708722,16095.006840353215,3.2578953005316577e-07,67.405853768,-0.9455090378454978,-0.9455090378454978,834KW43FMy37cpEWmHcZ16FmTDn3hWjYvXWJGDF5pump,35,36.293307220958425,1.7854645907661037e-08,-0.9954868350511001,-0.9955420245467849,-0.9955202179243051,3.2578953005316577e-07,8.639644025094242,,D73SAoCsmu8yJytcgPL9orLkqrTbggouGxCZZvHgBfrm,16.80282163954621,-0.9447873696818944,-0.94546254048934,10.523671031902422,-0.9451957651777596,0,,1790905109,0.0,0
standard,34.059282500015364,1,1,0,0,6,-0.12234559746634566,1.7092810985714255,1.377812483862427,1798.258811274,1.377812483862427,0.455369554293495,True,,173.45,-0.9378335075767235,-0.9381279188556262,0,3.9034794095749836,3.9034794095749836,16095.006868528972,3.257895306234896e-07,67.405853886,-0.9378335075767235,-0.9381279188556262,9ikUNbhkAR4wYC3VFYvtm8K2r86WJyJTZ6na2q3Upump,26,225.3415349761293,1.9924546100250653e-08,-0.9738555950710227,-0.9739794110913779,-0.9742798374046391,3.257895306234896e-07,0.2757848518774295,,DvBxeSN2phwHnq2gaZMLZFxbmcjL1YP5YJEXrxnWHMpa,-0.9373550927275801,-0.9378335075767235,-0.9381279188556262,0.7105290749185553,-0.9388422762937795,0,,1790905113,42.0,0
standard,34.05150472223759,1,1,0,0,6,-0.003199904643504725,10.896646697869588,10.858578562858941,168.72171065700002,10.858578562858941,8.704408431268364,True,,42.983333333333334,-0.9454760011636184,-0.9454760011636184,1,37.4684956062977,37.4684956062977,16095.006840353215,3.2578953005316577e-07,67.405853768,-0.9454760011636184,-0.9454760011636184,2725Wvfh9ZgTrk9GjFYzLauHUAbL4NBQQQwxUFEpXgY4,43,38.35594598104541,1.80744790955179e-08,-0.9953391167404109,-0.9953391167404109,-0.9953216142136161,3.2578953005316577e-07,0.2757799026507304,,h6ZdLkNgu93MEhmCMT4Q9wuX4LdASWJCMEMrReNtt4n,14.059676219447816,-0.9447285496938479,-0.9447285496938479,10.103277960961993,-0.9445209946048042,0,,1790905141,0.0,0
standard,34.02317138890425,0,1,0,0,6,-0.012990198016103127,9.091404360245287,8.960315019345133,141.79661265500002,8.960315019345133,7.846388571258306,True,1,118.28333333333333,0.27578250655455694,-0.9440999450122187,0,113.31254569200362,118.74275444983235,16095.006840353215,3.2578953005316577e-07,67.405853768,7.790870064728159,-0.9440999450122187,4YJ5h413tp42Avx4yxbJMQkVn2V1pnLmw22oYk8Jpump,79,60.853662422580435,1.8318173460058065e-08,,,,3.2578953005316577e-07,7.666411289603976,,2uQPJBsaPsrAxcdo9Bqdw3sKGN6nUMjcTo14MiFKsVeg,14.405557521989218,108.03674523132213,-0.9440843580963434,8.759123919984441,-0.9437729829529246,0,1,1790905243,0.0,0
standard,34.01817138890426,1,1,0,1,6,-0.4705460259789723,0.5217723226396749,-0.19429159622321457,386.230511537,-0.19429159622321457,0.21472571111978977,True,,292.98333333333335,-0.6876784214695908,-0.8712567309209192,0,3.363447775155249,3.363447775155249,16095.007049761158,3.257895342919285e-07,67.405854645,-0.6876784214695908,-0.8712567309209192,9auxxjpRQFcKyteHhAESosvvqwyPJPCQJwbAddkfpump,182,645.8310877611879,2.8666679794802535e-08,-0.4065809857204533,-0.8317943713869742,-0.8907900085599356,3.257895342919285e-07,0.2606094085230042,,DWpn2uNs1NwMujAASPpw5eP4ZQLmc8gjZYFSz5FCH9Sn,1.003614230708298,-0.668927633191714,-0.8550385942350133,-0.3213910017813748,-0.9120085921203492,0,,1790905261,1134.0,0
standard,34.00983805557092,1,1,0,0,6,0.0,12.289329550208082,12.289329550208082,182.654331521,12.289329550208082,10.123591983672299,True,,19.483333333333334,-0.9467251704318426,-0.9467251704318426,1,23.474248813217745,23.474248813217745,16095.006840353215,3.2578953005316577e-07,67.405853768,-0.9467251704318426,-0.9467251704318426,6JoSkBTZEeRV19D7wvTbp87hsen8dMyzEh5x22MBHPLp,17,31.950197558411176,1.7757448589375585e-08,-0.9959024048622586,-0.9959024048622586,-0.9958985221400048,3.2578953005316577e-07,10.024498202953097,,5d8oA6nyLBFJpeHG219CQN2Ae9tQzzTrHpdU66jMVH5W,-0.9457655468205173,-0.945545707851224,-0.945545707851224,11.636913541647914,-0.9454941090756424,0,,1790905291,0.0,0
dust,34.009004722237584,1,2,0,0,6,-0.9559154011896774,5.597710311627129,-0.7091425878451898,20.009441831,-0.7091425878451898,-0.7163017721396043,True,,274.43333333333334,-0.9596413344147469,-0.9746660358902544,0,5.597710311627129,5.597710311627129,127.84982212574836,2.5878916288061863e-09,0.535434778,-0.9596413344147469,-0.9746660358902544,3MAR4UzdHVNVmrhpd59vC8AqcHKBYSBkKA3LEmELpump,88,25.75112892971645,4.712860376895459e-10,,,,2.5878916288061863e-09,-0.33737065404080857,,2vxavVEYP1m1i3P726tuedK2MRKgyCLFpJKQa1iHcyJD,-0.669416540745164,-0.28768434487067673,-0.9184290003559494,-0.728843455826501,-0.8178880319239049,0,,1790905294,963.0,0
standard,34.002338055570924,1,1,0,0,6,-0.15930876257956006,0.48690586767441757,0.250028733822919,332.39393725,0.250028733822919,0.2566511518295773,True,,296.03333333333336,-0.7647927702124246,-0.8237219805358365,0,0.48690586767441757,0.48690586767441757,16095.007059312258,3.2578953448525857e-07,67.405854685,-0.7647927702124246,-0.8237219805358365,7D1BLxMoCj4v7wGpWGm3RnuMZqcxjAeSG3WTTWHEpump,126,943.7722581531127,3.708519445794092e-08,-0.8085945719550439,-0.8562198557187624,-0.9089366893099236,3.2578953448525857e-07,0.26607288561425757,,BvzfTAq39dSGE1A6b6xb9EsWkd8wJzPyMESwLMGpv3Jc,0.04474557231385545,-0.7593659940424085,-0.8215022804217368,-0.22837979059455094,-0.8861682450403607,1,,1790905318,1807.0,1
standard,33.986782500015366,1,1,0,1,6,-0.370335166460918,2.256596184538348,1.0505640944413486,1289.627102571,1.0505640944413486,-0.008781817227756283,True,,272.1,-0.3474557362540872,-0.928288910778561,0,2.256596184538348,2.256596184538348,16095.006845606322,3.257895301594973e-07,67.40585379,-0.3387051280200495,-0.928288910778561,2ZfU7Kv3mE86vUDQ1usf9bfDgyqjwP7JzqgvLmudpump,78,322.57586841362814,2.261183113792847e-08,-0.49511056568324774,-0.9650286038774244,-0.9661526040676214,3.257895301594973e-07,0.27296195928587075,,6oD1kBVy7crVpav7nbXTiVxRFowWdPbg9XykJUE8tRi,0.2238300314994972,0.27381084291698254,-0.928288910778561,2.0972279033201606,-0.9305937452107244,0,,1790905374,1.0,0
dust,33.97428250001536,1,39,0,0,6,-0.7669565860894711,2.0245484015523703,-0.2951489149646025,0.358757021,-0.2951489149646025,0.5855829164305884,True,,261.35,-0.8024009138395728,-0.8024009138395728,0,2.0245484015523703,2.0245484015523703,17.251502479855418,3.4919891251812467e-10,0.072249255,-0.8024009138395728,-0.8024009138395728,EgcLzWWpTNaBhME3b93sr5bVfLxbcEamRz9836iPpump,50,1.3821208344311684,1.2046366725815875e-11,,,,3.4919891251812467e-10,0.02727316227961052,,5xQ4MxCxStiTwjXjFXaAWLHhDbEtPFLRLBhAup7fG2ZD,0.29389433652233543,0.13431724796739708,0.17645807791289458,-0.4216562877836806,-0.9655028515439875,0,,1790905419,1535.0,0
standard,33.94233805557092,1,1,0,0,6,-0.9092363032781563,1.0243014154230163,-0.8162669202569464,816.190491242,-0.8162669202569464,0.3025932976051462,True,,292.43333333333334,-0.917136513956311,-0.9216011471880937,0,1.0243014154230163,1.0243014154230163,16095.007111126995,3.2578953553407446e-07,67.405854902,-0.917136513956311,-0.9216011471880937,HQvv6EZvnq2nq59rVTHoY5gj8cXQrk1cjEyiYGDapump,62,397.4605864744556,2.4370328476465272e-08,-0.5491373846639263,-0.5733002847307345,-0.5928664448067436,3.2578953553407446e-07,0.24876805225698817,,FRMezVL2UHwiMBTuDGaKNV68Dk1bYU2ZXMokowRY3Kkh,-0.8184076951822483,-0.917136513956311,-0.9216011471880937,-0.6645428250669871,-0.9251960980376045,1,,1790905534,580.0,1
standard,33.851504722237586,1,1,0,1,5,-0.14093467301531726,1.216837494329456,0.9044082269380389,545.63314354,0.9044082269380389,0.33061455469475054,True,,299.98333333333335,-0.17169737636146054,-0.17169737636146054,1,24.536331792679768,24.536331792679768,16095.007029703838,3.257895338859352e-07,67.405854561,-0.17169737636146054,-0.17169737636146054,7cYaQc21w9dzKkGP6LgkqtmL5yzoK5UJE1GeamTRHwny,300,4697.738419732585,1.205163786246787e-07,5.077056472138853,0.21898912987792074,-0.8057554260972127,3.257895338859352e-07,-0.10942924920243824,,DZrcUWZy7WfKx1ktcJpaSNRWLgUFB8T5Hk7quj8coDNV,5.257112082350276,8.067043264708836,1.834705661679921,0.4007488364075229,-0.630079035421458,0,,1790905861,1098.0,0
standard,33.84706027779314,1,1,0,0,6,-0.5561855271285915,0.8855840369504748,-0.16315051458608254,226.884826013,-0.16315051458608254,-0.7251528363209065,True,,23.716666666666665,-0.9299859818814495,-0.9299859818814495,0,0.8855840369504748,0.8855840369504748,16095.006845845099,3.257895301643306e-07,67.405853791,-0.9299859818814495,-0.9299859818814495,G1yMKNJgBbFxmy8PLK72CW5eikGx12XjQxhAhRynpump,10,313.1343246106961,2.2800487809402412e-08,-0.9163361878821965,-0.9163361878821965,-0.9163704688682339,3.257895301643306e-07,0.27436158655841214,,HmCXyB4g17aFQLujMpe85tA4uDwkXH4Pysdn8T2Vo53M,-0.9299659465824682,-0.9299859818814495,-0.9299859818814495,0.5173267501642635,-0.9300146699069743,0,,1790905877,108.0,0
dust,33.835949166682035,1,56,0,0,6,-0.9821483571316117,1.2139555284852865,-0.960477256578987,7.063360988999999,-0.960477256578987,-0.7745315866863762,True,,61.05,-0.9757929491088663,-0.9757929491088663,0,1.2139555284852865,1.2139555284852865,35.534611510711024,7.192792460125664e-10,0.148818876,-0.9757929491088663,-0.9757929491088663,2zkbD1UCArXgwwdkzTmc4wiDpTCvv4i2Jd7wjjX4pump,13,2.0649881754380246,1.1720503962632818e-11,,,,7.192792460125664e-10,0.028348438773162288,,Dhrf3WkZTniAczuzHLsxW16fLEDTjuv2Y5uSWft9EfmV,-0.9702041491010329,-0.9702041491010329,-0.9703958679472298,-0.9386914916427599,-0.9837052104205602,0,,1790905917,208.0,0
standard,33.78233805557092,1,2,0,0,6,-0.9944082690384485,9.047669347037205,-0.9438161362207397,384.227035883,-0.9438161362207397,8.84396015589285,True,,101.83333333333333,-0.9438161362207397,-0.9438161362207397,0,9.047669347037205,9.047669347037205,16095.006840353215,3.2578953005316577e-07,67.405853768,-0.9438161362207397,-0.9438161362207397,6JPpx8dTrLrdkTg1Dwx2mU67jVBk3e7fzNiwtWKNpump,9,71.01056341174194,1.8568157068893592e-08,0.0010974615128558352,0.0010976779283937699,0.014425308067397946,3.2578953005316577e-07,0.27578250655455694,,4Q1acjgSKQYAYqg86D881M5Jq8cPwZiHD3NqZy91GuEd,-0.9430608984505896,-0.9437544765925984,-0.9437544644335373,1.4373019982711166,-0.9430056666773071,0,,1790906110,0.0,0
standard,33.77900472223759,1,1,0,0,6,-0.041186741784271064,6.461462489846883,6.1541491609445345,190.88481117600003,6.1541491609445345,5.255341866250951,True,,6.633333333333334,-0.9454769393366811,-0.9454769393366811,1,6.6037074638135635,6.6037074638135635,16095.006840353215,3.2578953005316577e-07,67.405853768,-0.9454769393366811,-0.9454769393366811,FCEnd9G1TCrYmarN793zTZTtT8gDUcMBbzXJQyvUwdF,8,27.367547168022814,1.778027272514633e-08,-0.9923788196979498,-0.9923788196979498,-0.9923714270399849,3.2578953005316577e-07,0.2757799026507304,,Fy6nmvcFKwy3ApLLxtaTPUMyRcZueLWSzA8bvKka94c7,-0.9454769393366811,-0.9454769393366811,-0.9454769393366811,5.64933515254865,-0.9454240511589038,0,,1790906122,0.0,0
standard,33.773449166682035,0,2,0,0,4,-5.769398267041481e-05,354.4968488332413,354.47633880420534,4.4946422440000005,354.47633880420534,348.7391301281593,True,1,300.3,345.904027183957,345.904027183957,0,374.6278148960418,430.7410349409085,16095.006840353215,3.2578953005316577e-07,67.405853768,347.2477154753658,347.2477154753658,DJRskNh2jL3GSBUXAsW5Yo5p2a68555p4CCC6iFupump,300,23.267540398428586,1.8006523381488565e-08,,,,3.2578953005316577e-07,345.92304898254883,1,Ae7QC4J8G9PA4rhoocBXf7gMPS6Nm6mJ3yMFujXQQfzD,355.101688841494,374.32041260883,430.48852837027204,352.82929685960255,-0.944729582382374,0,1,1790906142,0.0,0
dust,33.77178250001536,1,18,0,0,6,-0.8399076471323416,0.2548341954347497,-0.7991106411940557,3.614479259,-0.7991106411940557,-0.526738843498326,True,,248.2,-0.9665428996515262,-0.9709531393575589,0,0.2548341954347497,2.047910240146196,41.699371625232786,8.440641759304011e-10,0.174636878,-0.9665428996515262,-0.9709531393575589,5hMBQ5UPoyG1C8v7DSUpiAtnn7kVrYkaCVBXBZ8wpump,56,4.227727091687052,3.952988226945413e-11,,,,8.440641759304011e-10,0.0003603605546385058,,5W4SHWDqmc3ENyuwMVyNiFkZPG3EKz1W16SjztWWGJya,-0.9444758329294617,-0.9631075505040566,-0.8963401088300714,-0.6492475877752417,-0.9531672076641793,0,,1790906148,469.0,0
standard,33.71956027779314,1,2,0,0,6,-0.845782978245956,0.43387151397910584,-0.7788726055361803,199.772615979,-0.7788726055361803,0.33572656041783655,True,,5.066666666666666,-0.9423066633894521,-0.9423066633894521,0,0.43387151397910584,0.43387151397910584,16095.006846561431,3.257895301788303e-07,67.405853794,-0.9423066633894521,-0.9423066633894521,BiMa3GEe4nzByHFH6Trh6PzRyCP8xjforCMwucb3pump,7,379.8357930622425,4.0099268959359105e-08,-0.06615357754554374,-0.06615357754554374,-0.44338259390860246,3.257895301788303e-07,0.275861659331438,,HzGBXgp25gbwJe6EY4T2YAEj9WaTQytwLCRM8Akp7SM7,-0.7935009737732867,-0.7935009737732867,-0.7935009737732867,-0.8069390289141452,-0.8769166432777994,0,,1790906336,90.0,0
standard,33.71067138890425,1,2,0,0,6,-0.02346504652427983,12.412766415259446,12.098035227306084,205.82509572299998,12.098035227306084,10.384328788183995,True,,29.533333333333335,-0.9457283127204104,-0.9457283127204104,0,15.740337698531462,15.740337698531462,16095.006840353215,3.2578953005316577e-07,67.405853768,-0.9457283127204104,-0.9457283127204104,3DxQLDPQgcv1WqfdWorZxT1P8ts2XDNLau6zv3Jvpump,18,28.4502781381799,1.7521786898042986e-08,-0.9958377636539048,-0.9958377636539048,-0.9958938471030774,3.2578953005316577e-07,0.27578250655455694,,GCWyDVhmbzeRv7agL6uy66dC5Ekg6eTqUjq91JUq5Jpd,-0.9456629241208291,-0.9454828817144711,-0.9454828817144711,11.653089318821968,-0.946217464707403,0,,1790906368,0.0,0
standard,33.70483805557092,1,1,0,0,6,-0.0006451216233501755,8.228714530024424,8.22276088672538,142.747202916,8.22276088672538,6.279128859782079,True,,104.18333333333334,-0.9453664907762286,-0.9453664907762286,1,9.104906755988766,9.104906755988766,16095.006840353215,3.2578953005316577e-07,67.405853768,-0.9453664907762286,-0.9453664907762286,HLzeHcspVxztsaLCmJeRa1Xjf3fD5AEXmW2gEtbuU7Ls,12,32.81169859671783,1.809330678685538e-08,-0.9939933516229449,-0.9940632388423206,-0.9939782894685951,3.2578953005316577e-07,6.251229252238962,,2gEtoma8mz6uDXwL2wtSQpr5pfY1qpUVPgHx51HBucds,-0.9446021182877834,-0.9446021182877834,-0.945246671401124,7.6115001166669884,-0.9444632036397771,0,,1790906389,0.0,0
dust,33.681504722237584,1,2,0,0,3,-0.7546476457060645,2.3172933386094074,-0.1860942694885922,0.17786886500000001,-0.1860942694885922,0.7016701936961618,True,,242.78333333333333,-0.5704582153987656,-0.8567686357384068,0,2.3172933386094074,2.3172933386094074,9.940384561067756,2.0120980666988883e-10,0.041630309,-0.5704582153987656,-0.8567686357384068,6RzUWmt3sP2smZSzGJCPBRUstSZnAfi7A44Xkfy9pump,11,2.8174482346627827,1.584149883454258e-11,,,,2.0120980666988883e-10,0.23511870195581208,,ELuQPpLTGssWyyhTt3Fwvefu3UmfgxhTQxWYxW6ERJe5,-0.5704582153987656,-0.5704582153987656,-0.5265387905108854,-0.1860942694885922,-0.9212687537614275,0,,1790906473,10064.0,0
standard,33.577060277793144,1,1,0,0,6,-0.8005350101890849,8.508833113676843,0.8966793001332443,277.396692855,0.8966793001332443,6.37733615510059,True,,8.516666666666667,-0.9452974760103334,-0.9452974760103334,1,8.508833113676843,8.508833113676843,16095.006840353215,3.2578953005316577e-07,67.405853768,-0.9452974760103334,-0.9452974760103334,4G4KS1kSjGo6Q5SbjL57Jt8Kb5YtdvWnzUWdGnTc4xLe,10,35.4681566875169,1.8466364649823102e-08,-0.9711309424047443,-0.9711309424047443,-0.9701151982237645,3.2578953005316577e-07,6.251229252238962,,EBPrAqLkzfzu9wQTvwuHMCZ5Z6nx7je5GuDRTJh3ZBAA,-0.9452446560447241,-0.9452446560447241,-0.9452446560447241,8.078412154268799,-0.9433181150824289,0,,1790906849,0.0,0
standard,33.5576158333487,1,4,0,0,6,-0.012502214306167603,12.235441759928865,12.069969430609433,191.539282198,12.069969430609433,8.59603716459611,True,,82.35,-0.9457050056325286,-0.9457050056325286,0,27.111205900605633,27.111205900605633,16095.006840353215,3.2578953005316577e-07,67.405853768,-0.9457050056325286,-0.9457050056325286,4JcKsn2Gx1HzuFYMtvGAmhyPwz5QjPS4Ua4jKj9apump,27,31.214073398048548,1.7814689181999813e-08,-0.9958354353281638,-0.9958371981803362,-0.995816242012834,3.2578953005316577e-07,0.27578250655455694,,5ZhzmWTDXBZkSegpzNdasGXXC4V3i6MMaymkJmF3yEWz,20.94694753885152,-0.9455692670473043,-0.9455923074713086,11.202957219164931,-0.9453184110026721,0,,1790906919,0.0,0
standard,33.54983805557092,1,1,0,0,6,0.0,12.52082945721621,12.52082945721621,185.640924418,12.52082945721621,10.119306301054714,True,,26.883333333333333,-0.9520959861300821,-0.9520959861300821,1,23.28557113314562,23.28557113314562,16095.006840353215,3.2578953005316577e-07,67.405853768,-0.9520959861300821,-0.9520959861300821,HcDBGRZLzehDTA6eT5v4aCwxvELRe6xojQahJBH8kunX,28,81.55725842262513,1.8456736335661637e-08,-0.9959290936418327,-0.9959290936418327,-0.9958099958800235,3.2578953005316577e-07,0.2757799026507304,,6HTqNo6ADWyRKzQSyyx9qD5rwK4AJCJJ3eY1VtwdZsC1,16.083014685770436,-0.944957969394922,-0.944957969394922,11.611530685996932,-0.9433476688687642,0,,1790906947,0.0,0
standard,33.49872694445981,1,1,0,1,6,-0.26892240260643874,3.1820528583741634,2.0574051558730586,371.03158078,2.0574051558730586,2.1596022416085647,True,,299.81666666666666,-0.7794923460579364,-0.7794923460579364,1,3.1820528583741634,3.1820528583741634,16095.006852053315,3.257895302899951e-07,67.405853817,-0.7794923460579364,-0.7794923460579364,DyrjPqqqTdcqg6NCuRDpMtoE9knDdPbRtXhghgPXnPw8,124,8935.844435979358,4.6713700176991003e-07,-0.4795264694626573,-0.7439609855082026,-0.5310201840818962,3.257895302899951e-07,0.30631304120455805,,48VCc7v35W4knRvMRa7HPtEtX6wsBN5Q7JPyBfgCXHaM,1.6596589809070013,0.9634158220945312,-0.21718499698812155,2.4840386426891183,0.43386130718840854,0,,1790907131,121.0,0
standard,33.46650472223759,1,1,0,1,6,-0.21565101383700302,1.4287736469340633,0.9050061475921374,1282.3915761260002,0.9050061475921374,0.8900196367322364,True,,299.8833333333333,-0.8955978066084986,-0.9097277927832594,1,1.485572668064425,1.485572668064425,16095.00705023871,3.25789534301595e-07,67.405854647,-0.8955978066084986,-0.9097277927832594,DBn1mFRGcnKoSCkgh7w7BFM64dZvpbtZQWeXnyBJanon,104,460.1351391746551,2.4935983507613005e-08,-0.9402695769360232,-0.9515327866301578,-0.9598215672931785,3.25789534301595e-07,0.27578485171910927,,5B94srvYnVNY71GW5vKpKSWdBH2KW5PcDXNwrgRBwsB7,-0.7623329644938692,-0.8886154627672113,-0.9076696605737908,1.1991046578070925,-0.923459838692888,0,,1790907247,2294.0,0
standard,33.4326158333487,0,2,0,0,4,-0.00525270122514232,4500.984365519293,4477.336786726958,28.617987236,4477.336786726958,4467.744481894571,True,,300.85,4449.831955331094,4449.831955331094,0,4923.494129415748,6367.017758743412,16095.006840353215,3.2578953005316577e-07,67.405853768,4449.831955331094,4449.831955331094,6WbiJtjXoNpLH6GhSvDX4HqRUN3ShQgxsk56Synpump,300,1585617.7570758127,0.010027256735264682,,,,3.2578953005316577e-07,4454.275118767144,1,9Z1cRcyxQCLMBLaSACAimrBv5ZA2nhBHESbjxviLTbgg,4580.705311955329,4916.171675540355,6358.039432264372,4491.76217424249,30777.327141539292,0,1,1790907369,0.0,0
standard,33.42956027779314,1,2,0,0,6,-0.012833944154881483,15.840394862972477,15.624266175754936,248.75167025099998,15.624266175754936,12.190335201843059,True,,36.666666666666664,-0.9536110501823662,-0.9536110501823662,0,17.826796251509,17.826796251509,16095.006840353215,3.2578953005316577e-07,67.405853768,-0.9536110501823662,-0.9536110501823662,782qmpSHdrjTHf2kcH1i3npPyq8sw3oDSLFLqsiUpump,38,38.53287415976387,1.7877195267347353e-08,-0.9969534787924708,-0.9969534787924708,-0.9966991956972475,3.2578953005316577e-07,0.27578250655455694,,H2TeoCrws6fc9N7aREGLhXqqyReR7a6DTLSrCEkB42V,4.93945882555739,-0.949353820535952,-0.949353820535952,14.98411846109257,-0.9451265506769663,0,,1790907380,0.0,0
standard,33.397060277793145,1,1,0,0,6,-0.001512728682419473,8.578049995595302,8.563561004645317,146.715112015,8.563561004645317,6.469109315257089,True,,30.716666666666665,-0.9451855783229377,-0.9451855783229377,1,28.309447834662585,28.309447834662585,16095.006840353215,3.2578953005316577e-07,67.405853768,-0.9451855783229377,-0.9451855783229377,5YRJuTzb3bmY4tpsEuN19pRxKHviKBdz57hnHRfeP7xE,29,41.642240377600544,1.8483308892767538e-08,-0.9942572010032791,-0.9942572010032791,-0.9940677019079426,3.2578953005316577e-07,0.2757799026507304,,ALfnFvthn741Xk6oSqT28kjzREkpThDERPtEsP7Gp95x,13.685008520565164,-0.9450783914574432,-0.9450783914574432,7.873927726711999,-0.9432661052988681,0,,1790907497,0.0,0
standard,33.38900472223759,1,1,0,1,6,-0.773374120293016,0.5473954103010679,-0.6493201538859711,109.20638123399999,-0.6493201538859711,0.2910186630785545,True,,257.23333333333335,-0.933730589460833,-0.933730589460833,0,0.5473954103010679,0.5473954103010679,16095.007149570187,3.2578953631222817e-07,67.405855063,-0.933730589460833,-0.933730589460833,7eXuoiuEo3Tx8Yhq7hguZyyiQYKTzASSyHUe6TExpump,23,210.20734219942,2.1548562796225392e-08,-0.8017713997225959,-0.8014832561130381,-0.8113875437176664,3.2578953631222817e-07,0.28603500449214736,,Epvwwzecg2XtnGXCbYcY4Jocz8YvK9ycytvvMDANGTdc,-0.9328702060676608,-0.9304852249593206,-0.9303841788026621,0.5293810769263694,-0.9338574128557222,0,,1790907526,6140.0,0
standard,33.379282500015364,1,1,0,1,6,0.0,1.399261428730774,1.399261428730774,111.820935107,1.399261428730774,0.8385996626602465,True,,290.65,0.2444651746866846,0.2444651746866846,0,1.4567052411337023,1.4567052411337023,16095.006914851821,3.2578953156114064e-07,67.40585408,0.5032458040302918,0.5032458040302918,CZdNwvFCdKM5KoVLNFj1uc5anCYteHXCJP5Aq5Kkpump,84,12323.934876059175,8.217261933157043e-07,-0.27456267881111307,-0.26328672895121064,0.05126555123322096,3.2578953156114064e-07,0.2669746838949101,,2xMj4Nhu3NnUkfRebZ9dV5oppERBdzwsnYcBcG91FghG,1.047048231238588,0.737790703256892,0.7680854459738988,1.2394773671254535,1.5222608884272626,0,,1790907561,106897.0,0
standard,33.37344916668203,1,794,0,1,6,-0.27128755015897255,2.2392940956030722,1.3605139361624903,1364.233614614,1.3605139361624903,0.27496339820803883,True,,300.3,-0.7263671065306663,-0.7351418896737899,1,2.2392940956030722,2.2392940956030722,16095.007271346753,3.25789538777187e-07,67.405855573,-0.7263671065306663,-0.7351418896737899,CRwv4LBK1gX1NeeGWjtuN7X9RTPk3MaAiKk6gYnggWej,207,1094.8520572496266,3.850511936859843e-08,-0.7874814143392997,-0.829686673028571,-0.9499303252283936,3.25789538777187e-07,0.2635636744451406,,DvNE6wWTQD9GnjvqKFRD12dktn9ywJXb9PneKVX5NNpq,1.2086629701753218,-0.5415184337996173,-0.6006270481480178,1.2705782474187433,-0.8818098349224996,1,,1790907582,1825.0,1
standard,33.35594916668203,1,2,0,0,6,-0.013806097901546521,11.161752897304623,10.993846546150019,212.99839390500003,10.993846546150019,8.725680669761232,True,,23.25,-0.9457185921794117,-0.9457185921794117,0,13.952467436200392,13.952467436200392,16095.006840353215,3.2578953005316577e-07,67.405853768,-0.9457185921794117,-0.9457185921794117,9dgyjAzsfkMMBVxNiFDG352UWncxCyLK2WAqbqZxpump,20,28.221632219903796,1.7757969417113867e-08,-0.9954695017010277,-0.9954695017010277,-0.9954553787746208,3.2578953005316577e-07,0.27578250655455694,,7V3gVfuYQoEHpJ8UAhbS6yrie8oTyFRvhASUdg7zsrgu,-0.8921322915877977,-0.9456618986245326,-0.9456618986245326,10.582023022520929,-0.9454925104124251,1,,1790907645,0.0,1
standard,33.345393611126475,1,1,0,0,6,-0.752104195623893,7.335265916911233,1.0662774491614595,247.512138594,1.0662774491614595,6.4796792406286885,True,,40.61666666666667,-0.9445894409405319,-0.9445894409405319,1,9.112312022563835,9.112312022563835,16095.006840353215,3.2578953005316577e-07,67.405853768,-0.9445894409405319,-0.9445894409405319,EWyhm5Mg7GVfnsoS2iFanVkE36BHYdai17De4L8a5P5c,16,50.55370545302844,1.8200823070599937e-08,-0.9731084084493974,-0.9731084084493974,-0.9729625786711116,3.2578953005316577e-07,0.2757799026507304,,A2paBkUvWDmTppS1FpseWRpszWwo2aRMR9QaZ7wtXxww,-0.9418636303506901,-0.9444345108069289,-0.9444345108069289,0.9683975782384155,-0.9441331860246407,1,,1790907683,0.0,1
standard,33.33817138890425,1,1,0,0,6,-0.42126193320122973,0.901364189036872,0.10039183504361082,486.165081828,0.10039183504361082,0.3936370007227501,True,,299.18333333333334,-0.8906755072733584,-0.9179344832537311,0,0.901364189036872,0.901364189036872,16095.007223591234,3.2578953781053644e-07,67.405855373,-0.8906755072733584,-0.9179344832537311,91gwzoFp3nxwsPw5KJfvAxnYtzJZvEzxNLVnJcxNpump,93,215.96444151510752,2.100717998252466e-08,-0.9047450538199246,-0.9243775007690851,-0.941401936567944,3.2578953781053644e-07,0.2671122582998433,,4NGAS8vGEkytheqdMfLHbwHYJiwSkVmFJDn4MDCBtxKu,-0.8027123126064704,-0.8798448952354034,-0.9171017308492586,0.3945022186346432,-0.935519169449998,0,,1790907709,900.0,0
standard,33.3226158333487,1,1,0,0,6,-0.7271022046048438,0.33549221684912056,-0.635547118254485,293.36757468200005,-0.635547118254485,-0.4740374743783161,True,,239.25,-0.8660652861038103,-0.9020659415141494,1,0.33549221684912056,0.33549221684912056,16095.006969531889,3.257895326679556e-07,67.405854309,-0.8660652861038103,-0.9020659415141494,DthCpSdb1zsB7y8Spg9LsEG5fubBuZL2y6iyDUbuJtiE,93,270.26765944260063,2.1952394224251973e-08,-0.7088989015659605,-0.6619151446018238,-0.8151142761410651,3.257895326679556e-07,0.2609427639359734,,EpKqL4KVyVjVptZ9Dy8V8cjJiaVEWVpVhKUwsBA3kTgn,-0.7823948621696809,-0.855508728128687,-0.8739449725987404,-0.5882816007809287,-0.9326178651460056,1,,1790907765,543.0,1
standard,33.28317138890425,0,2,0,0,5,0.0,434.9758412045255,434.9758412045255,5.911203725,434.9758412045255,427.65123031448996,True,1,299.8833333333333,423.7298366209188,423.7298366209188,0,456.36135779873604,512.0238757395632,16095.006840353215,3.2578953005316577e-07,67.405853768,425.99018338386367,425.99018338386367,F66TL99eEJ66VqFwHaaEVF5o2URJXmVAdQTn9fQcpump,300,23.203587193729714,1.7756839976750478e-08,,,,3.2578953005316577e-07,423.7298366209188,1,BerSqAGnpQLPv155NoNDvpK5p4HgkEKxzyN9Dj7NzjWq,437.9433932355998,455.9625433453961,511.585376141256,433.07768434565077,-0.9454959771916159,0,1,1790907907,0.0,0
standard,33.28206027779314,0,2,0,0,4,-0.0051889863690184335,4371.071071998464,4348.384454801483,3.898276467,4348.384454801483,4351.461858693672,True,1,300.81666666666666,4326.122536515447,4326.122536515447,0,4412.207596600813,4554.838325326186,16095.006840353215,3.2578953005316577e-07,67.405853768,4336.793012989669,4336.793012989669,V6ngLx9auEpPmq99MaSKgSd8MwwSGYAijrTToMapump,300,152.87555886049276,1.941758871937063e-08,,,,3.2578953005316577e-07,4347.852646641805,1,BKABzEMpo6apeqrZaJGy8r2TYbdGQ9kob8RLj8uhkE8L,4351.707731678409,4411.762808331078,4553.870454298966,4367.473400497544,-0.9403983648087099,0,1,1790907911,0.0,0
standard,33.281504722237585,1,63,0,0,6,-0.6266700802528291,3.45626446182541,0.6636568539054499,1868.049649219,0.6636568539054499,0.4570747021284387,True,,290.78333333333336,-0.9061024608232825,-0.9061024608232825,1,3.45626446182541,3.45626446182541,16095.00698027688,3.257895328854519e-07,67.405854354,-0.9061024608232825,-0.9061024608232825,CrAFB4iZZFP4xoASUE6sBNipdEZqXpYDx4LD5JN4pHy4,88,792.3701362334218,3.194752141668039e-08,-0.9372224068364479,-0.940435036042121,-0.9410564498904791,3.257895328854519e-07,0.24344650264666257,,452CL8aGJJGprUCDcT6KpAmDNp4DK6YQeVJDCHRghydE,-0.8072519287565125,-0.8931967385848077,-0.9009043394588434,2.349743142027822,-0.9019381588667762,1,,1790907913,272.0,1
dust,33.25650472223759,1,389,0,0,6,-0.9164283846257643,0.7329791791958173,-0.8551721305846883,1.427110388,-0.8551721305846883,-0.3115122506923792,True,,64.28333333333333,-0.9740303116426138,-0.979702413376427,0,0.7329791791958173,0.7329791791958173,12.534715655184373,2.537233542774287e-10,0.052495362,-0.9740303116426138,-0.979702413376427,EacyKAzSXr4FyKsb8m8e8T8JHPE122TqJ4TCUPYCpump,15,0.7161033125680139,1.0043453895630978e-11,,,,2.537233542774287e-10,0.0004919664778622046,,63rcVfV9akwfeVUh42QZq5PCdcJkJToGtKQsLvnKiHka,-0.9369970420874005,-0.9604933278980097,-0.9778235986306484,-0.8680263705662159,-0.9604157294694711,0,,1790908003,299.0,0
standard,33.253171388904256,1,2,0,1,6,-0.45601276416753034,3.978614386119278,1.7083026781807935,1081.194755081,1.7083026781807935,3.2273435084169835,True,,278.0833333333333,-0.9403024365396176,-0.9413915259505509,0,4.253315440717273,4.253315440717273,16095.006840353215,3.2578953005316577e-07,67.405853768,-0.9403024365396176,-0.9413915259505509,AxrtKHZhxAvX3znTsi23ZxDc3HR4KyyVJGCze4pwpump,65,161.7842950734018,1.907744897944152e-08,-0.9782397878061564,-0.9780744678525068,-0.9783784921173285,3.2578953005316577e-07,1.2961976468787006,,DW4YhbhUkLbc8sZ98VYjnoAuLrjSX8jk9i6invGNGQ5W,3.0120193540341766,-0.9395509224286497,-0.9406190225644051,1.856076304943067,-0.9414424122950537,0,,1790908015,0.0,0
standard,33.22233805557092,1,2,0,0,6,-0.5022532786921923,6.929763244458831,2.9470136556765465,471.12787342300004,2.9470136556765465,6.752710999518588,True,,16.233333333333334,-0.9454151432450872,-0.9454151432450872,0,6.929763244458831,6.929763244458831,16095.006840353215,3.2578953005316577e-07,67.405853768,-0.9454151432450872,-0.9454151432450872,4qSGiSv239Wqttnk6a2wHShqsgbDczqSYB9ehdxBpump,18,55.33659910361015,1.870019930428272e-08,-0.9858905100355497,-0.9858905100355497,-0.9854574527659471,3.2578953005316577e-07,0.27578250655455694,,H47AW9REZPh6UTpASyoUGdfVPSBRXePQdUazRuCtMWLy,1.6000111140241997,-0.9443096504356838,-0.9443096504356838,2.6206251513051284,-0.942600367478872,1,,1790908126,0.0,1
standard,33.21872694445981,1,351,0,0,6,-0.25516391477020595,1.1309829842897012,0.5872330237096448,298.8115211,0.5872330237096448,0.24476594244821936,True,,290.01666666666665,-0.7858079988562895,-0.8677765951620102,1,1.1309829842897012,1.1309829842897012,16095.007223352459,3.2578953780570327e-07,67.405855372,-0.7858079988562895,-0.8677765951620102,Gu5rBKhDjHriv7F4LckF8oRAZxoAYgAXCJbtH8BwAmao,164,460.3738868677867,2.557688602865504e-08,-0.4361598670849174,-0.9172564161145645,-0.9505382083242164,3.2578953780570327e-07,0.24476594244821936,,9XeuZEhwtifEpASg5TZ9cbRBRVzrdW1FexMwGhjcRrVN,-0.6077808402327551,-0.6348090885528699,-0.8643796088302651,0.5433891717141097,-0.9214926108403494,1,,1790908139,2558.0,1
standard,33.21206027779314,1,2,0,0,6,-0.0016609968333450853,12.502256354886642,12.479829149838162,196.098336364,12.479829149838162,10.379413735298444,True,,23.616666666666667,-0.9457108428502755,-0.9457108428502755,0,15.409294093095586,15.409294093095586,16095.006840353215,3.2578953005316577e-07,67.405853768,-0.9457108428502755,-0.9457108428502755,4Dxjc1eGFPmafGmHfbj48Lfn9c9H6Yd6jerudqeypump,14,28.283606568724206,1.7723456232206134e-08,-0.9959694454128957,-0.9959694454128957,-0.9959642253679092,3.2578953005316577e-07,0.27578250655455694,,6ayaUxWfsvEBtrps8Zy4kNTjCzZcEqxosi8HVZDKvFR7,-0.9456626484369239,-0.9456688127867374,-0.9456688127867374,11.725911602369472,-0.9455984474721645,0,,1790908163,0.0,0
standard,33.20706027779314,1,1,0,0,6,-0.01876834171858277,9.371140731437903,9.176491618178764,172.323563812,9.176491618178764,8.51015720714768,True,,15.316666666666666,-0.9457088462730243,-0.9457088462730243,1,12.836822375576386,12.836822375576386,16095.006840353215,3.2578953005316577e-07,67.405853768,-0.9457088462730243,-0.9457088462730243,9EBguRwVm71uuKTmu87hpUjtHueKtv6EbXgc6zrWnKHF,17,26.925656769270255,1.7722963683876453e-08,-0.9946630809354398,-0.9946630809354398,-0.9946543423108477,3.2578953005316577e-07,0.2757799026507304,,F1SwxeL4AdxBW1BWx5TgNSw9KV18vRQuuPWQhc3qHgJ1,12.679462075396716,-0.9456888878726047,-0.9456888878726047,8.617941746851978,-0.9455999593326887,0,,1790908181,0.0,0
dust,33.193171388904254,1,7,0,0,3,0.0,0.2582308917733409,0.2582308917733409,0.026329805,0.2582308917733409,0.08988489744261874,True,,176.48333333333332,-0.9866838480877926,-0.9866838480877926,0,0.2582308917733409,0.2582308917733409,35.2013589504938,7.125336636056066e-10,0.147423215,-0.9866838480877926,-0.9866838480877926,8VJ3eDpL1hPvft2eZ6k1K9RRmy3UsSGYiiVkEpVhpump,15,1.981289799456325,9.408150518495809e-12,,,,7.125336636056066e-10,0.06653794946619196,,A15M9KC4nkPqieBA4BhoZecZJf6vRHbe87f1SAUwTMcB,-0.8934129193986261,-0.9702146588107671,-0.9807245694056927,0.2582308917733409,-0.986796202061685,0,,1790908231,723.0,0
standard,33.187060277793144,1,1,0,0,6,-0.2528716456104716,1.2620223257152627,0.6900210178040183,2090.115422259,0.6900210178040183,0.31258919963065135,True,,137.11666666666667,-0.9412092969069066,-0.943207533999837,0,1.2620223257152627,1.2620223257152627,16802.637473710995,3.5197028389837565e-07,70.369409327,-0.9412092969069066,-0.943207533999837,2tQysywuVjdkPzBk9Rh9cZM7A2L2KbHbp4RcGuLDpump,15,199.06203008363894,1.9930072293174035e-08,-0.9652130343506112,-0.9663954084583173,-0.9664949114659266,3.5197028389837565e-07,0.29485757550520675,,6jrmyytpYxS1TggFeAmtC2nsV6GqXeHJqRvtK844Z6s9,-0.9404310066957855,-0.9412092969069066,-0.943207533999837,0.7524194537158755,-0.9433756961740314,0,,1790908253,0.0,0
standard,33.16706027779314,0,1,0,0,4,-1.9187201320769454e-05,158.78287524596882,158.77980945977387,3.2213059609999997,158.77980945977387,154.5784034304456,True,,300.9166666666667,153.72758967824714,153.72758967824714,0,174.04202333884413,206.86354232963862,16095.006840353215,3.2578953005316577e-07,67.405853768,154.5784034304456,154.5784034304456,CoiSNW851GsdvicYbjDtUFUYPA3uoCyXohxNgwS9pump,300,154977.63889798688,9.836234133931995e-05,,,,3.2578953005316577e-07,154.893629241312,1,8GutupzpBqK3dVA6W74ifJratj2HjRQLLPxr5rNDGKM7,160.2047878750616,173.60075335357467,204.71392413710427,157.92704464182327,300.9198969447181,0,1,1790908325,0.0,0
standard,33.166782500015366,0,1,0,0,4,0.0,165.76771159538788,165.76771159538788,4.747912332,165.76771159538788,162.30824322947208,True,,300.9,160.69536607603303,160.69536607603303,0,166.93316046587378,170.41587021726895,16095.006840353215,3.2578953005316577e-07,67.405853768,161.21057888389493,161.21057888389493,MZxNTJSZLgGr3b5GXT4QVEmHVNMLjoBxoBKPACZpump,300,128118.00573058528,6.73408294965519e-05,,,,3.2578953005316577e-07,160.69536607603303,1,D6nT7GAbfSifQSUoLLAoNRfVJKA6w8gBvj9sFZGsdZF2,165.87072145889186,166.90238634530596,170.33835821076622,164.61251906688526,205.70041018679305,0,1,1790908326,0.0,0
standard,33.14372694445981,1,1,0,1,4,-0.01678834149924202,1.0159436382607923,0.9820992880184458,29.379319909,0.9820992880184458,0.7061525321541215,True,,300.51666666666665,0.5854785835602307,0.5854785835602307,0,3.953911973416939,40.213064163861745,16095.006895749615,3.257895311744805e-07,67.405854,0.5854785835602307,0.5854785835602307,6qs8xGPpmyHnW7LpySq9iCs36kT7utFBt8mwM1ATpump,300,1039.116014337923,2.9857936005804897e-08,1.4921041227864196,14.56783295775599,-0.9537621903614435,3.257895311744805e-07,0.7414003589159763,,GEShq9LZ2yyatWVmZvRD1jQYFMhQSfhVyCFztqA8m5ie,1.0543721745192425,2.4494751823252843,32.94725813528725,0.6577165546479293,-0.9083520704358848,0,,1790908409,1423.0,0
dust,33.094004722237585,1,313,0,0,5,-0.9897025442941212,1.0005962765430931,-0.9793989484569515,9.741271651999998,-0.9793989484569515,-0.9810720327098061,True,,59.53333333333333,-0.9850739491072156,-0.9850739491072156,0,1.0005962765430931,1.0005962765430931,441.2388078333695,8.93140246979217e-09,1.847907171,-0.9850739491072156,-0.9850739491072156,J8dFWKb8C7Wgpzj89GvpY55a8mLoGD92RAtAxGv8pump,8,27.258548365414523,1.336430719087607e-10,,,,8.93140246979217e-09,0.0003191076452124797,,Gtypyn7h6MorWVxS5hop3ryZQnMa7fYhj8akE47bMRfK,-0.9834249539451335,-0.9834249539451335,-0.9850739491072156,-0.9785037178415098,-0.9850367204522729,0,,1790908588,148.0,0
standard,33.08900472223759,1,24597,0,1,6,-0.43401126925233213,11.282875674019863,5.9519692126699075,11269.494828740999,5.9519692126699075,1.0404950599830678,True,,300.23333333333335,-0.06988253917361287,-0.06988253917361287,1,12.990547128974837,12.990547128974837,16095.006857067647,3.257895303914935e-07,67.405853838,-0.06988253917361287,-0.06988253917361287,CnbDp3n7CoqXZ5hci1JDd9gy2bz5BWfnC1WHAR7eQtXa,266,1507.6265523754766,4.050603737017787e-08,-0.7921411842954221,-0.8480134394834525,-0.982115582680715,3.257895303914935e-07,0.24392249143571454,,D7rGSYc4j12ZFDqUQon9uMs8ZN2LFQ85Nb6k8Wx9pT5q,3.3554879554775594,0.19562957318453056,0.15396678593109026,8.949739992223634,-0.8756680814097901,1,,1790908606,11.0,1
standard,33.08483805557092,1,26637,0,0,6,-0.7987035064024073,0.26329768414751453,-0.7457026058111461,325.204348323,-0.7457026058111461,-0.825951635540155,True,,45.983333333333334,-0.9190621723894363,-0.9190621723894363,1,0.26329768414751453,0.26329768414751453,16095.006859932977,3.257895304494925e-07,67.40585385,-0.9005649309623407,-0.9005649309623407,3Fov5z57fwxHoW1GR2oN9saeF7whieCWbTVhZTHmJamq,16,764.306583867131,3.232376585735061e-08,-0.6021902235744581,-0.6021902235744581,-0.6098398419225082,3.257895304494925e-07,0.26329768414751453,,HLucrBghf6mU45GhCiEZRAS1NyCyRey2g3ystZ3CReeu,-0.896930391512929,-0.8988380104721341,-0.8988380104721341,-0.7823345738419896,-0.9007832884845826,1,,1790908621,9.0,1
standard,33.04122694445981,1,603,0,0,6,-0.6317005603227386,1.0546830820964117,-0.24326137214954313,1643.788350818,-0.24326137214954313,0.5133730744335991,True,,220.36666666666667,-0.9281231259145641,-0.9295306221575996,0,1.0546830820964117,1.0546830820964117,16095.006923925368,3.257895317448042e-07,67.405854118,-0.9281231259145641,-0.9295306221575996,FeqpXfiJdaWabZbG7XLTLdVifHgLfm34HNG75jeBpump,46,264.95997977056373,2.1602302873242106e-08,-0.9030267717718243,-0.8610415517485396,-0.9123772211586956,3.257895317448042e-07,0.2433655235094958,,GKHtZWtSV9sypeUjZSyramznoTXaQv9KA6SSJQEnSFz8,-0.908688307718156,-0.9266166123323811,-0.8948447745419611,-0.3943332757460587,-0.9336924585711872,1,,1790908778,64.0,1
standard,33.03956027779314,1,4,0,0,6,-0.01346668774623161,11.09831704350982,10.935392785629961,190.66030861600004,10.935392785629961,8.665231574664325,True,,111.26666666666667,-0.9455641907571078,-0.9455641907571078,0,19.92764517710921,19.92764517710921,16095.006840353215,3.2578953005316577e-07,67.405853768,-0.9455641907571078,-0.9455641907571078,DWT97yTkGKs22vq6K86Kao9jTeCkB7ejWHMuBpJmpump,37,38.259545384158486,1.781290090046135e-08,-0.9953783322866556,-0.9953219727761621,-0.9954189945057235,3.2578953005316577e-07,0.27578250655455694,,6F99Ttos3Ntcad1g8rgwJXwt7k63EArWAGee4uBvA2AJ,14.000438851322816,-0.94483858051657,-0.9441659076216239,10.4711596290067,-0.9453239000726805,0,,1790908784,0.0,0
standard,33.03733805557092,1,2221,0,0,6,-0.8738346950063176,0.25288596902766325,-0.8419292595953195,191.119886098,-0.8419292595953195,-0.5867943153430355,True,,26.133333333333333,-0.8887314312702241,-0.8887314312702241,1,0.25288596902766325,0.25288596902766325,16095.006870200414,3.257895306573224e-07,67.405853893,-0.8887314312702241,-0.8887314312702241,AsM9fCGPmGR3U2Wvi8fXF3tZe57NmCR4w5VLi9HTyCGi,9,1045.4337929576989,3.9258397572342397e-08,0.02802976501459642,0.02802976501459642,-0.23766833880981675,3.257895306573224e-07,0.25288596902766325,,A6R5pZnh554BHGELESKHFzktBsNZa2h3mdiKEzmMVG1q,-0.8371217776953317,-0.8374985738860931,-0.8374985738860931,-0.8557492860709914,-0.8794976698817377,1,,1790908792,26.0,1
standard,33.02594916668203,1,1,0,0,6,-0.00014922730359878678,8.110049992554325,8.108690524358286,141.41037642100002,8.108690524358286,6.525560078999309,True,,21.45,-0.9457531688634683,-0.9457531688634683,1,15.28942482315896,15.28942482315896,16095.006840353215,3.2578953005316577e-07,67.405853768,-0.9457531688634683,-0.9457531688634683,Hqsm9zj3uZtnaHonCnHoQjVSyR2AGfV9NPt4Y6SygptA,23,28.281836570847503,1.7837781175090727e-08,-0.9940214068612448,-0.9940214068612448,-0.9939889856893612,3.2578953005316577e-07,0.2757799026507304,,A3t1GeWkwh4eeY5Jwz6GYPJQkqKsEHWWCfrS3CUwB8FK,11.896732651361832,-0.9455428453280271,-0.9455428453280271,7.701973465763411,-0.9452475309069025,0,,1790908833,0.0,0
standard,32.98844916668203,1,1465,0,0,6,-0.8855807964472477,0.9154857786385946,-0.7808316427915486,724.6184224670002,-0.7808316427915486,0.684591226965116,True,,173.2,-0.9103406283031996,-0.9105846306712723,0,0.9154857786385946,0.9154857786385946,16095.006874259634,3.257895307394877e-07,67.40585391,-0.9103406283031996,-0.9105846306712723,FUaNdG2RvadALXED5HZYKSAjFY6mVBZnS52AYxe4pump,16,645.3336968032611,2.9833003222898465e-08,-0.5909109652561515,-0.5920242754583197,-0.5821869520088476,3.257895307394877e-07,0.26011690296551904,,AeADu5GETtdwTjAtCVvnhTUFeVriMk8DJ6HkRV2M3dHa,-0.9075771967467096,-0.9103406283031996,-0.9105846306712723,-0.7801271387363897,-0.9084286006515233,1,,1790908968,34.0,1
standard,32.98706027779314,1,90,0,1,6,-0.2538495716834005,0.7898951514288357,0.3355310338804305,408.973254799,0.3355310338804305,0.1571144862579179,True,,297.1166666666667,-0.7887065217476187,-0.7887065217476187,0,0.7898951514288357,0.7898951514288357,16095.006986485094,3.2578953301111647e-07,67.40585438,-0.7887065217476187,-0.7887065217476187,FgssigTgpp1EAZaAvmFJDQ8mXEatZZ6CNvmGg7Sppump,236,3190.175654907002,1.1015385516381412e-07,-0.8211942334319924,-0.6835980101030865,-0.7468321287870926,3.2578953301111647e-07,0.2669746838644682,,EbAuPetBjCk3oXQhrDM89WvijUeRjPrrTpmQMphGh51p,-0.5775561738247468,-0.7574019277944768,-0.5199733862097933,0.4538007921012701,-0.6618864512137181,0,,1790908973,324.0,0
standard,32.97344916668203,1,1,0,0,6,-0.08450158623355208,1.688698232449286,1.4614989669039735,2585.286443093,1.4614989669039735,0.32961597349447924,True,,200.3,-0.9430901663527159,-0.9437452509322724,0,1.688698232449286,1.688698232449286,16802.637473710995,3.5197028389837565e-07,70.369409327,-0.9430901663527159,-0.9437452509322724,DFBXVQ1SodqhNKmmw1BYfyhTVMiZCMzLmksKvwk6pump,24,226.9216463701243,1.992410818298193e-08,-0.9768503939231874,-0.9771461415080406,-0.9770028914650324,3.5197028389837565e-07,0.20801578393497788,,97rrxB5gZhzPFwsVaVJRiAx8ifetUDMJ1dboTk66HzTy,-0.9429293809830773,-0.9430172685576919,-0.9437452509322724,1.3394543509236239,-0.9433926410993986,0,,1790909022,0.0,0
standard,32.954004722237585,1,2,0,0,6,-0.01593447882990373,11.444076615292582,11.245786739908503,218.32345818900004,11.245786739908503,8.729624892099409,True,,29.133333333333333,-0.9455457407728555,-0.9455457407728555,0,22.971615999292304,22.971615999292304,16095.006840353215,3.2578953005316577e-07,67.405853768,-0.9455457407728555,-0.9455457407728555,N8B3ysQ6vREwxQfn6fLtu7RpzBh9vNJpJkr3XXspump,31,34.51145631386673,1.8075416282889256e-08,-0.995548245056282,-0.995548245056282,-0.9954693084863643,3.2578953005316577e-07,0.27578250655455694,,46GbGuUQaaTjKN5R25T63Bhs6c3ya4eNJVwPFuDS3Ctr,13.907690767351582,-0.9454847583408967,-0.9454847583408967,10.589001887915893,-0.9445181179397032,0,,1790909092,0.0,0
standard,32.926226944459806,1,1,0,0,6,-4.867139367870088e-06,8.272258507118364,8.272213377743954,151.54022544,8.272213377743954,6.283215691362096,True,,111.46666666666667,-0.9457953657481077,-0.9457953657481077,1,10.836336825154024,10.836336825154024,16095.006840353215,3.2578953005316577e-07,67.405853768,-0.9457953657481077,-0.9457953657481077,FtMsfggb7CpCruEWYHPFnrwE6JTtxBr5sWF7A579hRok,14,36.826241270096816,1.8472444919863084e-08,-0.9941018089126082,-0.9940179491960205,-0.9938848961092762,3.2578953005316577e-07,0.2757799026507304,,DBJSsLVTATm4AjzwYuAckL36edsgXAv3XjNzH6L5okE8,-0.9453107136949963,-0.9453107136949963,-0.9445331485089976,7.638067516796658,-0.9432994518981364,0,,1790909192,0.0,0
standard,32.9251158333487,1,2221,0,0,6,-0.8137709386531301,0.7998356515013809,-0.6648182960422657,1227.9307610640003,-0.6648182960422657,0.2774675326550753,True,,290.4,-0.8741465344698468,-0.8741465344698468,1,0.7998356515013809,0.7998356515013809,16095.006885959734,3.2578953097631707e-07,67.405853959,-0.8741465344698468,-0.8741465344698468,BGnqFdgHEd6RZyerULVqyj2is1uXRMoV3pyr5ecvmNGr,88,728.66469263493,3.1412387068310724e-08,-0.15583041130040864,-0.16526787976634771,-0.7123373271916218,3.2578953097631707e-07,0.26221321255003094,,FoKHJCJQ4WLvEXWPcaGVSMUA39Hb39P2FaDWoLLRMA6f,-0.8344978714189151,-0.6879560806908582,-0.7202130655918322,-0.7409459222671353,-0.9035807351630516,1,,1790909196,26.0,1
standard,32.88317138890425,1,1,0,0,6,-0.42529059385147794,1.743225883426169,0.5765577183951083,864.1410708870001,0.5765577183951083,0.9285424174852954,True,,91.88333333333334,-0.9435957850089348,-0.9435957850089348,0,2.6503460913660084,2.6503460913660084,16095.006858977868,3.257895304301595e-07,67.405853846,-0.9435957850089348,-0.9435957850089348,4rEbbez5rYNC9cUscdiVzvnVgCBE1nF2o72GWP2qpump,24,197.03567255241438,1.979562500875567e-08,-0.9613431742475385,-0.9613514810748338,-0.961459067383496,3.257895304301595e-07,0.275897913564366,,66uNoymTCVAgogt9rYgXSnAZZxBAJs7DAXaoCt1BQ4ij,-0.9375328024244716,-0.9390552829913019,-0.9390683791839898,0.2750263825633079,-0.9392379952093048,0,,1790909347,58.0,0
standard,32.85928250001537,1,1,0,1,6,-0.711289866491516,1.3087457962626692,-0.3334416929238537,400.04652610200003,-0.3334416929238537,0.32831407654945033,True,,284.45,-0.8246123712844923,-0.8950558888432003,0,1.3087457962626692,1.3087457962626692,16095.007063849034,3.257895345770904e-07,67.405854704,-0.8246123712844923,-0.8950558888432003,J98BvxSNtzCKsPaporUaAVmEB3wkpnKWeYo7EtmHpump,122,540.5026927531285,2.727605878186279e-08,-0.7865663620789091,-0.8352261149660439,-0.8743951690843532,3.257895345770904e-07,0.26356367448724605,,71gc5XdBJUGNHtijM5otMWnn3vi2FMfan6g55FoJku1T,-0.7656109842605737,-0.6931955214353077,-0.8825517028568249,1.2079326836507716,-0.9162770565442808,0,,1790909433,6299.0,0
dust,32.85317138890425,1,9,0,0,6,-0.9709255805449201,5.457701696651003,-0.8122460721557874,5.854863802,-0.8122460721557874,0.34021157852798045,True,,113.08333333333333,-0.9553374297825857,-0.9682698994504505,0,5.457701696651003,5.457701696651003,18.837254733072903,3.8129715804736585e-10,0.078890382,-0.9553374297825857,-0.9682698994504505,9vFG8geQ6RSy3L7rbPe6jvfd63Qo29e7rf4y6BiApump,28,1.3033415616765773,1.5157603134897757e-11,,,,3.8129715804736585e-10,0.268712586430333,,EeeqL9HxuF1HdUSNvM4eaKx1ooLAj2gv162CQSxBUUv9,-0.7418709788833139,-0.9391946514610111,-0.9682698994504505,-0.8072806800564779,-0.9602472695770399,0,,1790909455,82879.0,0
dust,32.82372694445981,1,19,0,0,6,-0.8712343350968424,0.30720884391882564,-0.8316763840455045,1.547780152,-0.8316763840455045,-0.8357301753168584,True,,110.31666666666666,-0.9714025272446578,-0.9714025272446578,0,0.30720884391882564,0.30720884391882564,29.272366388725267,5.925210584823587e-10,0.122592607,-0.9714025272446578,-0.9714025272446578,5HHrsaWjwo3tZ8xmny1MzHVVuuotQ9ruz3i6ozqSpump,13,1.511890693402266,8.749086507011738e-12,,,,5.925210584823587e-10,0.04049029592683007,,4P2M6k4utq9tSj5BR2HTaKmofgWRkotTHwPLeJVBn1iV,-0.9556414218909706,-0.9556414218909706,-0.9612983195267232,-0.9475709631399984,-0.9852341340754689,0,,1790909561,301.0,0
dust,32.81233805557092,1,120,0,0,5,-0.8148355580896034,0.14101554023582175,-0.7887244942811444,0.781804634,-0.7887244942811444,-0.8418959148619196,True,,274.6333333333333,-0.9538985073219592,-0.9538985073219592,0,0.14101554023582175,0.14101554023582175,15.887529949803548,3.2158985500241666e-10,0.066536941,-0.9538985073219592,-0.9538985073219592,2F2RKZyuoBCQHcbn57kRjEji1SN75pRgp7ygo16Upump,25,0.8580749511208073,4.904488400261404e-12,,,,3.2158985500241666e-10,0.14101554023582175,,5tCnNkANah9xYvrYKknRdHMdppoBLbxm2Lxa3PnTQhBt,-0.8534257296260466,-0.9244189265507367,-0.898052253599793,-0.7887244942811444,-0.984749244032513,0,,1790909602,340.0,0
standard,32.79844916668203,0,2,0,0,4,-0.0003286037692991073,4548.928957239938,4547.433833434546,50.628106896999995,4547.433833434546,4487.579057995759,True,,300.8,4446.331567376411,4446.331567376411,0,6094.1333128271735,14267.236234783199,16095.006840353215,3.2578953005316577e-07,67.405853768,4484.703844193103,4484.703844193103,D5SdxmGmVsDKMizEZtBagz3ECk3eucwe7LYeAANpump,300,1887937.6311865384,0.014209467978453695,,,,3.2578953005316577e-07,4467.865212299638,1,AspWhaRnE6bmXmNVGEDPYyBvHK2kpjLHBNZJgjzG4fhE,4699.083806112819,6050.501182161493,14253.34356443007,4531.660182584559,43614.48382520102,0,1,1790909652,0.0,0
standard,32.79289361112647,1,1,0,0,6,-0.7839544536565962,8.505534374656518,1.0536283672586726,584.202128645,1.0536283672586726,6.7204257870030615,True,,10.466666666666667,-0.9470808537923978,-0.9470808537923978,0,8.505534374656518,8.505534374656518,16095.006840353215,3.2578953005316577e-07,67.405853768,-0.9470808537923978,-0.9470808537923978,BxJ6EV8j5iTXguvTptCBsYUaGke3H8RpvwWzhz7Dpump,12,47.60786791243255,1.8289550073157355e-08,-0.9728675188691649,-0.9728675188691649,-0.9726634285836872,3.2578953005316577e-07,0.27578250655455694,,BWJKtAPvPK8PgS1SMxor8EjEmXn5uxXHD6djdBFXHWfq,-0.9442799670756065,-0.9442799670756065,-0.9442799670756065,7.626463238738941,-0.9438608414758674,0,,1790909672,0.0,0
standard,32.7751158333487,1,1,0,0,6,-0.0024798514157926554,10.889903043085836,10.860417850190801,172.375083497,10.860417850190801,8.533886732112704,True,,28.4,-0.9458311822445372,-0.9458311822445372,1,12.536044782835917,12.536044782835917,16095.006840353215,3.2578953005316577e-07,67.405853768,-0.9458311822445372,-0.9458311822445372,6qyrc9FZkcuzr8ZPmo7ubB92uxW9CXshKwQdCFU3Auub,14,27.36369953233414,1.7814441382777145e-08,-0.9954168250069978,-0.9954168250069978,-0.995389637272765,3.2578953005316577e-07,0.2757799026507304,,HNHm61Fp1GRVMmT3FMuLTPGjD43LaFAwLaFLpcjq2iEm,-0.9457028117369246,-0.945641629502449,-0.945641629502449,10.231312853784186,-0.9453191716140479,0,,1790909736,0.0,0
dust,32.74844916668203,1,313,0,0,6,-0.9776761496227281,0.6126909715867142,-0.9639985280455209,3.671944056,-0.9639985280455209,-0.9651775894039467,True,,59.8,-0.9848351857402574,-0.9848351857402574,0,0.6126909715867142,0.6126909715867142,200.9112231121269,4.066775094248429e-09,0.841415767,-0.9805965810940043,-0.9805965810940043,CZceeGAekfjeqoBYBqu7LoQgdfTuXCvPhysqtTbgpump,27,13.353036812862317,7.180293378922844e-11,,,,4.066775094248429e-09,0.00043935235658065785,,71D1p1LrKQb17jhbg5pphbf7Dfkt2Scuan22N739BNYh,-0.9627375629036097,-0.9804446246906543,-0.9805965810940043,-0.9538710242816223,-0.9823440116246462,0,,1790909832,158.0,0
standard,32.723171388904255,1,2,0,1,6,-0.6960713267942656,1.1687876005104836,-0.3408432621118005,1646.2041476890001,-0.3408432621118005,0.2146344529749893,True,,298.28333333333336,-0.8691424029871466,-0.8960473417216477,0,1.1687876005104836,1.1687876005104836,16095.00707984713,3.257895349009183e-07,67.405854771,-0.8691424029871466,-0.8960473417216477,GM91Lx9NT6WWVhyUprhx8mxt9Kq6PEQ1VeFkKCa4pump,115,424.78899297127424,2.517258552563572e-08,-0.7791061758664152,-0.8416708719372525,-0.882779923731126,3.257895349009183e-07,0.241990236122537,,5gb5agNsg4FiWNe5Ns2bA65yoxzUCd6YBFkB9xSpxCGN,0.12323591173556614,-0.8244823872693446,-0.8956362884334764,-0.1747674700215448,-0.9227335969116031,0,,1790909923,193.0,0
standard,32.687893611126476,0,2,0,0,4,-0.004660180624428634,83.66862724296796,83.27405614679331,4.32845002,83.27405614679331,80.75956524434437,True,1,300.1666666666667,80.06721362612574,80.06721362612574,0,85.97419256814193,88.66193437961974,16095.006840353215,3.2578953005316577e-07,67.405853768,80.75956524434437,80.75956524434437,V9EnSvvuEMb2ooXVcAHZwS5fHbepusDKnfL2nK8pump,300,19.447676746400997,1.734592186096711e-08,,,,3.2578953005316577e-07,80.06721362612574,1,6bqaptNLLybu9QaTErFM99UKE1vQKFfWrqs1HxNnE5VY,83.88899975343686,85.96204658326926,88.59330241967507,82.83121603879796,-0.9467572765210214,0,1,1790910050,0.0,0
standard,32.683171388904256,1,1,0,1,6,-0.12840593433908942,11.688708922245734,10.059403397528031,5375.585205933001,10.059403397528031,8.634526537986083,True,,290.8833333333333,-0.919686788239573,-0.919686788239573,0,15.99118472122267,15.99118472122267,16095.006843457326,3.257895301159981e-07,67.405853781,-0.919686788239573,-0.919686788239573,EMggcycbSGJt1NncfchSWCTrtE7tCnrnka52c8X5pump,127,608.7677825107971,2.669736181742313e-08,-0.9924014870373005,-0.9900496572696282,-0.992590318772435,3.257895301159981e-07,11.687287780127093,,9JE8rpzsYVNXTK4GKBf4vCBhp6rj2kmqY8azr3gUURcY,9.938967382550295,-0.9175636078804201,-0.8899551458011584,7.323950895146716,-0.9180533462572678,0,,1790910067,0.0,0
standard,32.67178250001537,1,1,0,0,6,-0.005616701571985572,7.892076720438732,7.8421325791448275,132.192469972,7.8421325791448275,6.247793611943869,True,,69.2,-0.9469068412581538,-0.9469068412581538,1,9.176565368996036,9.176565368996036,16095.006840353215,3.2578953005316577e-07,67.405853768,-0.9469068412581538,-0.9469068412581538,Abtvym8noh6JEUGc4wpQ1xWqTnMkqmewXKBScbWYwJWg,12,28.427505384685595,1.8051000162892662e-08,-0.9937656098658024,-0.9938416059678404,-0.9937337585581753,3.2578953005316577e-07,0.2757799026507304,,E5VFZxbUcN4Bfa4ho47vkRrgcJXr3CA2TvvFFoSEdf5c,-0.9448746958833127,-0.9448746958833127,-0.9455466634930311,7.191065386374344,-0.9445930623984543,0,,1790910108,0.0,0
dust,32.66706027779314,1,1612,0,0,6,-0.9897807145431756,0.6183863454144647,-0.9834612479567828,28.257051786999998,-0.9834612479567828,-0.9792753943015307,True,,59.916666666666664,-0.9874867635401139,-0.9874867635401139,0,0.6183863454144647,0.6183863454144647,659.031715898745,1.3339890758820687e-08,2.760023398,-0.9874867635401139,-0.9874867635401139,HB64FotBfDvXLPtoNRohZKSmQ27o118tobTDSggMpump,14,35.75681865647648,1.5798040388285342e-10,,,,1.3339890758820687e-08,-0.18990000144408514,,5Nt8BFP6tsD4CpUj4E3FwnbyTKke4ND3gx7suaiMPq7V,-0.9847003385957689,-0.9865988618688268,-0.9859658046279461,-0.9790800025186903,-0.9881572940334318,0,,1790910125,372.0,0
standard,32.655115833348695,1,1,0,0,6,-0.16414817814790206,1.9455238246083626,1.4620214551076596,2283.968994508,1.4620214551076596,0.4610479190171499,True,,259.2,-0.9367131302161731,-0.9377062024953776,0,2.0479060947090413,2.0479060947090413,16097.365609959632,3.258751402736957e-07,67.41573229,-0.9367131302161731,-0.9377062024953776,Drj7UVLEbQYfUuesCTEQ9pobjVf2VvDxa2ARr7dLpump,23,221.20436536528507,2.019187924024663e-08,-0.9742947529346127,-0.9746981094029912,-0.9748328709613432,3.258751402736957e-07,0.4266391791282451,,8nqrbiWHRn7HDWN1PN88TRbLKs4zBm4oRPNfUcQzdMvs,-0.9339885490944908,-0.9367131302161731,-0.9377062024953776,1.3114587441650802,-0.938037988343364,0,,1790910168,0.0,0
standard,32.6426158333487,1,2,0,0,6,-0.06727812692246293,2.6002332181825207,2.35801627077917,898.1218330000002,2.35801627077917,1.9491301082829988,True,,142.45,0.27578250655455694,-0.9442453070781109,0,9.997465786937356,10.848658660996891,16095.006840353215,3.2578953005316577e-07,67.405853768,1.0166863919454912,-0.9442453070781109,6mBZHbf7CSnKBLCDXUytcMzunHjte4CxoGYVTSNJpump,74,151.73115510977146,1.9161254968132053e-08,-0.9826422289065592,-0.9822119353371738,-0.9824852464596321,3.2578953005316577e-07,0.27578250655455694,,2xXmqHP16neBiD87f3snNXreKRh6PFjCaEk8E2FACghy,1.4793340071453351,9.71760784086048,-0.9402673894365575,2.352428127346129,-0.9411851726327574,0,,1790910213,0.0,0
standard,32.62483805557092,1,1,0,0,6,-0.9395913942814951,1.5803977672502425,-0.8441217686812695,745.159599527,-0.8441217686812695,0.9164987017171828,True,,37.38333333333333,-0.8782593467698103,-0.8782593467698103,1,1.5803977672502425,1.5803977672502425,16095.006853485982,3.2578953031899467e-07,67.405853823,-0.8782593467698103,-0.8782593467698103,ApJsssRWgEGcNPTQTHF2ZTL7ANsWREwkMAtxCJ5uaqmF,21,1101.033763892415,4.023383558802198e-08,-0.21900157449655877,-0.21900157449655877,-0.2077379672403583,3.2578953031899467e-07,0.011762338450340026,,5VfK9eTSoskqTCcvGqSsviuHu7g67e2Hvetyir9yuTQK,-0.8126867552400635,-0.8782593467698103,-0.8782593467698103,-0.8495875313886311,-0.876503595592445,0,,1790910277,5.0,0
standard,32.59594916668203,1,2,0,0,6,-0.7837080553293189,10.48923665001081,1.4850293378124997,565.096380123,1.4850293378124997,6.955037399714087,True,,31.65,-0.9451230603999852,-0.9451230603999852,0,10.48923665001081,10.48923665001081,16095.006840353215,3.2578953005316577e-07,67.405853768,-0.9451230603999852,-0.9451230603999852,9kQyheNbjbcxVvHo1vSnJXn17q5ZbABu6PpApKazpump,29,45.62911302480566,1.8115997479520943e-08,-0.9777673026100623,-0.9777673026100623,-0.9776234252723998,3.2578953005316577e-07,0.27578250655455694,,CZCEHk9MDCb7ZQeKCqpTuFfuKhSn7CtmnYGS7kXWdT67,3.985653753272807,-0.9447510947272972,-0.9447510947272972,9.911282318863849,-0.9443935553221597,1,,1790910381,0.0,1
standard,32.57594916668203,0,2,0,0,4,-1.6083379076325954e-06,8763.291686982051,8763.277591039498,53.12676775600001,8763.277591039498,8671.461539699425,True,1,300.45,8605.579803108942,8605.579803108942,0,10420.936608745775,16160.198145248121,16095.006840353215,3.2578953005316577e-07,67.405853768,8631.583497960453,8631.583497960453,zhQ9F5nkzWoao7FFYJmVtRpU4kHSwtJyaSqeY9xpump,300,66.79410725467383,1.842897412920468e-08,,,,3.2578953005316577e-07,8644.743476234986,1,EfkVe8DpeCTZAD72GmwffjTzwJpMZWRgqLAT6z1LEu7f,8966.81446933933,10390.293957859385,16146.378129373226,8735.398118705787,-0.9434328840273128,0,1,1790910453,0.0,0
standard,32.57400472223759,1,1,0,0,6,-0.014571071864164953,8.178491155154031,8.044750700927679,151.955209176,8.044750700927679,6.429406922634469,True,,19.333333333333332,-0.9455347808306888,-0.9455347808306888,1,18.704880075999604,18.704880075999604,16095.006840353215,3.2578953005316577e-07,67.405853768,-0.9455347808306888,-0.9455347808306888,GeBCthjb1pKBvkdqacgr6syBWaN93zAJjPreAiHskWVP,21,30.10209705972862,1.783711409853663e-08,-0.9939761846439243,-0.9939761846439243,-0.9939467185625751,3.2578953005316577e-07,0.2757799026507304,,Beg9oEBkPfyuCChHoGKLQSqb91qPEZAGTQTmkcq3jGCF,16.84082480161971,-0.9455160918358754,-0.9455160918358754,7.627761937513917,-0.9452495784759388,0,,1790910460,0.0,0
standard,32.53650472223759,0,2,0,0,6,-0.0038655861872847197,9.167579588996562,9.128275933779218,152.110340339,9.128275933779218,7.576666115783416,True,1,111.08333333333333,-0.945333285395058,-0.945333285395058,0,56.631373962053,56.631373962053,16095.006840353215,3.2578953005316577e-07,67.405853768,-0.945333285395058,-0.945333285395058,2pzAGohQM4KDmdLrWL1f4LwPS4o3d2X7c9HQzHMupump,44,52.977821361486356,1.873316237950268e-08,,,,3.2578953005316577e-07,0.27578250655455694,,GxCAC9PWWp1raA7uA8mrMrcaVnbXL8nTW9T7DWjkLbVH,15.179736167341051,-0.9445736508104198,-0.9442323265353022,8.517898487835701,-0.9424991884286594,0,1,1790910595,0.0,0
standard,32.525393611126475,0,1,0,0,6,-0.0016374314809554091,10.628463086790063,10.609422275256623,163.659022877,10.609422275256623,8.561295924964552,True,1,70.41666666666667,-0.9453844304575106,-0.9453844304575106,1,79.40880997419009,79.40880997419009,16095.006840353215,3.2578953005316577e-07,67.405853768,-0.9453844304575106,-0.9453844304575106,EjuMPDhoVBVUUwaFNV2MYruxJDcGPNPeCKJMtHrePRTx,61,51.44432932131478,1.836162753755946e-08,,,,3.2578953005316577e-07,0.2757799026507304,,BvtdLk9wRR9zPEjm2cC1pfn8ghMLxkHpxi7yRzDqs27x,15.615188222046669,-0.9448880891960649,-0.9443860876560912,9.822784738343858,-0.943639602124221,0,1,1790910635,0.0,0
standard,32.5201158333487,1,2915,0,1,6,-0.5445644504734184,1.5062981577203187,0.14145727873881242,756.4950889859999,0.14145727873881242,0.39799116937322965,True,,300.1,-0.2852171413498894,-0.2852171413498894,0,1.5062981577203187,1.640093744890125,16095.007186580711,3.2578953706138233e-07,67.405855218,-0.2852171413498894,-0.2852171413498894,6tpfCENhKozjtambBEecWoV1V6trzqNgi1AQHkTqpump,265,1238.5597117844986,4.180317655064154e-08,0.07923482165627216,0.10458719106935921,-0.8875880478261451,3.2578953706138233e-07,0.2758277980937114,,GhLLUkrj13WU8yPiA8argBUb6xk2ucBoRCRoVDfeuPr5,0.5272803928661742,0.3015773900540002,0.3678705337161885,0.4277404272906713,-0.871686558973914,0,,1790910654,4579.0,0
standard,32.49594916668203,1,2,0,0,6,-0.001259404597236169,12.71408999446302,12.696818406477083,257.143201251,12.696818406477083,10.348416426162261,True,,153.65,-0.9456637023849721,-0.9456637023849721,0,14.492147012579128,14.492147012579128,16095.006840353215,3.2578953005316577e-07,67.405853768,-0.9456637023849721,-0.9456637023849721,4kozmciJHbtbD5uRibxx9zALbFYXmvKg9thEVh58pump,20,28.529579968960874,1.7686228526518556e-08,-0.9958940041089983,-0.996030552681202,-0.9960365041189251,3.2578953005316577e-07,10.124866910779293,,2V3CP4NG3dK18KtJr8G5T8qFawM9oxTqKKM1yfVSvf24,-0.9448055873260837,-0.9437609199032093,-0.9456312009003459,12.278790538402856,-0.9457127166620968,0,,1790910741,0.0,0
standard,32.4776158333487,1,1,0,0,6,-0.8421759815771359,0.5447186826613912,-0.7562062901695064,573.2503304069999,-0.7562062901695064,-0.4201935850759112,True,,248.55,-0.9159316900618417,-0.9225940368687138,0,0.5447186826613912,0.5447186826613912,16095.007276599861,3.2578953888351865e-07,67.405855595,-0.9159316900618417,-0.9225940368687138,6D58X4EAD2yjiynDT53bu4DjpRoNLfpNrAMPazvApump,56,412.14796680167177,2.475209734103729e-08,-0.6556165702307735,-0.6824940102634087,-0.6883605901971173,3.2578953888351865e-07,0.26221321252578744,,H4QvACdPiDQvr44atBuAARZCgfECcfyijePrGcLrrQoP,-0.8820581133146798,-0.9159316900618417,-0.9225940368687138,-0.802144365452325,-0.9240242721547697,0,,1790910807,684.0,0
standard,32.47067138890425,0,1,0,0,6,-0.06961262521933154,0.8309600811916933,0.7035021432681392,64.22748784999999,0.7035021432681392,0.17695463636283315,True,1,246.13333333333333,-0.9393657705980613,-0.9393657705980613,0,55.92119868197835,55.92119868197835,16095.006858261535,3.2578953041565976e-07,67.405853843,-0.9393657705980613,-0.9393657705980613,CiTRmqHc6KBJKCJ1crTNAvqfF5i3dDqqpHwjzMFupump,27,207.76727519250292,2.020278753539415e-08,,,,3.2578953041565976e-07,0.29786171158738317,,3GskkTrsxJ3ozGVJV31MEcnUdWZDvjLx5Be7K2XTD6iG,37.57297648314225,-0.9393584289030107,-0.9393584289030107,0.6636287228780602,-0.9379882235330941,0,1,1790910832,39.0,0
dust,32.45622694445981,1,1,0,0,3,-0.8146328465855999,3.9034860419968656,-0.0910547505877971,1.439490053,-0.0910547505877971,1.009346624155139,True,,170.26666666666668,-0.6707923730929379,-0.6707923730929379,0,16.57146973900886,16.57146973900886,13.16105623716603,2.6640152247462545e-10,0.055118475,-0.6707923730929379,-0.6707923730929379,FNppb496zcSRHm9ghYxFLFDsTwt4qogMD5vpxZacpump,28,1.1937399251765626,1.763127170795727e-11,,,,2.6640152247462545e-10,0.1615011532183288,,4qHAiAr6Kz3JGyyDGGthvkVcEGj8WwMuCsQQEdjkmPwh,2.6744170026717873,1.8503342858354874,1.3465557586059131,-0.0910547505877971,-0.9338169258787301,0,,1790910884,1076.0,0
standard,32.41900472223759,1,172,0,1,6,-0.1117488242039989,1.2667394705592088,1.0134339999474222,1307.925048671,1.0134339999474222,0.29194405369167864,True,,286.03333333333336,-0.4062819279185653,-0.8531360771789958,0,1.8970979461907294,1.8970979461907294,16095.007014422075,3.257895335766071e-07,67.405854497,-0.4062819279185653,-0.8531360771789958,AS5mTg4AaXukaPtGUopY9u4mbnLEm8L2azbGafp1pump,169,726.9835699282734,3.028260768076844e-08,-0.6619812134096823,-0.8944651802226652,-0.9538343723741541,3.257895335766071e-07,0.24922771264602428,,88hFPVsc1zwtGLdkZbGy7SKScfmMPLJtK53JrpWXmG4Z,0.2858000007661221,-0.3042676145145192,-0.7788760864497728,0.4165618902568282,-0.9070485557092101,1,,1790911018,179.0,1
dust,32.3876158333487,1,313,0,0,5,-0.959804502611309,0.6256488734470635,-0.93465623495243,0.5123611429999999,-0.93465623495243,-0.669665441290915,True,,219.15,-0.9625111092844907,-0.9671761114956152,0,0.6256488734470635,0.6256488734470635,8.802377763988444,1.7817466892218466e-10,0.036864339,-0.9625111092844907,-0.9671761114956152,4dEZuKfxfFZBght7q5gmmTihJoX7WYzztpPD26vWpump,10,0.45947723983201155,2.4533895695221326e-12,,,,1.7817466892218466e-10,0.001325243101882645,,JDq6dng2794ncTr9FXFQP67iMHg6NEUqXhCUkeK49kGB,-0.93465623495243,-0.9554036771022684,-0.9671761114956152,-0.9364117773012665,-0.9862304244236109,0,,1790911131,876.0,0
dust,32.3851158333487,1,5,0,0,5,-0.8255335089494822,0.11844150256476205,-0.8048694356022572,1.4796692659999997,-0.8048694356022572,-0.9722333587746824,True,,87.0,-0.9737204209367386,-0.9737204209367386,0,0.11844150256476205,0.11844150256476205,19.444491914529518,3.9358864185596905e-10,0.08143349,-0.9737204209367386,-0.9737204209367386,BFL6KeaQa5SuV1GtqgJcTYovybopEcWaehc2ADgLpump,33,1.0424491683220483,5.416304310020723e-12,,,,3.9358864185596905e-10,-0.5451742062582918,,877yQfJeFz9LFFnF7pFQhLJ4xXTKJeBeJwC55HEAiMYG,-0.8025566194441667,-0.9571726549525719,-0.9602349716119042,-0.8048694356022572,-0.9862386671412058,0,,1790911140,977.0,0
standard,32.35650472223759,1,2,0,0,6,-0.8642920525957994,10.691962009286941,0.5866921654082231,390.379400966,0.5866921654082231,8.80062126122071,True,,125.28333333333333,-0.9448726081129344,-0.9448726081129344,0,10.691962009286941,10.691962009286941,16095.006840353215,3.2578953005316577e-07,67.405853768,-0.9448726081129344,-0.9448726081129344,4mZkyrocfSY5auCEeWYBRvtDW6HKzXswftqGfaDypump,9,42.734561706788995,1.8065047761406213e-08,-0.9652564038009966,-0.9652505017202945,-0.9650530471874934,3.2578953005316577e-07,0.27578250655455694,,EFvhafA25vf1Amb1oJauo4t8aWQu6xy1cyNTZeEsYxgh,-0.9448726081129344,-0.9448726081129344,-0.9448632433277248,0.7345384522372678,-0.9445499437675049,0,,1790911243,0.0,0
standard,32.35178250001537,1,1,0,0,5,-0.16735433545006162,1.924202225407401,1.434824305252754,2357.569125681,1.434824305252754,1.0205638537053985,True,,163.0,-0.9344406175026623,-0.9352512745149,0,3.9583033733391373,3.9583033733391373,16097.365609959632,3.258751402736957e-07,67.41573229,-0.9344406175026623,-0.9352512745149,9FrUX6C5msPp8qA3dXUndGar5b1Qya7siRBWKBUdpump,27,274.85337852934356,2.0227606267074512e-08,-0.9734072288725659,-0.9734072288725659,-0.9745067249328833,3.258751402736957e-07,0.40685838212238234,,EvmSXvyYQcwPiuUBvLVGh5ivXYEgKYLLiBdzkD5AyrwQ,-0.934340137553379,-0.9344189226466292,-0.9352512745149,1.434824305252754,-0.9379283542460902,0,,1790911260,0.0,0
standard,32.337893611126475,1,1,0,0,6,-0.013009271646662657,7.5298465814846605,7.418879490201769,139.97927943199997,7.418879490201769,6.306141634827962,True,,123.16666666666667,-0.9449159398938348,-0.9454860575684457,1,10.661965441551613,10.661965441551613,16095.006840353215,3.2578953005316577e-07,67.405853768,-0.9449159398938348,-0.9454860575684457,2CQ4rH2AnX6aZ2ZEX5iYKU8AqBj734GjvonWp7HVrgYt,18,30.303314429157982,1.8106913800508174e-08,-0.9934450722445036,-0.993524798342226,-0.9933983420601932,3.2578953005316577e-07,0.2757799026507304,,u8JWapkGg42hHYYHYHthWLUc3fc6dmv15QjpxXZoDoP,-0.9220376577591233,-0.9448148531594971,-0.9454860575684457,6.862621108734642,-0.9444214373692326,0,,1790911310,0.0,0
standard,32.33622694445981,1,2,0,0,6,-0.014795929776012962,8.31989568322647,8.181999161177684,148.166918906,8.181999161177684,6.2978204104449755,True,,40.06666666666667,-0.9436408525678569,-0.9436408525678569,0,19.338042669982464,19.338042669982464,16095.006840353215,3.2578953005316577e-07,67.405853768,-0.9436408525678569,-0.9436408525678569,iYnH846wuyPkRhCd3UbGsmQX8WtKhNAacbvVwCMpump,42,33.91461806636006,1.8645378016740475e-08,-0.9938619960160272,-0.9938619960160272,-0.9937670043942414,3.2578953005316577e-07,6.251229252238962,,HJoDpSN9AAA8bSAezjNf9W6xYhSt1KNMWBENDdZXcGoR,10.785098162937544,-0.9436408525678569,-0.9436408525678569,7.598807589572132,-0.9427686395763003,0,,1790911316,0.0,0
standard,32.314282500015366,1,2,0,0,6,-0.013785039704640845,10.590185282657176,10.430414118351603,168.01418653500002,10.430414118351603,8.668406024593153,True,,36.75,-0.9456030707527623,-0.9456030707527623,0,25.279515353472377,25.279515353472377,16095.006840353215,3.2578953005316577e-07,67.405853768,-0.9456030707527623,-0.9456030707527623,9vqxGDewvPMPWDMZbgbBMwm5miMSi4NrquJYfZLApump,37,34.32283660688173,1.823828239833247e-08,-0.9951745528395345,-0.9951745528395345,-0.9951023826834511,3.2578953005316577e-07,8.45276747079882,,37UogAUHmno8L3rbnDbcXZWMyzpTmMPn3TL8MdLVtEcf,13.952750771896863,-0.9448431406496549,-0.9448431406496549,10.056431744577814,-0.9440182058786354,0,,1790911395,0.0,0
standard,32.301226944459806,1,1,0,1,4,-0.08472669126369481,9.986900851754937,9.05601709534347,3826.6009363159997,9.05601709534347,4.713140471504876,True,,300.96666666666664,1.1013711387197227,1.1013711387197227,1,73.2089283903775,142.1705717960824,16095.006845367547,3.2578953015466414e-07,67.405853789,1.1013711387197227,1.1013711387197227,GAwhcphCqCv5bKHmCiN4VDdNWfbXJL4npmkc8L3Q9S9H,300,103411.23232358282,5.809819781134334e-06,5.793005656548462,10.365602582238369,0.7733707240966898,3.2578953015466414e-07,5.813514895544843,,Cr469Kh7oCPtQk5YADEmjVpBWx1DiXXLiooPFJn23jsg,4.630818601980286,60.688090872473595,98.745754015095,6.737166623535163,16.833046317897942,1,1,1790911442,2.0,1
standard,32.26983805557092,1,1,0,0,6,-0.01697933238602012,8.005627014937309,7.852717480506167,139.44896458300002,7.852717480506167,6.356741001501777,True,,34.083333333333336,-0.9456024052326297,-0.9456024052326297,1,12.319686952861158,12.319686952861158,16095.006840353215,3.2578953005316577e-07,67.405853768,-0.9456024052326297,-0.9456024052326297,6gSXDC18J7nfA1RBAuCYueiDkM3Acz1d2TGWnLqmM678,20,26.708348133453214,1.7991274100834624e-08,-0.9938538817903538,-0.9938538817903538,-0.9937619594677696,3.2578953005316577e-07,0.2757799026507304,,BzwyMNcQgw7AJQ42QAcBPPLUayMMzuS3HdEMn3msVYc5,10.939160280898331,-0.9455901518882078,-0.9455901518882078,7.476152277120381,-0.944776389536218,0,,1790911555,0.0,0
dust,32.246226944459806,1,313,0,0,6,-0.8714358113868454,0.27845139906419525,-0.8356369331979594,5.729346681,-0.8356369331979594,-0.9250324057722775,True,,216.66666666666666,-0.9887049593671206,-0.9887049593671206,0,0.27845139906419525,0.27845139906419525,502.8001918852632,1.017750659255679e-08,2.105726114,-0.9604542703120804,-0.9661729370840444,BxeRcCgstJXRcKmnDyvXw3oGDLm9T2oUdgX2zp3wpump,48,41.4227869173897,2.607360647423262e-10,,,,1.017750659255679e-08,0.00030848888874279723,,G9hfb3KauHSM1i1RjavURKt7q3o2q9aZvRAoPtuCyu4z,-0.8712787615773643,-0.9468273089210739,-0.9661729370840444,-0.8408076946953655,-0.974381145089799,0,,1790911640,65.0,0
dust,32.13594916668203,1,313,0,0,6,-0.9993424649764147,46.20210382026998,-0.9689629635512605,114.67785271899999,-0.9689629635512605,-0.0937064003220267,True,,61.05,-0.9860708648410771,-0.9860708648410771,0,46.20210382026998,46.20210382026998,372.24216062175344,7.534796336394392e-09,1.558949362,-0.9860708648410771,-0.9860708648410771,3nBgvkGZ2NnkfTtQw9bojU8Gx9GennkeJo4oCzRmpump,15,20.85817449926903,9.502076998353574e-11,,,,7.534796336394392e-09,0.0003101339688571514,,8fpPEBo6t3RsRDz2JMWyssseK1DJbkrfTaU3kDDtzSaY,-0.9808459982841186,-0.9830213234233138,-0.9827019767055472,-0.9666516020807921,-0.9873890725453893,0,,1790912037,168.0,0
dust,32.08956027779314,1,1612,0,0,6,-0.9903840210544272,5.771710567591016,-0.9348833737565321,22.417347925,-0.9348833737565321,0.9299745962336203,True,,75.26666666666667,-0.9686127028900041,-0.9686127028900041,0,5.771710567591016,5.771710567591016,49.721667084896495,1.0064486901884968e-09,0.208234234,-0.9686127028900041,-0.9686127028900041,7WHaReCGrLZ3KXQvEdVdmBFQNmuaefUcMfa7bXwcpump,11,3.095075268498315,1.6340777341028147e-11,,,,1.0064486901884968e-09,0.15903238835209388,,8VHwjv4XfP2NMzxSn4GcfsrYjs8fYUG2wmkwgMYNKTkx,-0.937237050400093,-0.9470226239589924,-0.9658937728447279,-0.9484498238833394,-0.9837639240824411,0,,1790912204,178.0,0
standard,32.07650472223759,1,2,0,0,6,-0.36490414707028884,13.993862735093941,8.522540042455498,657.19682254,8.522540042455498,11.190021665282824,True,,43.483333333333334,-0.9455085053884907,-0.9455085053884907,0,21.88971196562152,21.88971196562152,16095.006840353215,3.2578953005316577e-07,67.405853768,-0.9455085053884907,-0.9455085053884907,GcC9UiFt6qWAFmXKUtt2tbWuqyWyZHZzp4cwLwpipump,28,49.85351022955034,1.8338500026678486e-08,-0.9941647342199722,-0.9941647342199722,-0.9940888241468783,3.2578953005316577e-07,11.010939223161529,,AZ7SVXw6WpbzmFKsXd8L8FFCu9xcBUrTwJyrU2rDWERR,14.71554204804949,-0.9444334479513146,-0.9444334479513146,7.4558886205570385,-0.9437105912406522,0,,1790912251,0.0,0
standard,32.07178250001537,0,2,0,0,6,-0.005427823014629185,11.041103438191692,10.975746459828345,222.449526967,10.975746459828345,8.760946606444572,True,1,70.2,-0.9443147179290644,-0.9452564279517199,0,73.73420229549089,73.73420229549089,16095.006840353215,3.2578953005316577e-07,67.405853768,-0.9443147179290644,-0.9452564279517199,5AHB57R3jatNDJ1bYKLwA1YHGSJkJsCrNhQn4Gq6pump,64,57.111860644660304,1.815711132782315e-08,,,,3.2578953005316577e-07,0.27578250655455694,,5uvxfRyzr4jF9BTYsK4KnuNcSVvGxePf9MmtUK3oJPYs,16.34849702708799,-0.9212095168754681,-0.9442175733216839,10.385206334126137,-0.9442673577482368,0,1,1790912268,0.0,0
standard,32.069560277793144,0,2,0,0,4,0.0,42.51518217826055,42.51518217826055,5.006487196,42.51518217826055,40.42469871325952,True,1,300.06666666666666,39.77943710982711,39.77943710982711,0,43.38485387322528,45.11512772848088,16095.006840353215,3.2578953005316577e-07,67.405853768,40.42469871325952,40.42469871325952,ccAfwAoWZvvqmmBChcLBq2gx4xz89RnfC8UXiUvpump,300,33.96893335412719,1.7890009728954125e-08,,,,3.2578953005316577e-07,39.77943710982711,1,4T3dPvhh22JJYfRG8UEnWEea1VsBE99DkcCxWKQXwpXa,42.85924872437426,43.38485387322528,44.511015585042195,42.158559677725194,-0.9450872171182584,0,1,1790912276,0.0,0
dust,32.05733805557092,1,1612,0,0,6,-0.9865587746870731,3.6271917767811015,-0.9378048727621625,15.955607897999998,-0.9378048727621625,-0.6755860436056214,True,,278.3333333333333,-0.9712811823749351,-0.9792159032896771,0,3.6271917767811015,3.6271917767811015,22.855456430260684,4.626321991300145e-10,0.095718602,-0.9712811823749351,-0.9792159032896771,8Nnz2FCTrxW372qrWQbpbj7NU85R4VpMtwBgTNMqpump,18,2.936290175000988,3.321854733984527e-11,,,,4.626321991300145e-10,0.00040699581528391704,,ChpFCgpuHiejd4jkNsQVraqg2LbLuMMBCHHzTsDepZJ4,-0.9659111997006578,-0.9712811823749351,-0.9792159032896771,-0.9099025718413952,-0.9281966378425169,0,,1790912320,214.0,0
standard,32.05233805557092,0,2,0,0,6,-0.0004272688278942338,1667.7102817590692,1666.9972938728868,3005.631742753,1666.9972938728868,1628.3532146580806,True,1,208.03333333333333,0.2757825052630851,-0.9453728238511118,0,2034.1926710687185,2788.7306870850234,16095.006840353215,3.2578953005316577e-07,67.405853768,1628.3532146580806,-0.9453728238511118,u7XfTXk7zJs8i4L6zrL5w7bab2duSTjSaVdpBMxpump,210,25.303551579972254,1.811459320744606e-08,,,,3.2578953005316577e-07,0.2757825052630851,,DpVkt4ghqgjdHLnYZphCHKdRijrY46TV6EjMgJfU8ro3,1821.7713278289236,2027.7219183048069,-0.9453728238511118,1659.3308982252875,-0.9443978656880412,0,1,1790912338,0.0,0
standard,32.05094916668203,1,1,0,0,6,-0.013022061263822438,7.606543868721523,7.494468927193257,121.95960373399998,7.494468927193257,6.517024209749993,True,,21.95,-0.9455861696191352,-0.9455861696191352,1,14.066060437874052,14.066060437874052,16095.006840353215,3.2578953005316577e-07,67.405853768,-0.9455861696191352,-0.9455861696191352,oxfZZsfWcrqoUX6p8dqGrRWXaWx5vzrng13TvFKUUxF,23,32.76787947026112,1.8268936367123994e-08,-0.993496665621055,-0.993496665621055,-0.9933985413416984,3.2578953005316577e-07,0.2757799026507304,,AL79djJvrxUrSnSFMiMgU369itEa7PZEcnwHXu996nPZ,9.908818858334687,-0.9447576281949039,-0.9447576281949039,7.407837263956491,-0.9439241145529057,0,,1790912343,0.0,0
standard,32.03983805557092,1,1,0,1,6,-0.9068867085408354,0.9815933058206445,-0.8154873249615929,567.172189495,-0.8154873249615929,0.34687413164892256,True,,265.28333333333336,-0.9017061068412495,-0.904402961748565,0,0.9815933058206445,0.9815933058206445,15448.07716748844,3.0272440524311867e-07,64.6965137,-0.9017061068412495,-0.904402961748565,HbzLPwcp64jmC7wtYe2x2xXwmWF9DFgobWewhAvepump,60,570.4959115541109,2.7907486833264125e-08,-0.4700416189266714,-0.4818944648028326,-0.5003716322349556,3.0272440524311867e-07,0.2734997288331493,,5rG681xygkvStPBgP19hCGRartHv6QbTASETdkXJbfDW,-0.8238793503247012,-0.9017061068412495,-0.904402961748565,-0.8386359181058264,-0.9078122333385986,1,,1790912383,183.0,1
standard,32.00372694445981,1,2,0,0,6,-0.8358539405708266,0.6111634214334931,-0.7355338732752675,284.408260497,-0.7355338732752675,0.4515561556023717,True,,283.1166666666667,-0.9268358291097558,-0.9269252403434703,0,0.6111634214334931,0.6111634214334931,16095.006891929173,3.257895310971484e-07,67.405853984,-0.9268358291097558,-0.9269252403434703,9vX8aeLytZDyP2EUMuq6b1PEH8zZgDJR7Ln3Npg7pump,16,372.1455324412568,2.4353115279679754e-08,-0.7233514484582875,-0.7236895304456554,-0.7173510703289541,3.257895310971484e-07,0.27578250650241976,,2zrGRPam4oXy5Yqs2MdunasQyMmevKqYZNcxZsfk26Kc,-0.9267389794069287,-0.9268358291097558,-0.9269252403434703,-0.7571158754229939,-0.9252489323470071,0,,1790912513,453.0,0
standard,31.97483805557092,1,11943,0,1,6,-0.26248088092170285,3.8825629978677885,2.6009835610317413,2350.194407446,2.6009835610317413,0.9359183418103116,True,,291.3833333333333,-0.6407717697211649,-0.8318465784126254,1,8.239996135123251,8.239996135123251,13432.801301133843,2.3622573352517586e-07,56.256542739,-0.6407717697211649,-0.8318465784126254,Aaan4fxwhKtUUPg2GSKq6natLV9oj9QQNf5xT4UE2gXr,157,1593.6252841884238,4.7929623846186995e-08,-0.8992596968508637,-0.9498779789688108,-0.9436549620611768,2.3622573352517586e-07,0.31108684088219496,,CyivxGzjZGormKXFvzKKe8CL3DbfM8a6Uso6sBHz8Z5L,4.98786613073986,-0.6153629704558952,-0.817491012908548,3.3538232285431713,-0.797102444636588,1,,1790912617,417.0,1
standard,31.96094916668203,1,2,0,0,6,-0.3956418043923955,2.7360943362111043,1.2579392316523337,1140.4326285569998,1.2579392316523337,2.452053176444403,True,,170.55,-0.9399319751645032,-0.9402615400796596,0,6.02708645550371,6.02708645550371,16095.006840353215,3.2578953005316577e-07,67.405853768,-0.9399319751645032,-0.9402615400796596,GHvTjrwPFfaoVyo5JBucpu3zAoJwVrfceAbgwK6kpump,64,205.444805981249,1.988532756813201e-08,-0.9728766918988461,-0.9735429283999709,-0.9729676764578189,3.2578953005316577e-07,2.1794186502403674,,52daXY46Ni5K43eZtLwfi8C3iMQWN5NsctYSHyXxSw75,2.0002616737254653,-0.9387572185462109,-0.9402615400796596,1.3107508675909232,-0.9389626561513904,0,,1790912667,0.0,0
standard,31.95844916668203,1,1,0,0,6,-0.8326304806226276,0.7306098416300659,-0.7103486625766253,351.24521954299996,-0.7103486625766253,0.45639037659577575,True,,9.4,-0.9217046863395714,-0.9217046863395714,0,0.7306098416300659,0.7306098416300659,16097.365609959632,3.258751402736957e-07,67.41573229,-0.9217046863395714,-0.9217046863395714,6xGw3BpvyZ1Mfk4MGiZQA8twH2rtJovrbCPMjguJpump,10,455.01883704030365,2.5706065038889764e-08,-0.7296911716102772,-0.7296911716102772,-0.7276616306465131,3.258751402736957e-07,0.2609426435882909,,DTD3Jo5hLYHhnmUivEfnovSQZfDECDano4SnAr2S9sM6,-0.9217046863395714,-0.9217046863395714,-0.9217046863395714,-0.7016536428914867,-0.9211168270850616,0,,1790912676,0.0,0
standard,31.955671388904253,1,1,0,0,6,-0.001043490702370864,7.8084164397007285,7.799224939043292,144.20213876600002,7.799224939043292,6.335950021836824,True,,12.233333333333333,-0.9457534124123168,-0.9457534124123168,1,9.899570687030446,9.899570687030446,16095.006840353215,3.2578953005316577e-07,67.405853768,-0.9457534124123168,-0.9457534124123168,5hHoAry1BmiyVEybVyCFMCWnKwxdwXREDnqU1LR6T8JW,13,27.73251132581603,1.8174167840861834e-08,-0.9937178954478098,-0.9937178954478098,-0.993660237460566,3.2578953005316577e-07,6.251229252238962,,Bw4fodYPXTup2TN1khkZQtyhwJ5ctcFN39V6q3s2SX53,-0.9447223489546904,-0.9447223489546904,-0.9447223489546904,7.375521197309007,-0.9442150033553994,0,,1790912686,0.0,0
dust,31.92122694445981,1,43,0,0,6,-0.9820595231098002,3.796076129522909,-0.9139561070346551,3.8649169700000003,-0.9139561070346551,1.467470148423966,True,,91.16666666666667,-0.935926193810101,-0.9445192297724624,0,3.796076129522909,3.796076129522909,10.445704784342979,2.1143832286128565e-10,0.043746589,-0.935926193810101,-0.9445192297724624,BTgQHXSN52494fhpbXzuvZQoPsJSncZ6zAM4zEoqpump,17,0.683744402851727,4.477862971233979e-12,,,,2.1143832286128565e-10,0.20343120545506865,,6gZ7UDueQaYNfajvy2y3XdwPWNHttjdsQemQ1UrgYLV7,-0.6916094319127806,-0.9153357250672478,-0.9434962707502992,-0.9246189736971536,-0.9788218951482524,0,,1790912810,743.0,0
standard,31.88372694445981,1,2,0,0,6,-0.995361762873177,11.155365374996185,-0.9436205330275947,454.64902367999997,-0.9436205330275947,10.576957348910298,True,,5.916666666666667,-0.943637428743182,-0.943637428743182,0,11.155365374996185,11.155365374996185,16095.006840353215,3.2578953005316577e-07,67.405853768,-0.943637428743182,-0.943637428743182,8AMAomNEqd1XyXqyfzoq3iw1sqhS2QD2sgJxzSFEpump,7,72.9895576758374,1.871078711574953e-08,-0.00029967852650281124,-0.00029967852650281124,0.018671061226348318,3.2578953005316577e-07,10.162923973151607,,BF5t4qY3UJrNpjat7w5KVMPwUAGVY1FZ69vC49nk1NZg,-0.943637428743182,-0.943637428743182,-0.943637428743182,1.1613127677374782,-0.942567868547844,0,,1790912945,0.0,0
dust,31.815671388904253,1,313,0,0,5,-0.9888729952323545,3.4553986511906203,-0.9504247579664405,12.893036405,-0.9504247579664405,-0.7367682183338709,True,,90.83333333333333,-0.9770820530863916,-0.9805726978747342,0,3.4553986511906203,3.4553986511906203,67.74014083077367,1.3711723682938618e-09,0.283695563,-0.9770820530863916,-0.9805726978747342,AV3jSMUU8JD9MnjjcPBkwit8EboByUVV4TmfZaVSpump,11,3.8824480281127665,1.868988796799948e-11,,,,1.3711723682938618e-09,0.0008791815506814515,,6tvtYDkb7SWTLt3iJTN7M9fAvfPUpqRo2AY6Q1KwocjT,-0.9626045229404996,-0.9758019016093893,-0.9805726978747342,-0.9469514602568722,-0.9863694102943052,0,,1790913190,235.0,0
dust,31.797615833348697,1,17058,0,0,4,-0.9664905189375305,-0.21055688310680254,-0.9735461708245705,1.338113452,-0.9735461708245705,-0.9594097620715045,True,,64.75,-0.9847094411738849,-0.9863608329191534,0,-0.21055688310680254,-0.21055688310680254,28.23386417990666,5.715000579990333e-10,0.118243362,-0.9847094411738849,-0.9863608329191534,A5GXAUH4QFhStEZgcp5zu31ytC6MgosDF1hD84Yxpump,11,1.6302032162926572,9.030092801158643e-12,,,,5.715000579990333e-10,-0.5371441560992538,,6JHBfD4QCSfh6dQSQrR5t9j6au1cCmzPJa9N9boV3bUu,-0.9735461708245705,-0.9798871337859785,-0.9831549597729585,-0.9735461708245705,-0.9841993142874293,0,,1790913255,213.0,0
dust,31.774282500015364,1,120,0,0,6,-0.9808253170235542,3.4219401930453017,-0.9152106986575532,1.332801245,-0.9152106986575532,-0.33032087440985825,True,,92.35,-0.9697070913993441,-0.9697070913993441,0,3.4219401930453017,3.4219401930453017,6.4486587810058165,1.3053150797486708e-10,0.027006969,-0.9697070913993441,-0.9697070913993441,HJHaEVHVn23E2H2smmtVvGheQ5hmMGrt7e7eibtRpump,11,0.3793873429347106,4.705170232567053e-12,,,,1.3053150797486708e-10,0.0006695549211441776,,rdnfM1tPege99iX41FMkhULHkJ3BL88GdJK3pxbH2rR,-0.9152106986575532,-0.9176666609610442,-0.9427590679720806,-0.8728546009431988,-0.9639537587087939,0,,1790913339,369.0,0
standard,31.768171388904253,1,2,0,1,6,-0.3736824471964827,3.4625159788612816,1.7949520872269904,491.584978587,1.7949520872269904,3.32322383786705,True,,299.98333333333335,0.17720284829028143,0.17720284829028143,0,8.574823003857544,8.574823003857544,16095.006840353215,3.2578953005316577e-07,67.405853768,0.17720284829028143,0.17720284829028143,6RufsEXSv9Nd4YUmUGah8MeMXZT2rxn3kriGiBcSpump,261,325.3370139090871,2.0560690074755328e-08,1.6711468579246445,0.04634275177134928,-0.9774198825712184,3.2578953005316577e-07,1.3109843672442718,,Ep4PkMyu5BkVaP8RXEJvdu8QFomBjdEsK6g8hUNFH55X,1.1333110775022388,5.474428217300267,3.172610327141882,2.0528104048894784,-0.9368896536625961,0,,1790913361,0.0,0
standard,31.755671388904254,1,2,0,0,6,-0.5881242478513413,0.43157862364845,-0.41036747762485315,300.83532097499995,-0.41036747762485315,0.12739769744011764,True,,265.23333333333335,-0.8853616076774169,-0.9261825481087607,1,0.43157862364845,0.43157862364845,16095.00710181467,3.257895353455776e-07,67.405854863,-0.8853616076774169,-0.9261825481087607,94wu49CvQ3DWMeiYJgTqAaqmZ45tATvpQiHjVQpf6iP3,87,250.08648555707958,2.17498955286897e-08,-0.6880928145747591,-0.8651428092895446,-0.8867759683451365,3.257895353455776e-07,0.24249102005968637,,2M4mxMNcJ6HvD7w2CJhxVWLAioVxJy9fKNDGrdBgDHSy,-0.8456296120858677,-0.8160893795107826,-0.9204838144809679,-0.4372063359316618,-0.9332394286218594,0,,1790913406,1543.0,0
standard,31.7451158333487,1,1,0,0,6,-0.835449641913817,0.5729725914624966,-0.741166796815095,219.57356448599998,-0.741166796815095,-0.6925207982518324,True,,13.6,-0.9268787225310227,-0.9268787225310227,0,0.5729725914624966,0.5729725914624966,16805.001654733776,3.5205935578286356e-07,70.379310512,-0.9268787225310227,-0.9268787225310227,AaXZQwyVnwVURTdRGYKy3Un1YxQdsVcfYLyEgxJcpump,10,459.17264787889326,2.5653025423566604e-08,-0.7174965322484492,-0.7174965322484492,-0.7184842388176658,3.5205935578286356e-07,0.25938720315181985,,BackZezFxWqtQtPFcirKp7C4BokkKcvrFrpPaiuV8o69,-0.9268787225310227,-0.9268787225310227,-0.9268787225310227,-0.7529321144609904,-0.9271343737861397,0,,1790913444,0.0,0
dust,31.680671388904255,1,313,0,0,6,-0.9954944174050304,3.0944520107226268,-0.98155210828455,10.109342523999999,-0.98155210828455,-0.9689702534152516,True,,295.73333333333335,-0.9862067661294833,-0.9871748483543963,0,3.0944520107226268,3.0944520107226268,164.71933284678713,3.334191440309328e-09,0.689844209,-0.9862067661294833,-0.9871748483543963,EGRu6w6azPaFN1UUUysiYQwHSDHDP6Ei22wUqEEypump,16,8.48871644915314,3.824677038084695e-11,,,,3.334191440309328e-09,-0.12528275041895753,,Di4jYBRUoNq6TcNVoHE495jXcfKGgmaLGn2uXfG4X1ms,-0.97761440518366,-0.9850004627182619,-0.986691937826046,-0.9809435976642953,-0.9885289219093855,0,,1790913676,132.0,0
standard,31.67650472223759,1,1,0,1,6,-0.5664145633925382,3.9336814142617706,1.13917241008481,598.142008499,1.13917241008481,0.6930676958552915,True,,300.48333333333335,0.24384582523882203,0.24384582523882203,0,5.069139461456742,5.069139461456742,16095.006854918647,3.2578953034799417e-07,67.405853829,0.6141834007490621,0.6141834007490621,Gp2NQ2bpbgU46CisaGob18Xqwpa7zWq9Tz2q1Jqgpump,233,7327.779221230988,3.445821443904127e-07,1.2488037450316805,0.057138790988581434,-0.5055642586770104,3.2578953034799417e-07,0.24384582523882203,,BWuCthtQYCXpfnbanSbfxHB9HtJv9vCpqRkoGGmU7MAB,2.2371634246745313,4.356120127976677,1.2849858171227182,1.2939693246819384,0.05768329639796921,0,,1790913691,838.0,0
standard,31.6701158333487,0,2,0,0,6,-0.002743817811656002,10.362652684849527,10.331475636025177,160.12033596700002,10.331475636025177,9.012940149860844,True,1,127.1,-0.9450666274521485,-0.9451044447859908,0,111.4449050744107,111.4449050744107,16095.006840353215,3.2578953005316577e-07,67.405853768,-0.9450666274521485,-0.9451044447859908,CNmX6mJjviE8BWSre7Qw3QJgWYNnCSvW9dkdSBP9pump,62,56.843455148701004,1.854071423459914e-08,,,,3.2578953005316577e-07,0.27578250655455694,,9DBnNwmn8a9WCACE8To2KUpznvA6oQh3fBPkkWHsKTDp,15.67517702702687,-0.944667594282516,-0.9442373619950072,9.926713555993322,-0.9430899015337495,0,1,1790913714,0.0,0
standard,31.664560277793143,0,1,0,0,6,-0.00030949197741347856,8.336212681493919,8.33332319856957,25.588192379,8.33332319856957,6.529345375910872,True,,10.766666666666667,-0.945452895387846,-0.945452895387846,1,11.82566154636806,11.82566154636806,16095.006840353215,3.2578953005316577e-07,67.405853768,-0.945452895387846,-0.945452895387846,7jmD8saZsgK69dTh4FBqXXTpk8hxovGSV4bnbB51eFaT,12,29.932589948782123,2.060362093571189e-08,,,,3.2578953005316577e-07,6.251229252238962,1,E14Q8ikTC9ew16smBEzeqXSnJ58EGVQAoMEHDi6B3Kfd,-0.945452895387846,-0.945452895387846,-0.945452895387846,7.613011067498862,-0.9367578788294714,0,,1790913734,0.0,0
standard,31.64844916668203,1,1037,0,0,6,-0.027989897709314704,0.8393336878293594,0.787850926053719,86.047309893,0.787850926053719,0.122007881746097,True,,166.8,-0.9392057792147026,-0.9392057792147026,0,3.3237929373110564,3.3237929373110564,16095.006876647407,3.257895307878202e-07,67.40585392,-0.9392057792147026,-0.9392057792147026,Cdy1gyHi4QqYYSfSLg6VvuaFTi5ygxuFdbPx8qp8pump,64,135.16363548764255,2.010911329171235e-08,-0.9657566501907873,-0.9655001146347979,-0.9654757309134135,3.257895307878202e-07,0.309424591612649,,CPjVqtrrZA14UDEqJj8zNYdFcjanYXiQPa2NthHHa4GB,1.745079104843367,-0.9374414598647427,-0.9383193480010762,0.4021719595947837,-0.9382757535422187,1,,1790913792,321.0,1
standard,31.646504722237587,1,2,0,0,6,-0.41736970025127496,15.515099737702322,8.622197510557593,892.5782432419999,8.622197510557593,5.029238955762362,True,,262.68333333333334,0.27578250655455694,-0.9417847327888992,0,19.05412762544575,34.528462515830704,16095.006840353215,3.2578953005316577e-07,67.405853768,3.7536198589365046,-0.9417847327888992,HX4k9ZJ5TUPAfDYCwekrSd7niqJz9koshyPMSNYhpump,224,170.38453038928515,1.9264813598728952e-08,0.8284883747141565,-0.9939498989552827,-0.9938545538028779,3.2578953005316577e-07,0.27578250655455694,,7p57oMWwQJ68aLyh5LTmwMfKVyEeLjD4u39uHKmJ8ZSz,17.096276199098533,16.243251722886427,-0.9417847327888992,4.104766911203166,-0.9408673029007866,0,,1790913799,0.0,0
standard,31.603726944459808,1,16049,0,1,6,-0.8633460665111994,1.6647712045380807,-0.6358485330521819,1113.8630657689998,-0.6358485330521819,-0.2319579541092447,True,,296.1166666666667,-0.8924450543033577,-0.9044854009743288,0,1.6647712045380807,1.6647712045380807,16095.006895749615,3.257895311744805e-07,67.405854,-0.8924450543033577,-0.9044854009743288,CgLa9nmRmRg55z56r9anneFhdoFRtEXc61GKC66spump,60,406.4314138108325,2.4478050374964054e-08,-0.7032155372635184,-0.7362120142666893,-0.7936722531019552,3.257895311744805e-07,0.24312230880939945,,DiRzVFkdyyu6DMRx9G6z2ZuwuF5TNUR5PCwKXziu3R6q,-0.8730178268562522,-0.8906663740492198,-0.9039412180320048,-0.6106016163550922,-0.9248654482950389,0,,1790913953,206.0,0
standard,31.570671388904255,1,627,0,1,4,-0.11016325718910636,2.1167688052477422,1.7734154017562518,909.5409355539999,1.7734154017562518,1.2595217858701,True,,300.1333333333333,0.22037203670529326,0.22037203670529326,1,31.923243031143073,31.923243031143073,16095.007365186344,3.257895406766554e-07,67.405855966,0.947523789723008,0.947523789723008,CNohWHNTurS7PpB55czspwUJfpk9yy92uf1wXdweEGg9,300,24250.72359083484,9.675492474002102e-07,3.113613917415747,3.670510585343737,0.07083120656518593,3.257895406766554e-07,0.28919721034775936,,3hSL3G9q4ZYZWLgyQVX2TCVM6hS2izKcDuweHTPzZgfV,4.997792226587912,7.858795179357777,12.408793050581112,1.557874566847015,1.9698597609691166,0,,1790914072,1443.0,0
standard,31.541504722237587,1,1,0,0,6,-0.015225199514288579,10.887465348529231,10.70647631687868,174.900825599,10.70647631687868,8.642810091425996,True,,28.383333333333333,-0.945421444976985,-0.945421444976985,0,20.270022443768077,20.270022443768077,16095.006840353215,3.2578953005316577e-07,67.405853768,-0.945421444976985,-0.945421444976985,B538sRhpPk6CMn9crHDoPQhEhhATSiyhQGVAsPthpump,29,33.20936468354823,1.8176610432483372e-08,-0.9953377469406125,-0.9953377469406125,-0.9952340488643069,3.2578953005316577e-07,8.478827656816783,,AY6pZDw9adxUpGf9Lt9rQh54mJsMNCEWYn2nLhFXAFGN,14.665180735559822,-0.945421444976985,-0.945421444976985,9.94807493427713,-0.9442075059026079,0,,1790914177,0.0,0
standard,31.53483805557092,1,1,0,0,6,-0.001252072382332159,8.446323848455286,8.434496367250071,142.148062166,8.434496367250071,6.57442343425045,True,,11.983333333333333,-0.9456626166162556,-0.9456626166162556,1,11.79448814644323,11.79448814644323,16095.006840353215,3.2578953005316577e-07,67.405853768,-0.9456626166162556,-0.9456626166162556,4D5EWQphiTTQ3D3HgqpddYy6Fk6nLMXvvcYw7JS7X4Dd,13,32.762951795612594,1.7957163697764912e-08,-0.9942103940339369,-0.9942103940339369,-0.9941577263285961,3.2578953005316577e-07,6.251229252238962,,HU8iguQE42kv73M7uVt5DyGZWS2PnSusd3Y2JMsH5hpH,-0.9453779835453675,-0.9453779835453675,-0.9453779835453675,7.871195592962936,-0.9448810902706589,0,,1790914201,0.0,0
dust,31.534560277793144,1,243,0,0,6,-0.9874838951109418,4.122184139425034,-0.9358902060498859,1.6089469019999998,-0.9358902060498859,-0.5394768239032961,True,,286.96666666666664,-0.9758879271585358,-0.9758879271585358,0,6.222236227213608,6.222236227213608,3.308405007074016,6.696758337361044e-11,0.013855593,-0.9758879271585358,-0.9758879271585358,GHqPWMFEKef9AtyRGmbRHvkUv53EYs5wyphQQTZ5pump,27,0.9607452694557798,1.469785161269824e-11,,,,6.696758337361044e-11,0.49927366432961606,,3FmeLu39pgVtPutkzeC7dWQfjw1Tgem26BVaa4EZDCLB,-0.5325658220071612,-0.7416016401204822,-0.31173330382411624,-0.9168067224536052,-0.7805228907440291,0,,1790914202,658.0,0
standard,31.5226158333487,1,2,0,1,6,-0.15435635568656203,0.6219294319219308,0.3715743156296858,796.9794713440001,0.3715743156296858,-0.06350464018043833,True,,300.25,-0.521607468379561,-0.5653419658540351,1,3.870243133405462,3.870243133405462,16095.00701680985,3.257895336249396e-07,67.405854507,-0.521607468379561,-0.5653419658540351,HFmqDN4HYT2Z1fA4ZCpa8JQbPqbwexZdkk6a8Y9gcKnW,298,1323.3780969833836,4.278757569295783e-08,-0.23079774066250514,-0.4888272568180245,-0.9042450555590977,3.257895336249396e-07,0.24334168065284212,,2PbGERvZC1CRHTd7GfRKVHRGAYQ1eLzXSgFoko1CUbmK,0.4030386431421742,-0.12761745640192312,-0.403783914147113,0.18767477552584233,-0.8686649776103108,0,,1790914245,695.0,0
standard,31.415671388904254,1,1,0,1,6,-0.3170281198707473,0.37816482383670924,-0.05875217913624231,217.226265742,-0.05875217913624231,0.14055157737821045,True,,281.8333333333333,-0.8991929652761177,-0.9158701637447678,0,0.7286353801548233,0.7286353801548233,16095.007223352459,3.2578953780570327e-07,67.405855372,-0.8991929652761177,-0.9158701637447678,EgBkHjAYuFmXVyyr5XryvMCg5TGeEpW5DySuawq1pump,63,318.14233294999434,2.301553178280855e-08,-0.8927174892285941,-0.9098152032778952,-0.9249449538046856,3.2578953780570327e-07,0.2669746837820066,,EzDwoAbT2jEpn1QKM6AJAAsM2ccopeLAzHtYVNMsqPBN,0.42816625887583304,-0.8990205705196216,-0.9140347491847373,-0.15003340275371657,-0.9293546013238316,0,,1790914630,13532.0,0
standard,31.402893611126476,1,24,0,0,6,-0.7987370059332586,0.34701578586586357,-0.7288955698814717,237.207022404,-0.7288955698814717,0.27710943064313054,True,,233.06666666666666,-0.9204459676665719,-0.9258543605328847,0,0.34701578586586357,0.34701578586586357,16095.006966189001,3.2578953260029e-07,67.405854295,-0.9204459676665719,-0.9258543605328847,5snpUWDfUvT6KQXE3wjQAaCeACQAwBz2zw4piRm7pump,29,369.4979551168697,2.399505883458596e-08,-0.7065557641435565,-0.7265052458394043,-0.7283259994145885,3.2578953260029e-07,0.25482549209596095,,9MVqA94GYGMrRr2fydsNWeuD1YfWvmcLi4mmcHuoGfCi,-0.9118908393919094,-0.9204459676665719,-0.9258543605328847,-0.5898354360582883,-0.9263479748932714,0,,1790914676,248.0,0
standard,31.384560277793142,1,4,0,0,6,-0.012997186287353357,9.336379674722538,9.202035822553356,160.82942169500004,9.202035822553356,7.195768007458543,True,,14.966666666666667,-0.9455989049864124,-0.9455989049864124,0,10.102479770119034,10.102479770119034,16095.006840353215,3.2578953005316577e-07,67.405853768,-0.9455989049864124,-0.9455989049864124,1zMsgHA4St2oxNmrXvafcxVhE5Rg4F4TqE8T1R4pump,12,29.45707732420843,1.8414314205562266e-08,-0.9945960048332627,-0.9945960048332627,-0.9944597216856064,3.2578953005316577e-07,0.2757799026507304,,HymPBGE5qe6DgWwxJXf4uHwHuuUjomDJMSz1HMuTqNqr,-0.9455989049864124,-0.9448682477240411,-0.9448682477240411,8.811262819053475,-0.9434778821696411,0,,1790914742,0.0,0
dust,31.368171388904255,1,851,0,0,5,-0.9852418929287236,0.5727348832436334,-0.9767894101983591,7.212009795,-0.9767894101983591,-0.958253808958261,True,,276.98333333333335,-0.9825401657920287,-0.98421576237962,0,0.5727348832436334,0.5727348832436334,84.41587701460715,1.7087168197196714e-09,0.35353351,-0.9825401657920287,-0.98421576237962,2LCZ49atGWd7XVRLz2AKepTsP2vEFBtZmnSse6eKpump,10,4.336833770257755,1.9413952543395273e-11,,,,1.7087168197196714e-09,-0.06127738288591267,,7SmoPJ7TnAUcxBBHcTdJE8kaL38b98drxCzc8HfoE5eb,-0.9811265367812224,-0.9811265367812224,-0.9830224606790637,-0.9767894101983591,-0.9886382855723395,0,,1790914801,166.0,0
standard,31.359560277793143,1,1,0,0,6,-0.8271322420755798,10.851952404594437,1.0488204392091816,322.370556539,1.0488204392091816,8.691004436996334,True,,7.466666666666667,-0.9452083614639719,-0.9452083614639719,1,10.851952404594437,10.851952404594437,16095.006840353215,3.2578953005316577e-07,67.405853768,-0.9452083614639719,-0.9452083614639719,B2PcRN33YdYaUxPgjJSckyfH85BXpYCL6RBoLDrLQQJ4,9,28.74744913711766,1.8360742863564597e-08,-0.97309521313747,-0.97309521313747,-0.9724926199874921,3.2578953005316577e-07,0.2757799026507304,,GxPaVmoNWJ4qjfSr1yW4pMtKbY73QYww2SXhxQ7ubDr3,-0.9448769227634819,-0.9448769227634819,-0.9448769227634819,10.134357171485632,-0.9436423176012799,0,,1790914832,0.0,0
standard,31.346504722237587,1,1694,0,1,6,-0.5288181573760486,0.3324248597432742,-0.37218559942820406,221.002443345,-0.37218559942820406,-0.10665609089017691,True,,112.68333333333334,-0.9372946253715118,-0.9372946253715118,0,0.3324248597432742,0.3324248597432742,16095.006882855623,3.2578953091348474e-07,67.405853946,-0.9372946253715118,-0.9372946253715118,BdnAEgWU7kgLQRjdBchmbBCdjEXSFap4JieYhyE4pump,26,175.485593986612,2.0384252764618283e-08,-0.9001211591015149,-0.8996117894675661,-0.9003387343000286,3.2578953091348474e-07,0.2726587856454461,,YmUZVaZRmHRi1cjjgJZopRwuenWMmyjnpP5AhaNpJ2E,-0.9339321020852107,-0.9372882633689192,-0.9369748357801048,-0.39666896876645086,-0.9374312222143459,0,,1790914879,142.0,0
standard,31.343171388904253,0,2,0,0,6,-0.015592784252088876,12.43655525755771,12.227041950335343,242.12613387999997,12.227041950335343,10.37449089900853,True,1,148.48333333333332,-0.9451630160661638,-0.9451630160661638,0,58.786355350798765,58.786355350798765,16095.006840353215,3.2578953005316577e-07,67.405853768,-0.9451630160661638,-0.9451630160661638,FJSQerYdgSEy9yAK9hD39YevvSKYJbryrABGCA9ppump,48,48.90466643547651,1.78632834188972e-08,,,,3.2578953005316577e-07,0.27578250655455694,,4dXrpbZxCfGYjNNu9wf8Z1BbhnbqbAVtScZUGdg6eMKF,15.62033087626299,-0.9444353785410683,-0.9443646316871097,11.907795819722253,-0.945169252627664,0,1,1790914891,0.0,0
standard,31.320115833348698,1,1,0,0,6,-0.012998435568988054,8.202326822858215,8.082710970566522,140.996255744,8.082710970566522,6.294917369474152,True,,19.1,-0.9455882005496268,-0.9455882005496268,1,15.435991557355965,15.435991557355965,16095.006840353215,3.2578953005316577e-07,67.405853768,-0.9455882005496268,-0.9455882005496268,DbVwJNcLMGCiffyF4mZnz9LxoA2HfR473XjwozvpzRcE,21,28.377920996105914,1.9150854200314743e-08,-0.9940092996874281,-0.9940092996874281,-0.9935280443525182,3.2578953005316577e-07,0.2757799026507304,,EEWbipvwNekCS3H4tsvCLWq448yfrWzowGWZ9dQru2tL,11.61506992354871,-0.9455882005496268,-0.9455882005496268,7.529402674427315,-0.9412170974395969,0,,1790914974,0.0,0
standard,31.300671388904252,1,70,0,1,6,-0.18461333570692073,1.1795190414741001,0.7771507609908161,546.027499261,0.7771507609908161,0.5843049802677214,True,,299.93333333333334,-0.7614913907657647,-0.7614913907657647,1,1.1795190414741001,1.4816699616155056,16095.00706504292,3.257895346012566e-07,67.405854709,-0.7614913907657647,-0.7614913907657647,4AT4FHoc8LE5EMXCX7mgcTSvGM9NFKZW8RsiA6oxvkjv,291,1318.6901981539593,4.3387704748504225e-08,-0.491624068246277,-0.5514964746838762,-0.9250614518273129,3.257895346012566e-07,0.24335296798227035,,2p63ooyr1XVyXREhvg4tE6aSQWutijPD5V5vmiA52tQA,0.5856337122958997,-0.2388398922317485,-0.10038314531631198,0.4787406230105704,-0.8668229020873623,0,,1790915044,1023.0,0
standard,31.28706027779314,1,52,0,0,6,-0.40581250720066975,0.6607245220050633,-0.013218260039445373,440.72372726000003,-0.013218260039445373,0.2793739512257327,True,,300.1166666666667,-0.698209868072956,-0.7791305521895227,1,2.4343023824814694,2.4343023824814694,16095.007259407874,3.2578953853552443e-07,67.405855523,-0.698209868072956,-0.7791305521895227,CNTAufyFmtdij6FFPXNFCgWx2iGuMs9fjF7AJELYhQ7Y,288,941.7333195782037,3.68188325973612e-08,0.10929815752325478,-0.635309844921925,-0.8854719739726478,3.2578953853552443e-07,0.24852907860817863,,8gKa3LbpvmJJgnQLPWhGiNohTffaVjJzaX726RWkpn9r,1.6186837753340035,-0.35839251882130874,-0.6140953966287319,0.18380503904344048,-0.8869858352024818,0,,1790915093,3543.0,0
dust,31.28122694445981,1,1612,0,0,5,-0.9323213325011992,3.7668245823439017,-0.6773876640664371,2.4390514710000004,-0.6773876640664371,0.7088403388992537,True,,271.76666666666665,-0.8942248651589295,-0.9092218985671898,0,3.7668245823439017,3.7668245823439017,9.192418557984436,1.860697390043499e-10,0.038497829,-0.8942248651589295,-0.9092218985671898,BHdZNfQNzrEgq1hg1kwHCZ3chUmtDPqKNreZnfampump,19,0.7947472681423688,6.992711176623828e-12,,,,1.860697390043499e-10,0.0005603833679299619,,8kWo4oaD6fZrXKfP5btzgGpGeiuZ6haYq4c98URSAURf,-0.47541921578418167,-0.880615825367707,-0.9092218985671898,-0.6773876640664371,-0.962418869322645,0,,1790915114,432.0,0
standard,31.23844916668203,1,1,0,1,6,-0.69444892263198,0.575148778258,-0.5187115937883477,231.125050324,-0.5187115937883477,0.27563240357715446,True,,97.2,-0.9270934873627025,-0.9270934873627025,0,0.575148778258,0.575148778258,16095.006943743909,3.257895321459642e-07,67.405854201,-0.9270934873627025,-0.9270934873627025,ACg4AaeBdhNMSvNEBAnwidtNr1LUrnBypqYqHXaPpump,28,375.7723274368101,2.444540987053979e-08,-0.8485180368021663,-0.8402482934875739,-0.8440968833175015,3.257895321459642e-07,0.24335386738915177,,8p9vSatcWqC6QAcUBCLz5B52PNLSL9u4dUZBccwXNU74,-0.9236814564356705,-0.9270934873627025,-0.9231133557830428,-0.5532451701615914,-0.9249656374484511,0,,1790915268,409.0,0
standard,31.226782500015364,1,627,0,1,6,-0.40636612014023277,0.3847088832030785,-0.17798989318787128,811.0741909479999,-0.17798989318787128,0.017143745047990988,True,,299.5,-0.8798946068084064,-0.8798946068084064,1,0.4092388418170425,0.4092388418170425,16095.00707507158,3.257895348042533e-07,67.405854751,-0.8798946068084064,-0.8798946068084064,HtsYzeVrkU953zzN14EJcdBrkEQoAUSA7kqZyD2bpBWh,202,504.27912253760144,2.678823233116402e-08,-0.6800095078244931,-0.7544473785424628,-0.8999701148900437,3.257895348042533e-07,0.23379035531622083,,BemDnhmgCs6dccd41UYzDn9KG5HUG4WWAgsfxAT3USxB,-0.4084991116163773,-0.7656403403897666,-0.7853295598556396,-0.26608971972698103,-0.91777442345636,0,,1790915310,174.0,0
dust,31.2251158333487,1,15,0,0,5,-0.9424780901867615,2.4327762848330052,-0.8025401521348121,0.208558522,-0.8025401521348121,0.8290492952026971,True,,268.4,-0.9635121206040408,-0.9635121206040408,0,2.4327762848330052,2.4327762848330052,10.746994577304637,2.175369260512325e-10,0.04500839,-0.9635121206040408,-0.9635121206040408,GzY4oWcHThAJwLQscuxdQ4XnAHUEoXupvYYR7apopump,12,0.5523095084507331,2.7436282252910338e-12,,,,2.175369260512325e-10,1.8186355808026002,,51XfEPpZMjHt1ShqGn7wuwsgKEuVzJZZ1hEbm3mkKr3E,-0.8025401521348121,-0.8025401521348121,-0.8025401521348121,-0.8025401521348121,-0.9873877585976145,0,,1790915316,3099.0,0
standard,31.210393611126477,1,1,0,0,6,-0.350267600360328,0.5797502308899332,0.02641490834744209,661.2192600169999,0.02641490834744209,0.41116881646400283,True,,290.51666666666665,-0.8384129739326848,-0.8809083217737326,1,0.5797502308899332,0.5797502308899332,16448.822461115356,3.3875507444793386e-07,68.887632821,-0.8384129739326848,-0.8809083217737326,F3S4WDfKUhe72EyuM3YQkEPTqE6aDzGzggj77JK1TQw2,182,481.9133680061182,2.5993897131475403e-08,-0.7335893615503543,-0.8499941094096277,-0.9252411460586194,3.3875507444793386e-07,0.2789935723978396,,JAGsdsCfnfmyF9bHVm3iA3McQxqX2bp7hfZyTmL88f4R,-0.5465030439914286,-0.7681892665751562,-0.8692082714025011,0.305976401275182,-0.923266397783598,0,,1790915369,1102.0,0
standard,31.190671388904253,1,109,0,0,6,-0.19345720883979645,0.4994215760944536,0.20934766310905206,222.289734429,0.20934766310905206,0.15096644347467603,True,,300.3333333333333,-0.759593458758238,-0.759593458758238,1,0.6046039428544541,0.6046039428544541,16095.007322922711,3.2578953982116967e-07,67.405855789,-0.759593458758238,-0.759593458758238,7XoR4H5FGMtbbYGG5jypAnwsQStpJ8muAQVnotA27ecz,267,828.8741418480126,3.3480369944703074e-08,-0.5736837864182429,-0.579997137277322,-0.9150228929055529,3.2578953982116967e-07,0.2453786618112983,,HTvV5z1tdnUYgeDgBwvoBtKWY7H5EnRQuSoQSXsmjibr,-0.1554616368192513,-0.31990961907674886,-0.616343489686767,0.49812298081976136,-0.8972331341175628,0,,1790915440,3882.0,0
dust,31.159560277793144,1,47,0,0,6,-0.9912117675692077,0.4152195884561154,-0.9875627213160375,14.012074355,-0.9875627213160375,-0.9816915013520499,True,,264.46666666666664,-0.9885999222318563,-0.9886942735039039,0,0.4152195884561154,0.4152195884561154,655.8044816595565,1.3274566205896569e-08,2.746507748,-0.9885999222318563,-0.9886942735039039,4h935gjVo36qxFyZLpK7LpUsqPzhAKtqUdXA62DNpump,15,35.33411345307305,1.5135474608524894e-10,,,,1.3274566205896569e-08,0.01487855414206285,,FWP5WyhMMaYvVCGywZuETPryp3bw8DYfyTnFoLFYYpdm,-0.9877507734164339,-0.987333262109682,-0.9886942735039039,-0.9832687293704134,-0.9885981399514195,0,,1790915552,276.0,0
standard,31.157060277793143,1,9,0,0,6,-0.0934850387931333,1.990505275877882,1.7109377741513687,711.165631572,1.7109377741513687,0.09368015902349724,True,,299.31666666666666,-0.7523804868487669,-0.783116287876471,1,2.373868860723478,2.373868860723478,16069.731082527294,3.248725435538896e-07,67.299998949,-0.7523804868487669,-0.783116287876471,52T6RBnR31NNo45TYoXozV6r7UyhkDFpE6MPqEKYmsvQ,229,754.9923049363192,3.147938864189535e-08,-0.5531128174025042,-0.868113754030832,-0.9642567752772588,3.248725435538896e-07,0.2661418803841178,,8wAT2NBtaU7stiNg1nUGKenxBMc2YfHmpMJJqkzkfzQY,-0.0690891016187043,0.17194143846602272,-0.6193009640764602,1.2274575506752026,-0.9031023419291401,0,,1790915561,235.0,0
standard,31.144004722237586,1,9,0,1,6,-0.372232339498337,0.6472298730344923,0.034077643703314564,997.6121037780001,0.034077643703314564,0.22661556079539547,True,,299.53333333333336,-0.8539408425735938,-0.8539408425735938,1,0.6472298730344923,0.6472298730344923,16095.007024450733,3.257895337796037e-07,67.405854539,-0.8539408425735938,-0.8539408425735938,4LjJL18pN6oMxr6Z6bMUxXy7K5CbbZTjrQ5UsSjjpiNn,269,1254.617479114611,4.478719115039355e-08,0.1522981167995492,-0.19357550604425156,-0.8670575894801215,3.257895337796037e-07,0.2346408993859923,,WXNCv7a7qxZ1Thd6Jrg2Ap62AFmGJsFNbmZyrB4MijW,-0.7696353040802479,0.1878479755092788,-0.015471086138888812,-0.07332336223612357,-0.8625272253813653,1,,1790915608,467.0,1
dust,31.115671388904254,1,3,0,0,5,-0.9827667614685036,0.8382164266537455,-0.968321577846961,11.376748517000001,-0.968321577846961,-0.9376903294462208,True,,240.83333333333334,-0.9692966166210496,-0.9692966166210496,0,0.8382164266537455,0.8382164266537455,987.0174715759407,1.9978864340260993e-08,4.133627032,-0.9692966166210496,-0.9692966166210496,3zckkLuyWB3d9Wb3tC7TUuzz3fY27YUUmrD1of6rpump,37,715.715175273097,4.187075418448425e-08,,,,1.9978864340260993e-08,-0.017145763410394976,,CXN5EwBp8Qg2zDpWWXzDz9hhiBd3phCesVN25kc1tXUP,-0.9664946302322066,0.17260241830748413,0.06832388556015268,-0.9661180026896552,1.0957524647738448,1,,1790915710,155.0,0
standard,31.10622694445981,1,1,0,0,6,-0.01998196215514414,8.81486641534814,8.618746126078857,155.437678455,8.618746126078857,7.060891099384767,True,,38.266666666666666,-0.9455440551078477,-0.9455440551078477,0,10.814960324044081,10.814960324044081,16095.006840353215,3.2578953005316577e-07,67.405853768,-0.9455440551078477,-0.9455440551078477,wYNE2iboiVB5RiULLuUor1eLfC6XkeV7JcafzKppump,15,29.0469048493982,1.8334352476919258e-08,-0.9943385609539576,-0.9943385609539576,-0.9941492708865304,3.2578953005316577e-07,0.2757799026507304,,78etURgb4YiwLYm3GWRTfRayJCV4gbTJKrrkQG6Nqiz7,-0.9448241365390053,-0.9455440551078477,-0.9455440551078477,8.320709351764519,-0.9437233220050771,0,,1790915744,0.0,0
standard,31.09983805557092,1,2,0,0,6,-0.0005257810206287239,8.163056598507598,8.158238837257157,134.93119084699998,8.158238837257157,6.468203518337674,True,,6.883333333333334,-0.9456574128726348,-0.9456574128726348,1,8.198022081187354,8.198022081187354,16095.006840353215,3.2578953005316577e-07,67.405853768,-0.9456574128726348,-0.9456574128726348,FNsVhrs1bMYBSUQAYkYm4Q6TiHXsLAp8kzDbtZWHyaGJ,8,23.37310721051959,1.8128284571265774e-08,-0.994066262292015,-0.994066262292015,-0.9939241419140399,3.2578953005316577e-07,0.2757799026507304,,2EJhWo5q4wiYM6j8Jpv4yTyi6DFCEDmJamTXTzZQqCNY,-0.9456574128726348,-0.9456574128726348,-0.9456574128726348,7.488295625610785,-0.9443558405074975,1,,1790915767,0.0,1
standard,31.07233805557092,1,10474,0,1,6,-0.4984973954505735,0.25800859089193273,-0.3691054151221417,635.65276905,-0.3691054151221417,-0.11703391004381425,True,,300.23333333333335,-0.8981758500483684,-0.9151095046367201,1,0.25800859089193273,0.25800859089193273,16095.007073400135,3.2578953477042047e-07,67.405854744,-0.8981758500483684,-0.9151095046367201,CpFFKkCPsiivh99pLQ6pCSXNQkEAmuyuhcPsGarr7cen,159,391.0415120152687,2.4309633228880475e-08,-0.5711316714069266,-0.8654442479012325,-0.8817273092702893,3.2578953477042047e-07,0.23854435835338728,,Lh2TnQTrSUJkvjavopq956szwQUNe1TKsQqq3U9EjYV,-0.8644976963029382,-0.7320426288903796,-0.9151095046367201,-0.42713316563621506,-0.9253823998796918,1,,1790915866,462.0,1
standard,31.064004722237588,1,2,0,0,6,-0.23314026705795776,7.651014063887327,5.634114334710487,451.20987798499993,5.634114334710487,7.000356172829971,True,,15.733333333333333,-0.9449559807226241,-0.9449559807226241,0,7.651014063887327,7.651014063887327,16095.006840353215,3.2578953005316577e-07,67.405853768,-0.9449559807226241,-0.9449559807226241,3vF74JVC7wNCj1NjmM6YDeZMnXRnL2n1VHcYAexnpump,13,48.47347930677156,1.8053952366131254e-08,-0.9916443564073858,-0.9916443564073858,-0.9916468127478442,3.2578953005316577e-07,0.27578250655455694,,HDir79L7uVUYQ2CafRB4Qn3FQkpE4WA8VKoRUXAS4q5h,-0.9446072856083865,-0.9445677050665066,-0.9445677050665066,5.011952446045673,-0.9445840007099522,1,,1790915896,0.0,1
standard,31.0226158333487,1,39,0,0,6,-0.7464565089168347,1.5963193468323422,-0.34172012883736425,1154.1290292649999,-0.34172012883736425,0.14750084411442344,True,,299.25,-0.8392978297457714,-0.8392978297457714,1,1.5963193468323422,1.5963193468323422,16095.007057402037,3.257895344465925e-07,67.405854677,-0.8392978297457714,-0.8392978297457714,2mABZ3Dsgk46ZdsbrGTCmobEpEHBcK3oPVJHY5er2QXv,212,819.1754254036777,3.323298810511111e-08,-0.4990726721378167,-0.7072179720664988,-0.8450392578837379,3.257895344465925e-07,0.26379319867292117,,4tKqEhDhqAsVsLQoj6ig3AnhJ9Z954KA2Mk1Ddq74wTW,-0.8266905245808606,-0.52269396321951,-0.795561460677204,-0.038426410576312575,-0.8979924626444405,1,,1790916045,4427.0,0
standard,30.982893611126475,1,18,0,0,6,-0.2626239159457826,0.44116805828663863,0.06268285928342165,130.97026875699999,0.06268285928342165,-0.1390617809545569,True,,278.8666666666667,-0.9375017083870403,-0.9378950984049386,0,0.892397000443675,0.892397000443675,16095.006877602518,3.257895308071532e-07,67.405853924,-0.9375017083870403,-0.9378950984049386,FoasUQbWvbbRUWGkUgKTK4uhu6oqbBFhL32ADsghpump,24,167.25870381637702,2.0146990931629018e-08,-0.9411882001605794,-0.9414531816977445,-0.9418071816489748,3.257895308071532e-07,0.29962014767064926,,2EaKQb3XRbowyn4XAbw9dQRa8TP6chsmdfWaB3gV3fXJ,-0.9369271993130225,-0.9375017083870403,-0.937783299724612,-0.2140123276986815,-0.9381594894049718,0,,1790916188,205.0,0
dust,30.943449166682033,1,313,0,0,3,-0.9864808402579285,0.8098222995828714,-0.9755327232271759,8.938559772,-0.9755327232271759,-0.9365286881834155,True,,251.5,-0.9842541876873733,-0.984673524502476,0,0.8098222995828714,0.8098222995828714,133.12342418601426,2.694638047365877e-09,0.557520612,-0.9842541876873733,-0.984673524502476,HMwdaEZmFa6u1tyxWvQJL2p5MohT34nwXeuXaABQpump,8,7.064814184203533,3.178070024795219e-11,,,,2.694638047365877e-09,-0.09310001571947069,,31v2tmQmrFBGTx2X1NKTFpnL3Zyn3u9DmG3rF2bS3Vxw,-0.9820545156326718,-0.9820545156326718,-0.984673524502476,-0.9755327232271759,-0.9882059483725396,0,,1790916330,889.0,0
standard,30.926782500015364,1,1,0,0,6,-0.8719082786377692,9.87976325796995,0.3936076037269238,311.98049416599997,0.3936076037269238,8.766456192035571,True,,114.5,-0.9448693507302879,-0.9448693507302879,0,9.87976325796995,9.87976325796995,16095.006840353215,3.2578953005316577e-07,67.405853768,-0.9448693507302879,-0.9448693507302879,6jZR7q8oprpLVRtpuRmrS4pzGxH3ZpvvHYyun7d9pump,13,51.653738991381246,1.8581698496172068e-08,-0.9603976370629644,-0.9598841386189546,-0.9590732010032542,3.2578953005316577e-07,8.479398302388173,,CkJzre7TjuV763oJMgkL4AsFpaB3t7PdNm6XX1GFYMpn,-0.944809845885394,-0.944809845885394,-0.94409423054932,9.827704920733876,-0.9429641017219316,0,,1790916390,0.0,0
standard,30.91483805557092,1,2,0,0,6,-0.0014827944221161848,141.46823021090384,141.25697911381835,808.438134522,141.25697911381835,137.36512589840137,True,,299.78333333333336,0.2757916624576411,0.2757916624576411,0,146.15243565641146,160.34745562300648,16095.006840353215,3.2578953005316577e-07,67.405853768,136.81316766439687,136.81316766439687,EscbxDPmuRdGGvS1Ad579JewsRtZ7NCq9ED4YfAupump,245,130107.83916475183,6.917584745719287e-05,0.03436577198967261,0.1361922565300946,0.4926011883082393,3.2578953005316577e-07,0.2757916624576411,,BsmAQv4zXcT11a3oTYxneAbV5bD8N2V3DuQCy3kD56na,143.3276374168099,146.09471317943303,160.20571423991947,141.46823021090384,211.33293607042566,0,1,1790916433,0.0,0
standard,30.910393611126477,1,2,0,0,6,-0.013013429368078921,7.771759990226029,7.657609311159483,128.722303121,7.657609311159483,6.436922401213416,True,,134.51666666666668,-0.9460988566847244,-0.9460988566847244,1,41.721328758232616,41.721328758232616,16095.006840353215,3.2578953005316577e-07,67.405853768,-0.9460988566847244,-0.9460988566847244,7fk4C9dUcDMECAKrScaMK6wiFWrXweTDavaDXM4udbCb,49,50.928810041194986,1.8561699764648085e-08,-0.9935704026116688,-0.993594103374198,-0.9934191402271809,3.2578953005316577e-07,0.2757799026507304,,BQEF7NcsmQv28z56LhjsrzWTQpwv9LxHB6EiUbwQQWV3,10.903712607068863,-0.9443350577837777,-0.9445402497261314,7.295034998506177,-0.9430254871554068,0,,1790916449,0.0,0
standard,30.90483805557092,1,2,0,0,6,0.0,10.78930302190636,10.78930302190636,193.402282591,10.78930302190636,8.677961864495472,True,,27.183333333333334,-0.9457771925001565,-0.9457771925001565,0,11.344074478423256,11.344074478423256,16095.006840353215,3.2578953005316577e-07,67.405853768,-0.9457771925001565,-0.9457771925001565,GHetyLf629BR1YcSADU8RctK7Q927ZhDMScZgjnRpump,13,26.979726287047104,1.847786122753093e-08,-0.9953956526461278,-0.9953956526461278,-0.9951890986964532,3.2578953005316577e-07,8.609573207206136,,2Lj8LFsUjvU2SuJS3FLFAjGPw9vqLaS41qjTEStRv1fg,-0.945725042167188,-0.9457179538270878,-0.9457179538270878,10.499014282443596,-0.9432828267240033,0,,1790916469,0.0,0
standard,30.895671388904255,0,1,0,0,6,-0.011074582740265071,7.80226446764112,7.704783061492533,131.147972428,7.704783061492533,6.468522740359275,True,1,82.63333333333334,-0.9453260320091842,-0.9453260320091842,1,78.8948848496814,78.8948848496814,16095.006840353215,3.2578953005316577e-07,67.405853768,-0.9453260320091842,-0.9453260320091842,Ep9Txm6USzzdkDZX9fr2GrA7ZWZpR7xJFxMW1YGKGJWP,64,58.45143141028038,1.8276726082535136e-08,,,,3.2578953005316577e-07,0.2757799026507304,,6MmfeiZ9ciuM33bvcFMvvfkkR7qzPPcQd5MD4Q5NTKAL,10.676260807284484,-0.9264246365489066,-0.9444423750318077,7.181828705904934,-0.9439002042835676,0,1,1790916502,0.0,0
standard,30.891782500015363,1,26,0,1,6,-0.8244498522791015,0.5772232882648758,-0.7231182187562597,581.62498051,-0.7231182187562597,-0.10383669528490302,True,,300.4,-0.8753224293035322,-0.8753224293035322,1,0.5772232882648758,0.5772232882648758,16095.007136198641,3.25789536041566e-07,67.405855007,-0.8753224293035322,-0.8753224293035322,4E5SUG74yBb6DR94Ain8ifsKbDtvcJo6bshAHxNMRBQq,248,557.695035427974,2.7877837386788865e-08,-0.05773137388232852,-0.002537627387154906,-0.6909508388757021,3.25789536041566e-07,0.26703589216773804,,Ft7ZnShaVKnbmCpNEiUzMkUrHFgamP1bA3as4XLBcKKv,-0.7010412615857979,-0.7311164570663433,-0.7451237558673849,-0.6311038785412787,-0.9144299177760207,0,,1790916516,660.0,0
standard,30.865393611126475,1,3,0,0,6,-0.17200348698453616,1.7550625823252322,1.2811822113046718,1017.6786088099999,1.2811822113046718,0.4225712219963329,True,,299.81666666666666,-0.5347439522973667,-0.5347439522973667,1,1.7550625823252322,1.7550625823252322,16095.007475024031,3.257895428999517e-07,67.405856426,-0.5347439522973667,-0.5347439522973667,GWDAwqnTrrcLnxf49Mc1DHB7oEY7gQw2tbiRrqqee4N1,263,4010.380438330557,1.4160140982461071e-07,-0.6692070079805482,-0.5381410076939883,-0.8094668880832662,3.257895428999517e-07,0.16347327369595321,,Akwr1Ms4UTj6JAeBfceaXqQSyCX4pQGrxresqB3ynV61,0.045407479367151504,-0.18562443846681131,0.10401249946558488,0.1613648568924928,-0.5653592544310245,1,,1790916611,28285.0,0
standard,30.833171388904255,1,15,0,1,6,-0.5563690207300611,2.205840971249164,0.4222103694589585,1787.3405765040002,0.4222103694589585,1.3265728925180333,True,,299.8833333333333,-0.808040662336579,-0.808040662336579,1,2.205840971249164,2.205840971249164,16095.006909837493,3.257895314596424e-07,67.405854059,-0.808040662336579,-0.808040662336579,FESndbiwyTH1i1itf3FxV9HCKFNy5U9RnFp8ER8nwPgC,278,4667.473228179621,1.7068713535843886e-07,-0.620834535530169,-0.46689896120350893,-0.6316167934667096,3.257895314596424e-07,0.23942797741102173,,Gp2ZMrbfbQBDYuwLdGV2rmdqUW1xs8ogudtnSMi6Ede2,-0.19109743857478922,-0.3155324766555444,-0.3788379387956895,0.9025787340087215,-0.47608158373381326,1,,1790916727,297.0,0
standard,30.780671388904253,1,1,0,0,6,-2.5186715773894974e-05,8.52311749597762,8.52287763992397,138.879625731,8.52287763992397,7.076379797162398,True,,60.733333333333334,-0.9453892844215857,-0.945408735382804,0,23.46434397874485,23.46434397874485,16095.006840353215,3.2578953005316577e-07,67.405853768,-0.9453892844215857,-0.945408735382804,p9XVB3G4utcBLwrSMdKzA1KkJaP49jBMMhVw68tpump,52,37.99663877536687,1.8401617484019642e-08,-0.9941902390180369,-0.9941902390180369,-0.9940686893388176,3.2578953005316577e-07,0.2757799026507304,,EKsBZUJ3bB1sD5KUFWzPKbY2Fttxd4CZkL8BSSEXNuNm,10.841837349055629,-0.943482920522816,-0.9446743570515616,8.179553407734257,-0.943516854329184,0,,1790916916,0.0,0
standard,30.762615833348697,1,1,0,0,6,0.0,10.75325210758378,10.75325210758378,167.79645617900002,10.75325210758378,8.766825621972687,True,,8.65,-0.945663714788971,-0.945663714788971,1,11.271744947881576,11.271744947881576,16095.006840353215,3.2578953005316577e-07,67.405853768,-0.945663714788971,-0.945663714788971,GtksKa6QHYBjBepYwkkqhDqAbxv8AJHJ3e9Kvt3npVM4,9,24.78875045311455,1.8273261307283266e-08,-0.9953769148561045,-0.9953769148561045,-0.9952277752411018,3.2578953005316577e-07,0.2757799026507304,,E1SNiEVmKUFxcT66H1HjAjipbdYNhPHWB9LwMXwSVVtk,-0.945663714788971,-0.945663714788971,-0.945663714788971,10.126722978042816,-0.9439108392946168,0,,1790916981,0.0,0
dust,30.71872694445981,1,313,0,0,5,-0.9960101120639939,44.578182610842894,-0.8181481590559143,15.181580995000003,-0.8181481590559143,0.036099996433624826,True,,238.01666666666668,-0.9683131971962962,-0.9820335509992371,0,44.578182610842894,44.578182610842894,29.94676645116285,6.061720299661672e-10,0.125416993,-0.9683131971962962,-0.9820335509992371,C2xkhutL9fdjBU2mq95YFnaLNF9ycFmLAspvjroDpump,22,1.5486887957693762,8.581994139103623e-12,,,,6.061720299661672e-10,0.036099996433624826,,7xkQKLXcDsaQJNCvcE2r6QPncsrA1QCyZAaHrXRPJPKs,-0.9639845440230052,-0.9614560484711748,-0.9808955332622867,-0.9098481552673706,-0.9858423125534469,0,,1790917139,426.0,0
standard,30.6626158333487,1,2,0,0,6,-0.0012507186826761219,10.706578815996483,10.691937179161096,175.88738199,10.691937179161096,8.713388098636933,True,,37.65,-0.9454922933907565,-0.9454922933907565,0,28.456478180060955,28.456478180060955,16095.006840353215,3.2578953005316577e-07,67.405853768,-0.9454922933907565,-0.9454922933907565,EURUyoh4XBV46oNh13fMdL1ckCwxjg7HTUaaySGcpump,38,37.634161307358184,1.843059818626733e-08,-0.9952734360770388,-0.9952734360770388,-0.9951614433011132,3.2578953005316577e-07,8.448052365934341,,8qBZvJCAWzMST3sBa2sY5EG84ewSAph6rmUCXURG5SbF,13.430503896460458,-0.9447373115394482,-0.9447373115394482,10.084514506265359,-0.943427899038807,0,,1790917341,0.0,0
dust,30.66122694445981,1,3,0,0,5,-0.8848416977786278,-0.6442586523772178,-0.9590334303778174,0.910042444,-0.9590334303778174,-0.9237748128472747,True,,234.56666666666666,-0.9807794443641734,-0.9860327927023366,0,-0.6442586523772178,-0.6442586523772178,36.4765570793082,7.383457805703238e-10,0.152763742,-0.9807794443641734,-0.9860327927023366,FwS8Mb9M2RfoXgFiGkdtfajLhvSF9CmzzyjKt2UKpump,12,1.8730516016534384,9.293635563759268e-12,,,,7.383457805703238e-10,-0.8701094319947634,,7sxbYT4dBfKvgzRidwggAeW779QBqgaU1zZA2aqvheNq,-0.9614616386089191,-0.9747233414334022,-0.9860327927023366,-0.9495400215656112,-0.9874128954098166,0,,1790917346,143.0,0
standard,30.65594916668203,1,2221,0,1,6,-0.07400538467949946,1.7232383842561947,1.5217040800553363,847.659901923,1.5217040800553363,0.4022110160279204,True,,255.25,-0.917721502657698,-0.9193348858628673,1,2.1662020019819352,2.1662020019819352,13940.918959715253,2.5222807467257246e-07,58.384538392,-0.917721502657698,-0.9193348858628673,2xCXK6rybVGdUhEWkHsRDJBiNz9ssL84eDbwiQQMaa1o,56,180.0783431980963,2.0359971436364947e-08,-0.967494084699302,-0.9680116652960475,-0.9679897092805716,2.5222807467257246e-07,0.5841634128004771,,FP4hqaa1cyDnA9MiH67YWuRHLA994yiSkDpyhRiMKabu,-0.8371057405799348,-0.917721502657698,-0.9193348858628673,0.5517624043002338,-0.9192795192890599,1,,1790917365,214.0,1
standard,30.611504722237587,1,1021,0,0,6,-0.7488369919425166,0.287903515626984,-0.6765262789273185,432.17283618,-0.6765262789273185,-0.35506101012783875,True,,250.58333333333334,-0.9235971133741574,-0.9235971133741574,1,0.287903515626984,0.287903515626984,16095.006923209035,3.257895317303045e-07,67.405854115,-0.9235971133741574,-0.9235971133741574,4sH3EC1VqviazEhcpffunR4jUZ92mmDxbup42pHQtLEG,47,392.69617300653465,2.4381469612218645e-08,-0.7319886033723044,-0.6827782368462099,-0.7686424111092258,3.257895317303045e-07,0.24350685046760856,,9AaWVxiHZrxuiL17jvWmuHtewT6NJgfCgp9TEtRJcQJW,-0.8801611260053631,-0.9132150889867321,-0.9152909616164848,-0.6302822708491223,-0.9251618998230976,1,,1790917525,187.0,1
standard,30.61122694445981,1,2,0,0,6,-0.5742662865966996,2.548844519949407,0.5108627557690137,795.1036634739999,0.5108627557690137,2.1965773038364107,True,,27.566666666666666,-0.9420634010599888,-0.9420634010599888,0,2.548844519949407,2.548844519949407,16095.006840353215,3.2578953005316577e-07,67.405853768,-0.9420634010599888,-0.9420634010599888,AUezkSW3WBr3E7Wkvw9JuuU4XVEHMjuoSnnJeWujpump,11,93.11912693217342,1.86244613365646e-08,-0.9616533012553333,-0.9616533012553333,-0.9621625742249315,3.2578953005316577e-07,1.0004632398767783,,8YoYke5jcKW872Aw36tiBzhehukSHVU8yvjavwEB6BnE,-0.9420594635283382,-0.9420634010599888,-0.9420634010599888,1.0676105651702894,-0.9428328426222744,0,,1790917526,0.0,0
standard,30.603449166682033,1,2,0,0,6,-4.3334963556462824e-06,11.320010602367477,11.31995721364643,218.26271701,11.31995721364643,8.68037498145206,True,,21.1,-0.9456952043109168,-0.9456952043109168,0,13.103277594479598,13.103277594479598,16095.006840353215,3.2578953005316577e-07,67.405853768,-0.9456952043109168,-0.9456952043109168,7LRGZeUNAa9LgCm2oXFz276FCDLTbuP38t4xxYqnpump,14,38.549039276527516,1.8513892160319803e-08,-0.9955113775317967,-0.9955113775317967,-0.995387340391991,3.2578953005316577e-07,0.27578250655455694,,D1CMySe6vALvDvowMwzuUnHMueLREfSuahkH5ybDgmUu,-0.9456397429510561,-0.9447003632435234,-0.9447003632435234,10.423106654081247,-0.9431722309882135,0,,1790917554,0.0,0
standard,30.598171388904255,1,21,0,0,6,-0.0689615179455968,1.1784061102707657,1.0281799182045304,798.8218762849999,1.0281799182045304,0.30145966503299415,True,,300.78333333333336,-0.2468856268286842,-0.5439266563880882,1,7.067002115658736,7.067002115658736,16095.007189207263,3.257895371145481e-07,67.405855229,-0.2468856268286842,-0.5439266563880882,6sCEG5jEaa2SjGTV7skz7EKuRD5RtAnNW8PzSnk4Hhq8,286,1495.771651413219,4.528767594258915e-08,-0.7286402636016954,-0.5423991584537721,-0.9314612115230986,3.257895371145481e-07,0.2411388749109824,,za1rhs6mnNUweZUpoRntg7wpMiaqee4pJBgh3KagcRA,0.5310676318540708,-0.11850938664926214,-0.15218425955109083,0.5067752961137384,-0.8609910055930804,0,,1790917573,3589.0,0
standard,30.590115833348698,1,1,0,0,6,-5.947006661122245e-06,10.543873112116039,10.543804460625745,171.06618470999996,10.543804460625745,8.56712207928412,True,,54.3,-0.9454718731621606,-0.9454718731621606,1,27.92193267739781,27.92193267739781,16095.006840353215,3.2578953005316577e-07,67.405853768,-0.9454718731621606,-0.9454718731621606,3nrUZUeHMYioNDPG9MXxGChKRSAiVecHUxJHgtMat8B5,28,55.24037699842837,1.7975622334989057e-08,-0.9951817803726157,-0.9951817803726157,-0.9952203306905119,3.2578953005316577e-07,0.2757799026507304,,3rvJot9FjgvDPn1PGwnFW3kAhn2p1qoqN3mJ2cAtLP46,18.431954135652994,-0.944379414773127,-0.944379414773127,10.00351254592356,-0.9448244321048144,0,,1790917602,0.0,0
standard,30.376504722237588,1,3,0,0,6,-0.28722002424017756,1.708497552456779,0.9305628197856812,333.97601784700004,0.9305628197856812,0.292338705275512,True,,115.48333333333333,-0.941290012858213,-0.9416679763039529,0,1.708497552456779,1.708497552456779,16095.00725678132,3.2578953848235866e-07,67.405855512,-0.941290012858213,-0.9416679763039529,HELSnnPfqcRx3nn1sxThrHzYftXKvDJbDYrJcjt8pump,25,107.27436323660214,1.8872897963924477e-08,-0.9690092649955415,-0.9697849647272692,-0.9699933495283174,3.2578953848235866e-07,0.33361133233177376,,3x39kdp5jcKsBp8w7U71Ss15mTzysQW6DoGZGJxHMgjQ,-0.933993500113438,-0.9401704392425619,-0.9416679763039529,0.5000880054865622,-0.942070276253065,0,,1790918371,793.0,0
standard,30.36622694445981,0,1,0,0,4,-0.007238367247640598,189.67275395033886,188.2925945331273,6.381255929,188.2925945331273,186.75225145163876,True,,300.8666666666667,184.64305222575214,184.64305222575214,0,191.610039327159,194.45068795699422,16095.006840353215,3.2578953005316577e-07,67.405853768,186.33702710710557,186.33702710710557,QJFfjTPjDFLvcsZjjbfnTH189SYgdUofKQcSCBspump,300,135833.28320744063,7.561061009395896e-05,,,,3.2578953005316577e-07,184.64305222575214,1,AEY8FnmeznxbrQFyzEfSuMHDmosiNoF9qVDXumkA3SwW,189.1329021627363,191.5179697860221,192.98899831891137,187.93210497706133,231.08422346052686,0,1,1790918408,0.0,0
standard,30.34872694445981,1,1,0,0,6,-0.0008282942280365413,9.280926465411262,9.272410833361095,146.86446090400003,9.272410833361095,7.945880815612231,True,,39.81666666666667,-0.9455294605013828,-0.9455294605013828,0,16.657670402721738,16.657670402721738,16095.006840353215,3.2578953005316577e-07,67.405853768,-0.9455294605013828,-0.9455294605013828,7ru4pnZyjLLGFH4hmYE4h9vxbaQLiujE52Mcw3sGpump,24,32.47067937264894,1.835879073147569e-08,-0.9946275419822165,-0.9946275419822165,-0.9945142682366295,3.2578953005316577e-07,0.27578250655455694,,EuW36AjGNxD8YPmW4KR5SNtSavJmn3WpZGBh5DrKB5W2,12.87863804469426,-0.9448119040563425,-0.9448119040563425,8.869051072778872,-0.9436483096050394,0,,1790918471,0.0,0
standard,30.31233805557092,1,2,0,0,6,-0.012527009423871194,11.452520433550617,11.296527592728582,220.91849322,11.296527592728582,8.876795970605263,True,,41.63333333333333,-0.9453526873900057,-0.9453526873900057,0,44.9219052180806,44.9219052180806,16095.006840353215,3.2578953005316577e-07,67.405853768,-0.9453526873900057,-0.9453526873900057,23h7wmi2kv6ptB5Dr95WwtQEjUJicbb9KkPDwK1Bpump,42,42.759844051803,1.822439100320638e-08,-0.9955491904794995,-0.9955491904794995,-0.9954508169457095,3.2578953005316577e-07,8.609573207206136,,2Q3FyGMsRGreo7CKS9xonw1saKVwoU9QeX1R7tKSdaUG,15.638899708315765,-0.9452704979211874,-0.9452704979211874,10.739258549809238,-0.944060845048543,0,,1790918602,0.0,0
standard,30.306782500015366,1,8,0,0,6,-0.2036729469985442,1.361699583769027,0.880685269617554,1132.0227960820002,0.880685269617554,0.5134005777206256,True,,296.3,-0.8734082720993752,-0.8811219848809432,1,1.361699583769027,1.361699583769027,16095.007063371479,3.257895345674239e-07,67.405854702,-0.8734082720993752,-0.8811219848809432,9dCGP429WZz5ayZ5bBe2RbYZmpiQfCxXT8qsBEq9MKxQ,180,323.79558549223873,2.2501820958041182e-08,-0.9235462960111802,-0.8924611664032561,-0.963274779451266,3.257895345674239e-07,0.2547286549793093,,45PjycoR5BVZen4Vo24JvYcukybJD3moaLuy7ZkEboJY,-0.12246432047865508,-0.8533055240133646,-0.8192612201979506,0.6940172547204913,-0.9309314186905402,0,,1790918622,376.0,0
standard,30.30594916668203,1,2,0,1,6,-0.5949146649323593,2.4987602529259476,0.4172964693778505,687.9083803149999,0.4172964693778505,2.235601680025465,True,,147.25,-0.9402889648518701,-0.9404149228845703,0,3.5039828282595895,3.5039828282595895,16095.006840353215,3.2578953005316577e-07,67.405853768,-0.9402889648518701,-0.9404149228845703,7PNrcZtvLn46Un9XDw3Um2UDqqpgdnnqYKd2BA7bpump,49,167.0750232941122,1.9287149989683014e-08,-0.9579189756901412,-0.9558990167690001,-0.9582294465704576,3.2578953005316577e-07,2.1794186502403674,,BeB41rod18WKctzqWwPs6HMLLPtXrB99QxowfvdACDtM,0.7793079837825259,-0.9395468836320705,-0.937495832170612,0.9344420827777458,-0.9407987421003507,0,,1790918625,0.0,0
standard,30.242615833348697,1,1,0,0,6,-0.21952541239167733,2.5928831333062816,1.8041539817921182,2531.897828628,1.8041539817921182,0.40257209241700664,True,,291.45,-0.931875748541743,-0.931875748541743,0,2.6147328503842706,2.6147328503842706,16097.365609959632,3.258751402736957e-07,67.41573229,-0.931875748541743,-0.931875748541743,2tFPyQkY3YCddxVfzPYPGTTxE9wdNoz7mapctoLfpump,48,297.8743948715191,2.0698175059933676e-08,-0.9738255284085768,-0.9747210581528082,-0.9773494388015992,3.258751402736957e-07,0.2609426435882909,,9CG3y3mK1TphM7depW2CALhUw2n2LMbxXDW2u2FRV9Kp,-0.9241350591844751,-0.9270069387059212,-0.9291139545637056,1.4239329667206189,-0.9364843386256781,0,,1790918853,0.0,0
standard,30.215671388904255,1,342,0,0,5,-0.14310063609056156,2.206573610258078,1.7477108869589384,969.3932836399999,1.7477108869589384,0.6050215019666731,True,,300.8333333333333,-0.22220694273415043,-0.38441694860081665,1,4.530936187933835,4.530936187933835,16426.749865405378,3.3793812840084956e-07,68.795192838,-0.22220694273415043,-0.38441694860081665,GhAP9Tb8RADFhxpAbyz96VFG8vGUzhMaPLMa38DvQFn2,299,1858.7055205740617,5.492336753112801e-08,-0.4180716491709029,-0.11679093171484878,-0.940850792743615,3.3793812840084956e-07,0.6050215019666731,,BuKG2ytP83oWiSdHF1YjKmHWZEHWXLbxyQjPHRTiUwyP,2.8228314780305572,0.7615778609947061,1.4120192640541442,1.213242904385588,-0.8374750792666403,0,,1790918950,252.0,0
standard,30.166782500015366,0,2,0,0,4,-0.011088817243883331,110.7414810575324,109.50240019552456,6.3289478,109.50240019552456,107.41178945929755,True,1,300.9,106.217779689897,106.217779689897,0,110.87564078047244,113.01243102184695,16095.006840353215,3.2578953005316577e-07,67.405853768,107.41178945929755,107.41178945929755,X1HK64XFDjNZLwAYvrvXKFgEoSUuxRgKWuujPMnpump,300,24.15515053717132,1.7705915861173414e-08,,,,3.2578953005316577e-07,106.217779689897,1,7RgZLTeBJtD5F2kfo7EfSENb2xaK9uHpDCcTZahpJSDU,110.36347922876243,109.79077686316354,112.90618448809234,109.1586012020897,-0.9456522870508332,0,1,1790919126,0.0,0
dust,30.15733805557092,1,1612,0,0,4,-0.8997537614578327,4.070322379375791,-0.4917192532714053,0.6949394000000001,-0.4917192532714053,-0.5351941810210143,True,,204.33333333333334,-0.8416922119575446,-0.9829477259527704,0,4.070322379375791,4.070322379375791,5.536965615837441,1.1207733204446592e-10,0.0231888,-0.8416922119575446,-0.9829477259527704,GCCw343hZnLYUjKXJkjBfdvcjbgYP1qH9ShibqgEpump,16,0.3186634578615373,2.8445685707789053e-12,,,,1.1207733204446592e-10,0.0007297789876692384,,6ZWrKRNW3ehc3squVE2Bj2Py9sCpbaS8YyNCpmtVaZ5d,-0.3386917375827485,-0.6813823112505348,-0.9829477259527704,-0.5940530553158447,-0.9746195906086492,0,,1790919160,298.0,0
standard,30.09956027779314,1,2,0,0,6,-0.012942040957300338,12.312143184344013,12.139856882022787,220.777490122,12.139856882022787,10.487074942777323,True,,20.866666666666667,-0.9455621199165152,-0.9455621199165152,0,27.655094243484402,27.655094243484402,16095.006840353215,3.2578953005316577e-07,67.405853768,-0.9455621199165152,-0.9455621199165152,7fnqyfEqGSZS1WFZQyMibPz2M9EozcwvjUTnLCqbpump,22,36.44655142730535,1.8349743123928017e-08,-0.9958524344542206,-0.9958524344542206,-0.9957135058947943,3.2578953005316577e-07,0.27578250655455694,,GT24SR6idw8os1hmcugdG2nckfj7TrzGCoLAT6dpviQn,21.716163546689536,-0.9455015823196495,-0.9455015823196495,11.803553596438228,-0.9436760809319639,0,,1790919368,0.0,0
dust,30.042615833348698,1,430,0,0,6,0.0,4.45340895564108,4.45340895564108,0.30239361400000003,4.45340895564108,0.37931665242325296,True,,215.45,-0.7842374390083166,-0.9771979198558073,0,21.796635596279067,21.796635596279067,13.663497519123453,2.765717641372644e-10,0.057222698,-0.7842374390083166,-0.9771979198558073,HwNnZeNn16P4T9JuKkEQzT4fLhA83S8XekRewb7rpump,52,1.0350657427064105,1.8099429513635695e-11,,,,2.765717641372644e-10,0.37173333391763697,,2T5eGt71VSX8HMCmdSZtAW9usB6MMwERkG41bkHoLYqz,4.644984480138706,0.14636837212820253,-0.9671602013830719,3.480403041994845,-0.9345579272342031,0,,1790919573,1379.0,0
standard,30.02400472223759,1,85,0,0,6,-0.6589411435049075,0.31087366813846895,-0.5529149257351663,388.138873182,-0.5529149257351663,0.08606947342910742,True,,295.3333333333333,-0.8568902789604533,-0.860228758332814,1,0.31087366813846895,0.31087366813846895,16095.00717106017,3.257895367472209e-07,67.405855153,-0.8568902789604533,-0.860228758332814,F2N78Cdxo2sPUaBS9YL1ztxkA8oFXFw5LkKWdjP1XjmP,154,246.9330096130735,2.165879786021434e-08,-0.46672917569292516,-0.49811781400844646,-0.8513013435352487,3.257895367472209e-07,0.28394134935846504,,7mAYJzNA43pMAvMgvHSP3TFKfDC9pMKs9fSwR4uQne1A,-0.7589517545102924,-0.8171241980065419,-0.7718827867725627,-0.5191210951375945,-0.9335190501313757,0,,1790919640,1433.0,0
standard,30.005115833348697,0,2,0,0,4,0.0,24.265775385846766,24.265775385846766,5.106229191,24.265775385846766,23.059022557671707,True,,300.2,22.364691074272333,22.364691074272333,0,24.944472169734897,26.053150823704765,16095.006840353215,3.2578953005316577e-07,67.405853768,22.920298261892206,22.920298261892206,fEhD7RCrVDfVnRsF3hGHzsDKGo39zfh6uu5bmfWpump,300,33.021996657054224,1.7655426078099358e-08,,,,3.2578953005316577e-07,22.581467500402372,1,EBzyfFg4RvACv7BK8XQySeu4cjm15oEDeBjzDKG3HxSB,24.268436277078926,24.922466059517877,26.050101221143695,23.93877214106949,-0.9458072637410473,1,,1790919708,0.0,1
dust,29.96483805557092,1,17058,0,0,4,-0.9950361069016896,4.631528092263021,-0.9720456965698745,7.732514363,-0.9720456965698745,-0.8606464380153455,True,,192.78333333333333,-0.9795978943878966,-0.9830463480911239,0,4.631528092263021,4.631528092263021,60.82163486299537,1.2311303769937168e-09,0.254720875,-0.9795978943878966,-0.9830463480911239,2G3nRXdJf5yGy58bdmu6QBwV737AvzKCFV73Rb5ipump,13,3.248532568566289,1.5253161859739525e-11,,,,1.2311303769937168e-09,0.00034257718998298436,,D48NbGjgoDeQqeD9QMfgx4aTAvp2nqcFLjhFB4RedGFR,-0.9759123557311916,-0.9769721709798554,-0.9823114697390587,-0.9720456965698745,-0.9876104414733181,0,,1790919853,165.0,0
standard,29.927893611126475,1,6,0,1,6,-0.042686442751225906,0.7748807361405794,0.699117391207061,267.207789323,0.699117391207061,0.3027416418557709,True,,283.56666666666666,0.2601641416573819,-0.9344970723798637,0,7.100101294819934,9.106661365941287,16095.00693681936,3.257895320057999e-07,67.405854172,0.29165099580577847,-0.9344970723798637,7iWG1K47CGCykTNUU4XXkYctnv1X7Qd8RAq6KnDMpump,117,371.0001535891813,2.197038550346588e-08,2.795240293562192,-0.961448851056958,-0.9603103593867252,3.257895320057999e-07,0.2601641416573819,,DtBmpRSAjL3bRbDbVwBuHGiUNyqQvjY8Y1jxgudFuUFQ,1.395585363945063,5.315622350800116,-0.9344970723798637,0.5266156715809698,-0.9325626413832266,0,,1790919986,183.0,0
standard,29.915671388904254,1,1,0,1,4,-0.08334165522609449,4.432296457167704,3.979559878748498,1789.2682528770001,3.979559878748498,2.3473745170333378,True,,300.8333333333333,0.405141922597412,0.405141922597412,1,19.650983442969363,19.650983442969363,16095.006986962651,3.2578953302078297e-07,67.405854382,1.5143943233045012,1.5143943233045012,8nnaeWCw8mUypcGAgbmSuzAT85uWx4UN12adDrMhXrGF,300,124413.39823815746,1.0237067681713153e-05,1.527726415884937,1.5263491302748675,5.3102634089423795,3.2578953302078297e-07,0.5079065164518353,,GLL3CzybpSCLZdoACf8QUM5YrKVwyA65kQ2RcTsJxxzV,6.733960995077442,12.272535980408117,11.191473514792923,3.4944277950402185,30.4223344955042,0,,1790920030,20840.0,0
standard,29.910671388904255,1,9,0,0,6,-0.09929344328725975,0.6815941309885147,0.5146228595110178,953.852799333,0.5146228595110178,-0.151478612970124,True,,283.53333333333336,-0.8322017074301646,-0.8764927925879997,1,0.7411812476988686,0.7411812476988686,16321.021271536265,3.3404262304733064e-07,68.352401716,-0.8322017074301646,-0.8764927925879997,CjUVYWLHdn66zE1KNCcHEUBrApD2vi3WrgdLE2sAkP3f,177,400.77670335686156,2.4273578739042345e-08,-0.6345282775742838,-0.90598193937561,-0.9520236263549566,3.3404262304733064e-07,0.21254624072641293,,GV18eR5J92RX28CPShN8kYwRFLbJ1LPBh2MwvUbnpC6Q,-0.0686859441813229,-0.4615164179721184,-0.8630925456931887,0.5128184462123992,-0.9273338877607753,0,,1790920048,179.0,0
standard,29.894004722237586,1,1,0,0,6,-0.8103332931884337,0.5101240775391043,-0.7135797393363037,164.95900064699998,-0.7135797393363037,-0.7008946758938054,True,,43.53333333333333,-0.9171475266338885,-0.9171475266338885,0,0.5101240775391043,0.5101240775391043,16097.365609959632,3.258751402736957e-07,67.41573229,-0.9171475266338885,-0.9171475266338885,FGYF9AS9zya5VKQpbHmmESujcYqk5XsWgSNCSLHJpump,12,531.7106932096791,2.7548900585778918e-08,-0.7107311013050377,-0.7107311013050377,-0.7048455706192291,3.258751402736957e-07,0.41808181192210925,,6ANxPrHYxrGpjLhgH4xH7iFqBRHQwHAGhVpEwoJE7Etc,-0.9157656307366554,-0.9171475266338885,-0.9171475266338885,-0.7291670794821713,-0.915461791400715,0,,1790920108,1.0,0
dust,29.886782500015364,1,1612,0,0,4,-0.7371604635178082,1.029046116775104,-0.4666864591658403,0.825069497,-0.4666864591658403,-0.582609801800324,True,,188.1,-0.9368333106571294,-0.9587460320123955,0,1.029046116775104,1.029046116775104,6.389489934724901,1.2933383276945385e-10,0.02675917,-0.9368333106571294,-0.9587460320123955,7cpDRynzdz8fibGaoenoG8iqBMAnRejgfPGs4PDVpump,31,0.42422397588087596,4.062479600078687e-12,,,,1.2933383276945385e-10,-0.24890009733776786,,BWMeNiEnhMoPTgm7xt3VKV7hqGvSB8cFdLWPJZx1Jizc,-0.5978133491080212,-0.8914068930559444,-0.9530600986363192,-0.4666864591658403,-0.9685891965536942,0,,1790920134,557.0,0
standard,29.865949166682032,1,2,0,0,6,0.0,10.272181990280675,10.272181990280675,154.89999233099996,10.272181990280675,8.651166788153285,True,,18.85,-0.9456159688257952,-0.9456159688257952,0,12.805912206163834,12.805912206163834,16095.006840353215,3.2578953005316577e-07,67.405853768,-0.9456159688257952,-0.9456159688257952,3fV8arxEGW9FcewAi3wCgvyT4KTcv2y39rVz4j5epump,16,28.624038998999147,1.8092392056116522e-08,-0.9951753767619174,-0.9951753767619174,-0.9950733594726484,3.2578953005316577e-07,0.27578250655455694,,6zizsAEvkgFTXzEYA9p37DTvGAAiCHxYobqSZHXrmDZN,-0.9450129978143869,-0.9456159688257952,-0.9456159688257952,9.659336472691704,-0.9444660113750003,0,,1790920209,0.0,0
dust,29.831504722237586,1,35,0,0,6,-0.08926771488142649,2.8407615943473283,2.497905583415598,1.3789397799999998,2.497905583415598,0.32437951157424494,True,,299.78333333333336,0.00032184689784342524,0.00032184689784342524,0,13.482121904571049,18.516489376016096,130.67770587175866,2.6451326679555342e-09,0.547277949,0.32437951157424494,0.32437951157424494,54Wy9sUVv2TFUqxh8YXgJfhYWTfM3bNfj5xbYZCBpump,84,10.881020529042756,7.497504877239768e-11,,,,2.6451326679555342e-09,0.00032184689784342524,,D5i7mFD8FsaJzhSbemypKa2LM2n96H6uduuYPiMnspE5,5.61566512297404,12.932734485754771,18.516489376016096,2.2436913112709753,-0.971655467538289,0,,1790920333,1044.0,0
standard,29.751782500015366,0,2,0,0,5,-0.00020463080822974433,4487.21644196043,4486.298014602401,4984.854093790999,4486.298014602401,4439.640040628347,True,1,151.0,0.2757825052630851,-0.9460602766390017,0,4882.359688685982,5321.317277248581,16095.006840353215,3.2578953005316577e-07,67.405853768,4421.967518028309,-0.9460602766390017,gajFhoX7C95WCfBBWXAUCikLjhz65YWYWEtuyE7pump,116,25.681953584258927,1.810672381888054e-08,,,,3.2578953005316577e-07,4424.453722946582,,5NaAEidoDM6QRNQDh83nkAQRZaB4hda5sukvDJup6JSR,4546.207764280958,4882.352035678381,-0.9460289918451588,4486.298014602401,-0.9444220205114459,0,1,1790920620,0.0,0
standard,29.71594916668203,1,1,0,0,6,-0.9652985248664709,9.625100223982514,-0.6312933487862166,361.671399362,-0.6312933487862166,7.194933686304038,True,,24.85,-0.9456148356029935,-0.9456148356029935,0,9.625100223982514,9.625100223982514,16095.006840353215,3.2578953005316577e-07,67.405853768,-0.9456148356029935,-0.9456148356029935,zTZgwaeXsEwTomj99b3NZVzqmtRPao9EziBTtf8pump,11,27.134965368637687,1.808579158894255e-08,-0.8523350449477098,-0.8523350449477098,-0.8494365953791256,3.2578953005316577e-07,0.2757799026507304,,9FxhQEyhXXnpBX331EmRCMF4QhKMF6NDPRiJ5zDwRKY4,-0.944854749258003,-0.9455549489210363,-0.9455549489210363,8.622959114369507,-0.9444862712868916,0,,1790920749,0.0,0
standard,29.70122694445981,1,135,0,1,6,-0.46465641624506193,1.0971763700449313,0.12270991370602569,682.5239432190001,0.12270991370602569,0.1053839835349375,True,,299.96666666666664,-0.7196818076444745,-0.7196818076444745,1,1.0971763700449313,1.0971763700449313,16625.839074680716,3.453007912058489e-07,69.628978015,-0.7196818076444745,-0.7196818076444745,JERpqiXG9wLuWcbSi51uaqjYzTDd6Tj9VGgpAgik6EW,282,360.2830505852023,2.3529888994405755e-08,-0.5825200366835163,-0.3210765592871452,-0.9393047440298357,3.453007912058489e-07,0.1966411114971518,,4LykWqvVpE1LmSSYN585EFewvkgFPePnWGojopWsUXPp,-0.5584604873300258,-0.45623387098089696,-0.31886183100512955,0.17292557209786263,-0.9318568344073717,0,,1790920802,5735.0,0
standard,29.625115833348698,1,1,0,0,6,-0.1419171743914267,0.8000537353331414,0.544595195461929,1821.8073207639998,0.544595195461929,0.11243595282663188,True,,276.4,-0.9423154387192771,-0.9431913974973719,0,0.8000537353331414,0.8000537353331414,16805.001654733776,3.5205935578286356e-07,70.379310512,-0.9423154387192771,-0.9431913974973719,2GhkNR9mAULenWx8HecnCEskKHAtBKAjJFtRPejupump,23,199.28948546878328,1.994778972748949e-08,-0.9626396311440116,-0.9629088948503709,-0.9633170535307777,3.5205935578286356e-07,0.20771015296508955,,AC2s1bQb5vpZz4ebkXZ2icmMkM92zuiW7X6bKfGjmbfk,-0.9422715573288771,-0.942293353764355,-0.9427092571915098,0.6823850650218373,-0.9433396971282522,0,,1790921076,0.0,0
standard,29.575671388904254,1,2,0,0,6,-0.01514495445563413,9.225476136269618,9.070611765898642,151.736756867,9.070611765898642,7.798575790489144,True,,228.43333333333334,-0.9453857815018193,-0.9453857815018193,0,31.7546635211895,31.7546635211895,16095.006840353215,3.2578953005316577e-07,67.405853768,-0.9453857815018193,-0.9453857815018193,3DVcRFGfEj26XVTJ7FyzJNmbxRuh9hmtWWDHXERFpump,39,43.3560105536284,1.8444070388056308e-08,-0.9945055140079175,-0.9944934023192861,-0.9943783501194075,3.2578953005316577e-07,7.484797861914744,,3jUA1V4QouLN9CamFDfJzBpsENg78MCHfzAUYPaH3iFu,14.463426293190192,-0.9446671647205686,-0.9445451926065325,8.670452965241925,-0.9433865465687421,0,,1790921254,0.0,0
standard,29.532060277793143,1,2,0,0,6,-6.652859816047574e-06,9.341757967664192,9.341689165398183,481.33988696899996,9.341689165398183,6.845365460472272,True,,40.81666666666667,-0.9468629298862494,-0.9468629298862494,0,13.62848627772877,13.62848627772877,16095.006840353215,3.2578953005316577e-07,67.405853768,-0.9468629298862494,-0.9468629298862494,4b6N3zMYSt31i5D5T4yhXMxTsyAxURTMKUtC1Bqzpump,35,59.30491284026985,1.863004148303321e-08,-0.9945817538767666,-0.9945817538767666,-0.9944705081989048,3.2578953005316577e-07,6.685893082114007,,3Wm5PRJUqQMiXDVPXVPTRmNB3HUjXunrdxGWqXwZ4c5m,12.900324948280163,-0.9439661827718971,-0.9439661827718971,8.741189008071352,-0.9428157145504554,0,,1790921411,0.0,0
standard,29.51983805557092,0,2,0,0,6,-0.01562982396104362,11.012310226402015,10.824559932197907,214.977139453,10.824559932197907,8.804031815676154,True,1,251.08333333333334,0.27578250655455694,-0.9449523519159626,0,54.921078203971476,60.9572313823314,16095.006840353215,3.2578953005316577e-07,67.405853768,8.804031815676154,-0.9449523519159626,47Luym1x9kyraT777YCXf4ejTS1mGMwuaWhLMPMKpump,72,58.87168369262641,1.8406541995725875e-08,,,,3.2578953005316577e-07,0.27578250655455694,,5RCNkRTEXqCX9fjgwwuPQXW8ihDQVSqCnusQszbBGsYA,14.630363562417644,53.36514027906064,-0.9438498114833302,10.353883604940778,-0.9435017387062067,0,1,1790921455,0.0,0
standard,29.478726944459808,1,1,0,0,6,-0.0017464885659730367,9.360620043362196,9.342525338920074,162.809633006,9.342525338920074,7.090002965307445,True,,40.61666666666667,-0.9454441220198934,-0.9454441220198934,0,20.96470365651766,20.96470365651766,16095.006840353215,3.2578953005316577e-07,67.405853768,-0.9454441220198934,-0.9454441220198934,9E95LAVs5t61ooGh87bYLuHpZqUCKNuoubYew76pump,42,34.87390471200166,1.8140829612225043e-08,-0.9946869293911422,-0.9946869293911422,-0.994616144099347,3.2578953005316577e-07,6.982873012573377,,C9ePM7nTeLuuNUFpYqmZcVbAyzkkY1bHUER9rRu6fzb6,11.608397667354334,-0.9450494326004172,-0.9450494326004172,8.846200428367355,-0.9443173339264014,0,,1790921603,0.0,0
standard,29.478171388904254,1,2,0,1,6,-0.6436251888995019,0.22305754736858696,-0.5641330975914813,362.25476634100005,-0.5641330975914813,0.07069070395450905,True,,300.5833333333333,-0.7219570103462178,-0.7219570103462178,0,0.22305754736858696,0.7438337671086492,16095.007077936909,3.257895348622523e-07,67.405854763,-0.7219570103462178,-0.7219570103462178,UgrANGx3JKUyVWiYAbDj6UmhW6xDSmNhyP41apfpump,286,1478.8818685894971,5.002075393271911e-08,-0.26259485768659363,1.1549705950603597,-0.6477433410696284,3.257895348622523e-07,0.22305754736858696,,DfHAXf6aPHne72LWNF5wWvLPyUKYoAnFFLPYsG9vyQUY,-0.578182999604971,-0.5605402076957027,0.38880770811119225,-0.5639573086130563,-0.8464629812192449,0,,1790921605,706.0,0
standard,29.47483805557092,1,2,0,0,6,-0.8408938170155864,8.974982920543402,0.5870814578223789,305.918374211,0.5870814578223789,8.699162478409747,True,,11.383333333333333,-0.9433138952291007,-0.9433138952291007,0,8.974982920543402,8.974982920543402,16095.006840353215,3.2578953005316577e-07,67.405853768,-0.9433138952291007,-0.9433138952291007,qDUdqCJadafAHZqbXrJvnJVafNUNXfiFd722Ut2pump,8,81.22647264512315,9.963681009893434e-08,-0.9642828006769875,-0.9642828006769875,-0.8072992193246591,3.2578953005316577e-07,0.27578250655455694,,BifmLaNkpWqpNQy7rXgfQKRQGDkmbPbSoMzbMAAbbKw2,-0.9433138952291007,-0.9433138952291007,-0.9433138952291007,0.4938020606941109,-0.6941681640822694,0,,1790921617,0.0,0
dust,29.453171388904252,1,3,0,0,2,0.0,0.1424291984442947,0.1424291984442947,0.014919987999999999,0.1424291984442947,0.054792748794690205,True,,179.08333333333334,-0.9872150190373008,-0.9872150190373008,0,0.1424291984442947,0.1424291984442947,43.20676471660412,8.745763025616239e-10,0.180949837,-0.9872150190373008,-0.9872150190373008,DULhTwX41f3aGWq8zG37EQPFyit7kiwuD3pmQuS9pump,13,2.5901441104676297,1.7295821681795942e-11,,,,8.745763025616239e-10,0.054792748794690205,,Ewe8UyrbXRVfSdMD234GUd7qonHYCvChrBTf67jtfyiy,-0.983382794027195,-0.9771668632813675,-0.9721725452078825,0.1424291984442947,-0.9802237704919095,0,,1790921695,153414.0,0
standard,29.435949166682033,1,1,0,1,4,-0.11285381568333541,6.200777514322246,5.388142295944217,1389.96529297,5.388142295944217,0.36904256875794705,True,,300.05,-0.14147991523406844,-0.14147991523406844,1,16.616620456514507,16.616620456514507,16095.006872110635,3.257895306959884e-07,67.405853901,0.33471178772737153,0.33471178772737153,DSmp1qi6fAGn9Xj4cztBi8B1UJUBoiADn7QPhfEnsFq6,300,3743.289943070685,1.0704258994982877e-07,0.24734192020981238,-0.058519016530374945,-0.9485666392351454,3.257895306959884e-07,-0.14147991523406844,,891v3RKdbE5yj5XDbtvxW71PSm6gFfC2aa8fbGb4XPLa,11.975779633066931,7.850455838335645,4.748600488516162,4.168288031079825,-0.6714363726754746,0,,1790921757,16.0,0
standard,29.42483805557092,1,24,0,1,6,-0.8561343829509438,0.35410513351839956,-0.8051908294170809,237.85692171699998,-0.8051908294170809,0.15358512069713748,True,,300.3833333333333,-0.9174849200979407,-0.9181319305976027,1,0.35410513351839956,0.35410513351839956,16095.007117573989,3.2578953566457227e-07,67.405854929,-0.9174849200979407,-0.9181319305976027,ETja6MeVhxLbSnZuMtLVWtC7VCaX96gnrW27Fp4cNErg,39,488.9483122152725,2.6299147133957496e-08,-0.545427007394625,-0.5797524872292872,-0.585623481917066,3.2578953566457227e-07,0.2749556290115054,,DrvrqPm7zbmxaJbkNHHeaS3JMNXqvLN2gHHXpikzv1Se,-0.9091272243936934,-0.8994508521374321,-0.9181319305976027,-0.149497870586924,-0.9192756542032257,0,,1790921797,1024.0,0
standard,29.38233805557092,1,1,0,0,6,-0.00045534970750016335,9.863613534101288,9.858666790856141,171.53173884300003,9.858666790856141,8.103421436537232,True,,22.833333333333332,-0.9455041741493645,-0.9455041741493645,1,20.43321017993435,20.43321017993435,16095.006840353215,3.2578953005316577e-07,67.405853768,-0.9455041741493645,-0.9455041741493645,D2v5Yw49wS72HtnCtSyZJxthvyev9suHtJKrFQHx4Mhh,21,32.61586096190415,1.7706406148093735e-08,-0.9949760928074286,-0.9949760928074286,-0.9949948535197582,3.2578953005316577e-07,0.2757799026507304,,rg1AkjbdecSJUt1JGNbzALHn8vZUiVUhz9SbcWeqEUV,17.404893599145314,-0.9454470658076812,-0.9454470658076812,9.03459873084575,-0.9456507821316289,0,,1790921950,0.0,0
standard,29.364282500015364,1,1,0,0,6,-0.8205299440599894,0.5294815910687218,-0.7255038532916801,444.41395240700007,-0.7255038532916801,0.3977839833157064,True,,255.75,-0.9272561807769859,-0.9281933565710265,0,0.5294815910687218,0.5294815910687218,16097.365609959632,3.258751402736957e-07,67.41573229,-0.9272561807769859,-0.9281933565710265,9UWX7BKLdYvCQNNhw9N1gyZDtyCqgtiwYD1qcYDhpump,14,367.07994209669477,2.411560735826014e-08,-0.7349914740321952,-0.735343939213728,-0.7304056906629566,3.258751402736957e-07,0.39097653636192264,,5ox3byYv5pERE72gw5fYymzyopfBb4MaL9Zot2QXfZ2H,-0.9262393364095856,-0.9272561807769859,-0.9273529311111655,-0.7118468923308758,-0.9259974009124907,0,,1790922015,0.0,0
standard,29.354282500015366,1,1,0,1,5,-0.03961341607761326,0.8180623771393318,0.7460427157386569,572.06042137,0.7460427157386569,0.12107000517091948,True,,300.15,-0.7885554988473844,-0.7885554988473844,0,1.126425022300642,1.1367157932364549,15916.272850541032,3.1933337354091433e-07,66.657316206,-0.7885554988473844,-0.7885554988473844,5hpck3FaHXqhQnL4RwwdaNQFeBka6CpoVBxT1dWupump,299,4925.878749051916,1.8733329272232993e-07,-0.3272805519841483,-0.19843215974937534,-0.6640181683006898,3.1933337354091433e-07,0.12107000517091948,,EKF533bniHb623Ki8wRftvzjHzFisSNHvFGAi5vcShaM,-0.5700756435904375,0.3406647114838488,0.40771398528769276,-0.08680050084905055,-0.41336137014088825,0,,1790922051,506.0,0
standard,29.325115833348697,1,1,0,0,6,-0.9519630696759916,1.4463591302515173,-0.882484416912606,964.362630425,-0.882484416912606,-0.143272262034706,True,,138.4,-0.8995641429637244,-0.8995641429637244,0,1.4463591302515173,1.4463591302515173,16095.00700319953,3.257895333494442e-07,67.40585445,-0.8995641429637244,-0.8995641429637244,DzJnHjriV4xy5YpJMZZvSCrcZsAhZfm6ccU6zWRRpump,19,915.1880112255286,3.5810134312231066e-08,-0.05159516730585334,-0.0884095437731588,-0.06465169728496378,3.257895333494442e-07,0.28306610009573263,,8Djt9mM57LVgmSnbkB9T2U7s3BADkrYev1oCNgHARuwH,-0.8857653919690374,-0.8885476530830451,-0.8928739159995993,-0.872556265597479,-0.8900819988166383,0,,1790922156,110.0,0
standard,29.314282500015366,1,2,0,1,6,-0.6179150702709935,2.945964112793465,0.5076934207498727,1217.525701279,0.5076934207498727,2.862255058374774,True,,245.75,-0.942233847374659,-0.942233847374659,0,3.4188553596005624,3.4188553596005624,16095.006840353215,3.2578953005316577e-07,67.405853768,-0.942233847374659,-0.942233847374659,AxfKppzkDuAytQS5yUubFv8vKs4UifUsCpZHsLqDpump,28,123.46763395486083,1.8781845694933533e-08,-0.9614380179410608,-0.9613560441223181,-0.9617626219120619,3.2578953005316577e-07,1.0743968416332046,,7PND4WBjwHFiqxScyM2qEyH5RbcWEbQU2qU23cAuujPb,0.7954370032755969,-0.9418603533586627,-0.9417367619714707,1.8689672195113642,-0.9423497566300902,0,,1790922195,0.0,0
mid,29.283449166682033,1,313,0,0,4,-0.9901866881043413,0.30280042816957997,-0.9872152130605742,39.676088060999994,-0.9872152130605742,-0.9854465138813285,True,,21.9,-0.9893760498319638,-0.9893760498319638,0,0.30280042816957997,0.30280042816957997,2737.839166226346,5.54183880860319e-08,11.466064495,-0.9893760498319638,-0.9893760498319638,BbwS2AVRw9PDaLFkoUfBobb1m6Pu5QkcgnwS182kpump,6,144.6369742445418,6.00641703506629e-10,,,,5.54183880860319e-08,0.00026521643608035106,,2FDXMdvzr2rdBbsNbjN9qSCeT3nfmmLceVMdzW5hK53h,-0.9892698546639744,-0.9893760498319638,-0.9893760498319638,-0.9857996270140009,-0.989161689391359,0,,1790922306,203.0,0
standard,29.220115833348697,1,2,0,0,6,-0.856547687091711,9.818432239514571,0.5519291267999664,323.88369706,0.5519291267999664,8.674191627947971,True,,276.1,-0.9437989743194619,-0.9437989743194619,0,9.818432239514571,9.818432239514571,16095.006840353215,3.2578953005316577e-07,67.405853768,-0.9437989743194619,-0.9437989743194619,Eo1MSwfbBwMCE95UPqCrzqrYkJz7jzD36xMA5VVmpump,9,73.4347588745959,1.87277584276578e-08,-0.963728822212226,-0.963728822212226,-0.962959504187204,3.2578953005316577e-07,8.448052365934341,,7ZtTYNK77xQckJcbq2CyHxYUpJgogeT6vtBYXPm2xzRC,-0.9437097027278136,-0.9437097027278136,-0.9437097027278136,0.9975453103962209,-0.9425157756770096,0,,1790922534,0.0,0
standard,29.20344916668203,1,1,0,0,6,-0.37260539007782045,0.5622216208206041,-0.019870575593262108,269.07477698199995,-0.019870575593262108,0.3820910313220027,True,,107.1,-0.9298806512483522,-0.9331403508924874,1,0.5622216208206041,0.5622216208206041,16095.00686160442,3.2578953048332526e-07,67.405853857,-0.9298806512483522,-0.9331403508924874,7kgXxu6ZUacf32CnmSK94ctWLsYNng4CQLdLtYYUyYNv,21,258.330688411566,2.246527160068943e-08,-0.9284590922325484,-0.9317848771370352,-0.9296456228781731,3.2578953048332526e-07,0.3227185903889751,,59XMesXcKUT533yeDrvHquAtEEEJoJ1SxYeAUcvSH84s,-0.9209844756328299,-0.9298806512483522,-0.9331403508924874,-0.15275074390201238,-0.9310436048470893,0,,1790922594,3326.0,0
standard,29.198171388904253,1,1,0,0,6,-0.5003638941103219,6.446084397034684,2.720332612260301,294.35835121,2.720332612260301,0.9638937135215397,True,,54.78333333333333,-0.9435959211376693,-0.9435959211376693,1,7.2006855003789845,7.2006855003789845,16095.006840353215,3.2578953005316577e-07,67.405853768,-0.9435959211376693,-0.9435959211376693,Gw9ezM5rgamQY9JVqt2LcQzB92d75SpFAGKDxGj9q7EQ,29,78.06957364884983,1.904423918207015e-08,-0.9847486241125057,-0.9847486241125057,-0.984287520111306,3.2578953005316577e-07,0.2757799026507304,,5vbQBzN6KEgt9Pk4bYfsaQUzAnq2Srz3AqxSHo2Wp9wR,4.694740179621195,-0.9432598089039146,-0.9432598089039146,1.5545126632560304,-0.9415443486506079,0,,1790922613,0.0,0
standard,29.160393611126477,1,1,0,0,6,-0.20151622408266612,1.092555397422724,0.6708715350502941,1970.758533044,0.6708715350502941,0.3356319065149782,True,,244.51666666666668,-0.9401181626342364,-0.9417108416104542,0,1.092555397422724,1.092555397422724,16427.59865070609,3.379702254121614e-07,68.798747549,-0.9401181626342364,-0.9417108416104542,3DKQguKFURJmzvMQKYJ4AvETKtUtkWEzhv5qz5EBpump,23,193.84490543989293,1.9815159515183375e-08,-0.9641613157507282,-0.9651145182817473,-0.9649105895933405,3.379702254121614e-07,0.4040777171083796,,4ueyfNMowgjJuiY4uDfwcPLN1G6exRv2sM6RKpL73LhU,-0.9400606042329274,-0.9401181626342364,-0.9417108416104542,0.6182997985708454,-0.9413701029698152,0,,1790922749,0.0,0
standard,29.154282500015366,1,33,0,1,6,-0.11052764481524069,1.1282338857408938,0.8930052067339647,1035.630968989,0.8930052067339647,0.06747665491473498,True,,298.15,-0.8401277250795389,-0.8769162182663655,1,1.2975052318857756,1.2975052318857756,16095.007129751646,3.257895359110682e-07,67.40585498,-0.8401277250795389,-0.8769162182663655,3SPKMAEWTToz21AeaQyiMRTDEEwRVPxxbJQJ7iUajztb,134,242.32338907835583,2.103445654949995e-08,-0.9111798997827367,-0.9245153695827026,-0.9658930914720842,3.257895359110682e-07,0.24355716210158396,,HhrvU4bAtv5hikqgYqVdWJDXBKXwWJS6ZrujyeryjD77,-0.6169307169328666,-0.8281169368207207,-0.8575973894662929,0.5103033551456364,-0.9354354445710564,0,,1790922771,640.0,0
dust,29.123171388904254,1,313,0,0,6,-0.9911739913192265,5.599509876519649,-0.9417526685409865,6.0628573029999995,-0.9417526685409865,0.32046423799899526,True,,282.28333333333336,-0.988109412381071,-0.988109412381071,0,5.599509876519649,5.599509876519649,224.29373903192618,4.540075848235863e-09,0.939341693,-0.988109412381071,-0.988109412381071,9fkfrVmMz4atSH5usK6mVjScZTotaoCh1PJktMmzpump,21,12.387287066732176,5.5430637468149965e-11,,,,4.540075848235863e-09,0.0003143134920557955,,68ujMQM5PoZethbkeK1wosyLK8bYzanEjCkw12bPvoV4,-0.985714065617999,-0.9861159788403342,-0.9873523805600215,4.888672558349907,-0.9877908124619352,0,,1790922883,128.0,0
standard,29.087893611126475,1,2,0,0,6,0.0,12.4338576586657,12.4338576586657,189.68514015800002,12.4338576586657,10.217637982466151,True,,65.16666666666667,-0.945431709315899,-0.945431709315899,0,40.57725737218109,40.57725737218109,16095.006840353215,3.2578953005316577e-07,67.405853768,-0.945431709315899,-0.945431709315899,32vAqNYY88sRgVTJKss7LgA2jiQ3Mc4uS9NkKW6Epump,60,44.25881091064434,1.7705594630120276e-08,-0.9958849809750872,-0.995890156815565,-0.995954495847572,3.2578953005316577e-07,10.124866910779293,,Ai7fLqe4qVS8t547dwpajHJQ9HiRXycZo7kYtBCASrCp,16.519117522022185,-0.9440302660102909,-0.9447889516608635,11.724412449864632,-0.9456532730587417,0,,1790923010,0.0,0
dust,29.068726944459808,1,8,0,0,5,-0.74331485436543,1.173371817020608,-0.4421277386299952,3.435881166,-0.4421277386299952,-0.7015422220181617,True,,139.01666666666668,-0.9747572738439184,-0.9812892154503102,0,1.173371817020608,1.173371817020608,41.55501075779162,8.411420734654422e-10,0.174032295,-0.9747572738439184,-0.9812892154503102,CnMzke2o6zj1rCnumjGTfnSSudZ1wCYbcwmdEveJpump,18,2.245183276844222,1.1089904550400307e-11,,,,8.411420734654422e-10,-0.1235906899965078,,3t7TpibfCBdQntX6B2h2qyKRRHEckhUQwhkhf1KLfKiA,-0.9439697332988984,-0.9524012212580536,-0.9782308718392676,-0.36637894533445126,-0.9868156582576939,0,,1790923079,657.0,0
standard,29.025949166682032,1,1,0,1,4,-0.11656159840815938,1.174780313987133,0.9212844444021939,676.222090639,0.9212844444021939,0.08669727604334732,True,,300.45,-0.18774543287110346,-0.18774543287110346,0,5.959905454990047,6.290449768072653,16095.007021585401,3.2578953372160463e-07,67.405854527,-0.18774543287110346,-0.18774543287110346,G6VTWhrErdU59EaGFpiy3vugSG1UUjrDuaYZ33Kjpump,300,2037.4852705607461,5.48429705140822e-08,0.290333025954427,1.9634387499301167,-0.9123822340956596,3.2578953372160463e-07,0.5090185432239138,,82ciFLVwfzFzuqbwgVqH9qntUL4QPzNtdC9iRHLvgMdQ,2.796467667834348,2.1059784016166097,5.717352034206751,0.4738296365810708,-0.8316613493147177,0,,1790923233,472.0,0
standard,29.00844916668203,1,1,0,1,6,-0.22646344966941978,0.28200138376990735,-0.008325072079595541,120.935493736,-0.008325072079595541,0.1373628063557948,True,,289.4,-0.8952105107882493,-0.9006098682088223,0,0.28200138376990735,0.28200138376990735,16095.007213085024,3.257895375978734e-07,67.405855329,-0.8952105107882493,-0.9006098682088223,EddX4w3282UFZvPiWbLE2Wg6VuV3pjDURjJZqN7Qpump,84,376.26067219725064,2.4183962327253275e-08,-0.8749513849963891,-0.8940189667773231,-0.9251449695985777,3.257895375978734e-07,0.27291836211877785,,2PY1wjny6fXaZfcEjuQCXQhcbSU7bgbo9U5YDrWdnyvD,-0.4010750572528463,-0.8728640307024575,-0.8949012665179719,-0.09030590369016345,-0.9257681431221899,1,,1790923296,18870.0,1
standard,29.00122694445981,1,2,0,0,6,-8.839399331472819e-05,11.795072929657778,11.793941922066773,229.79400537700002,11.793941922066773,8.757230738595036,True,,57.96666666666667,-0.9453502280254122,-0.9453502280254122,0,45.121080541247096,45.121080541247096,16095.006840353215,3.2578953005316577e-07,67.405853768,-0.9453502280254122,-0.9453502280254122,Dt4ox71Zhyhcf1rhmT9NEnKyv4ebuxtet2NXo4nRpump,52,44.145555682479966,1.83407355372172e-08,-0.9957184804925298,-0.9957184804925298,-0.9955997712881106,3.2578953005316577e-07,8.458986508369607,,2hGZ2oKnRXug6moacWgn9tMvfYmXATUi5hcnNZfiMqAT,18.959325580345958,-0.9452224880832294,-0.9452224880832294,11.188905810882956,-0.9437037294162763,0,,1790923322,0.0,0
dust,28.970393611126475,1,2,0,0,5,-0.9577911420167875,20.033081986584214,-0.1122176294790026,2.201991172,-0.1122176294790026,0.5156287916880751,True,,283.1166666666667,-0.9820368190589522,-0.9820368190589522,0,36.47933480784008,36.47933480784008,16.77237544109861,3.3950058965683906e-10,0.070242672,-0.9820368190589522,-0.9820368190589522,7X2EfwEgcmeaSzL27GUa9TxzkCDVHSXWnYDLaqUwpump,66,2.553402969180665,2.4448866710544093e-11,,,,3.3950058965683906e-10,0.5156287916880751,,Aao62cawL6QHiCVJKgzaZ2r16BVxokLAMPAA9xibbXUx,1.9287940598517688,-0.8994973945566996,-0.8421953839880294,0.07211430777375893,-0.9279857901417592,0,,1790923433,497.0,0
standard,28.963171388904254,1,1,0,0,6,0.0,10.105061425109215,10.105061425109215,154.14029200400003,10.105061425109215,8.80955393408971,True,,34.68333333333333,-0.9457455223565705,-0.9457455223565705,1,13.48874641024822,13.48874641024822,16095.006840353215,3.2578953005316577e-07,67.405853768,-0.9457455223565705,-0.9457455223565705,AN1MGPnKvPazVVviFCj3copLFEMCCzeNdonkBAnukcfN,16,26.584855172564463,1.8291236516392932e-08,-0.9951093893573901,-0.9951093893573901,-0.9949442571404467,3.2578953005316577e-07,0.2757799026507304,,CVxPm3HHYEFbZJmqF3QjsWGwQteDRVKqSLG8ujB46egQ,-0.945017900087285,-0.9456894684075245,-0.9456894684075245,9.86195558317898,-0.9438556649951029,0,,1790923459,0.0,0
dust,28.95872694445981,1,10,0,0,3,-0.9818785397378995,0.11356217550472492,-0.979820627287213,2.377116086,-0.979820627287213,-0.7230831901070189,True,,60.416666666666664,-0.9817281269160617,-0.9861049721116225,0,0.11356217550472492,0.11356217550472492,43.2732083995052,8.759212324794587e-10,0.181228103,-0.9817281269160617,-0.9861049721116225,LHKxWtH4AMKUEXRe6mhUHtoQHCPYYYcDRgrebTepump,6,2.2290782552071984,1.0006404092211642e-11,,,,8.759212324794587e-10,0.11275818813999061,,3PRCHPfMimGoLTb21vDNatqAWXDh45DUAnawrUSXZsWj,-0.9812759267745351,-0.9812759267745351,-0.9861049721116225,-0.979820627287213,-0.9885761370758342,0,,1790923475,4266.0,0
standard,28.957060277793143,1,705,0,0,6,-0.8295435195457925,0.30896274312467886,-0.7768788177612824,500.167567288,-0.7768788177612824,0.12874231016045612,True,,277.31666666666666,-0.9195983632612501,-0.9216232952262401,1,0.30896274312467886,0.30896274312467886,16095.007092741122,3.25789535161914e-07,67.405854825,-0.9195983632612501,-0.9216232952262401,2Ez1MbsfKtV7Q4qpbV9wYXFshouNMFsFeLQhixY8XnCR,52,360.3242136020588,2.3980572790854176e-08,-0.6396503642907014,-0.6514148443658775,-0.6701005284842607,3.25789535161914e-07,0.2574711711329978,,55PYbLMhUyFzepr8jEwkuR3M3RnKcUVKDPKJ2CxLB2EN,-0.9015086783328081,-0.9194175934332369,-0.9216232952262401,-0.7635878720431442,-0.9263924398954801,0,,1790923481,765.0,0
dust,28.876782500015366,1,313,0,0,5,-0.9906660139501644,0.9449669536878933,-0.9818457055868859,11.266047284999999,-0.9818457055868859,-0.9254517853177546,True,,127.5,-0.986715144430285,-0.9880998793658434,0,0.9449669536878933,0.9449669536878933,175.7541611451431,3.5575545964233932e-09,0.736058046,-0.986715144430285,-0.9880998793658434,2RmCTEFGVzC4pgyfM1kg4gszVz1Dkr5szK852qncpump,12,9.023919346859213,3.904039252702621e-11,,,,3.5575545964233932e-09,0.00031721767807058043,,83ub7p3B6KB2EPTm16GVTDFatW3bvbW4TR82C8gFGFWS,-0.9857388608624743,-0.9838660951592313,-0.9875555668299132,-0.9793376036765431,-0.9890260594830292,0,,1790923770,55.0,0
standard,28.83372694445981,1,1,0,0,6,-0.9442148212070686,0.8052309197973886,-0.8992948703765746,648.572029076,-0.8992948703765746,-0.5829409455073611,True,,69.91666666666667,-0.9213138841779993,-0.9213138841779993,0,0.8052309197973886,0.8052309197973886,16095.006973591106,3.257895327501208e-07,67.405854326,-0.9213138841779993,-0.9213138841779993,8VXHX6u3GcSCXNbohxHgW9UmeYWqCmRij57eHFF9pump,18,470.2762462797635,2.725820342139114e-08,-0.1471721810238108,-0.18448601070316728,-0.16917700408717362,3.257895327501208e-07,0.3339426331690023,,FaTJkYUgYdSRMxoZq9D72GsYV1y2PghVpK4xWHfJ2nko,-0.921281173700737,-0.9141158639435397,-0.9178735579981457,-0.6066918492663006,-0.9163318625024762,0,,1790923925,134.0,0
standard,28.83344916668203,1,1,0,0,6,-0.9627818946361956,1.1829559213953127,-0.9187545165129686,1776.6933683290001,-0.9187545165129686,0.37421736506619196,True,,223.9,-0.9263265327914673,-0.9269467008531626,0,1.1829559213953127,1.1829559213953127,16095.00684178588,3.2578953008216526e-07,67.405853774,-0.9263265327914673,-0.9269467008531626,2ho7CFJ9SeCZzjCodp6AhXgWuYb2hEFXRhh21mxvpump,24,407.15194602713353,2.4001789088765944e-08,-0.09319922724944285,-0.10083248924848498,-0.09320886770888459,3.2578953008216526e-07,0.3969724170635023,,9iKJFQzvUwwazSZ9qycEQhfkZJFhCZ7hjzRTMT3RCRR4,-0.9215960882202067,-0.9263265327914673,-0.9269467008531626,-0.8273300415983659,-0.9263273160352556,0,,1790923926,1.0,0
dust,28.792060277793144,1,313,0,0,4,-0.9914240493731895,1.8559379312955135,-0.9755076173079744,8.196833125,-0.9755076173079744,-0.9125422245512353,True,,122.41666666666667,-0.9854156455839129,-0.985865246595588,0,1.8559379312955135,1.8559379312955135,145.41013445976333,2.9433413629772837e-09,0.608977328,-0.9854156455839129,-0.985865246595588,CRfFUTrsHNpXuUXTRrwW7Xc7LwuCz7ZaGrfZQAthpump,12,7.4701960397559555,3.2268612713315727e-11,,,,2.9433413629772837e-09,-0.29657718749080786,,558iAVN7gov6VQu4FSz5EnTz3KjnXSVSaYw5dQY6kjvu,-0.9805250696119885,-0.98397792733409,-0.9851739408973474,-0.9755076173079744,-0.9890367413310582,0,,1790924075,144.0,0
standard,28.75344916668203,0,2,0,0,6,-0.004010026926035026,8.997122608059458,8.957033877218267,4.019287268,8.957033877218267,7.723740132959907,True,,112.1,-0.9456734054200124,-0.9456734054200124,0,10.987165716223242,10.987165716223242,16095.006840353215,3.2578953005316577e-07,67.405853768,-0.9456734054200124,-0.9456734054200124,2uvYNtQg6ySaqEY6iQbQ3MF7ZF91PxCYff55GLr4pump,21,28.734097852219254,1.813699425420282e-08,,,,3.2578953005316577e-07,7.594580557714064,1,HHQZcCK24ZFcJnJhncozk4dEArYdNoyNrPiaf2NDTCRe,-0.9449257488453707,-0.9455006130156255,-0.9455769924795316,8.736196631708477,-0.9443291064287946,0,,1790924214,0.0,0
standard,28.713726944459808,1,4,0,1,6,-0.016337177644608514,0.604535932273196,0.5783223437104912,174.53691777599997,0.5783223437104912,0.36126376919833425,True,,257.71666666666664,-0.9305663798182316,-0.9313693120793011,0,0.6200632164408533,0.6200632164408533,16095.007022062955,3.2578953373127113e-07,67.405854529,-0.9305663798182316,-0.9313693120793011,3xas9JZy5GP16YSVbq79txxnxDFZznA3TCurrJmGpump,56,147.211783245944,1.9812091585465707e-08,-0.9555927818958049,-0.9557056533457048,-0.9614701343994112,3.2578953373127113e-07,0.24465166945607852,,DAoJ2HK2yspUsP2e2iLneRv9hPJ2T2PAMQuqLDGfrpNy,-0.32507173160413216,-0.9293831554899097,-0.9300892429754679,0.43608389533739045,-0.9391874522224284,1,,1790924357,1434.0,1
dust,28.666782500015366,1,3,0,0,5,-0.9951956731663891,2.8531550308325118,-0.9814881838913087,22.038532061999998,-0.9814881838913087,-0.9566445625649982,True,,165.9,-0.9814881838913087,-0.9814881838913087,0,2.8531550308325118,2.8531550308325118,204.23624703897522,4.134079072015467e-09,0.85534096,-0.9814881838913087,-0.9814881838913087,8BB7T2hUDuvQ6zLEnCcKBnYgFfeWnhSvLhfri4gGpump,11,12.50226306973956,6.307292597361298e-11,,,,4.134079072015467e-09,-0.47431025918132486,,DFrdPHpjPVLGDCJBMhEEzXJwXTZyC7srfTHLZ9QULBQa,-0.977154693572394,-0.9751785239224826,-0.9809288802739651,-0.9736183411631504,-0.9847431737819027,0,,1790924526,120.0,0
standard,28.639004722237587,1,1,0,0,6,-0.0011315734749512973,9.391097935456026,9.379339644656643,162.754239923,9.379339644656643,7.098361129725085,True,,21.233333333333334,-0.9455724761475078,-0.9455724761475078,0,10.113022785984919,10.113022785984919,16095.006840353215,3.2578953005316577e-07,67.405853768,-0.9455724761475078,-0.9455724761475078,UfntR8cmiTFzCUwd3mzdak2f1fCnYSdyVmvUPARpump,10,28.554736447206206,1.8274531599387363e-08,-0.9947561669898227,-0.9947561669898227,-0.9945957005219374,3.2578953005316577e-07,0.2757799026507304,,2TGiXtf1zPDUg3xu9HBCYNqVFrPCKoYWtzANHnRTpyBq,-0.9449013236678265,-0.9455724761475078,-0.9455724761475078,8.804480844273103,-0.9439069401757474,0,,1790924626,0.0,0
dust,28.62872694445981,1,313,0,0,5,-0.9872681141503113,1.1736607730212083,-0.9723251991619479,3.133458641,-0.9723251991619479,-0.9425271784135563,True,,163.61666666666667,-0.9781781006929067,-0.9830628196033175,0,1.1736607730212083,1.1736607730212083,45.89533201039093,9.289973465442243e-10,0.192209551,-0.9781781006929067,-0.9830628196033175,3HYbjf7h1pGFjBPEvVxLJuEQYy6CRBVhYb6yvRZXpump,9,2.4864818747042956,1.1305489484828992e-11,,,,9.289973465442243e-10,0.000355189325154992,,J6TiGgXnBn867wHt6qiSYpBtPXdTvt2Fz6qqyZDu1Cdm,-0.9723251991619479,-0.9723251991619479,-0.9830628196033175,-0.9666064242667516,-0.9878304394227989,0,,1790924663,166.0,0
standard,28.565671388904253,1,1,0,0,6,-0.018540891864053388,6.463998132730757,6.3256089504782995,176.442699471,6.3256089504782995,4.71271308123545,True,,133.83333333333334,-0.9455261759441884,-0.9455261759441884,1,8.291142494568163,8.291142494568163,16095.006840353215,3.2578953005316577e-07,67.405853768,-0.9455261759441884,-0.9455261759441884,9oiMP9EEjVP2idphAZBFvdFcaFEJ1JCJshuNmC7GhE89,18,34.17733553587923,1.8212764970184765e-08,-0.9925209145307443,-0.9925317699264687,-0.9923687614760475,3.2578953005316577e-07,0.2757799026507304,,D18c8vgojkkkNzhmUDjoMWucdp4GnqByiSoiBbcwjKP5,-0.9445024035804603,-0.9452111445450285,-0.9452906669291083,6.037483380437783,-0.9440965307656983,0,,1790924890,0.0,0
standard,28.54233805557092,1,4,0,0,6,-0.1695554799541552,0.5248856503252002,0.2663329320091068,338.72363863500004,0.2663329320091068,0.37419240294890166,True,,294.43333333333334,-0.8546289464580712,-0.914832261937117,0,0.5248856503252002,0.5248856503252002,16048.286530599797,3.2409526714190087e-07,67.210189212,-0.8546289464580712,-0.914832261937117,AFBFgVcJsRTTDYw5iupnGY8bKAXxgTuZDx1xjbwTpump,124,256.16452110387104,2.182638619426217e-08,-0.8892894636037573,-0.9320949438799839,-0.9468184188632359,3.2409526714190087e-07,0.2701692233928299,,GwJZT2bqrvNDh8tu1AbZA9YNvoQEqbTq7aVCRvBHXEsP,-0.5420603304956997,-0.8540481887069215,-0.9132127585092601,-0.039642833188978766,-0.9326544124302014,0,,1790924974,13603.0,0
standard,28.46844916668203,1,4067,0,1,5,-0.27597014731611935,0.28688195115596815,-0.06825905048299952,311.485083562,-0.06825905048299952,-0.003105850758868489,True,,300.0,-0.6261940712655862,-0.6887498900077941,0,0.28688195115596815,0.28688195115596815,16095.007236246449,3.257895380666989e-07,67.405855426,-0.6261940712655862,-0.6887498900077941,A72fsJX64cS5KxeuCcj3w2xoSa2hSYLzGg3wSw1epump,210,2241.429449235671,7.464178042760924e-08,-0.2910675658259685,-0.4788774298984766,-0.7541050139707709,3.257895380666989e-07,0.2684685800463198,,B3p81rEhALWSen2kpGhPiFb676YsxeCSk7GvzhkXMuJH,-0.5502890884841957,-0.27506978164241747,-0.5115886798919936,-0.06825905048299952,-0.7708895722356566,1,,1790925240,5545.0,1
dust,28.46094916668203,1,313,0,0,5,-0.966169190609529,0.13446776503214086,-0.9616200372815641,1.5811980300000001,-0.9616200372815641,-0.9537086833767031,True,,102.55,-0.9828385668872016,-0.9857868904546324,0,0.13446776503214086,0.13446776503214086,53.87843499514207,1.0905885403576607e-09,0.225642769,-0.9828385668872016,-0.9857868904546324,ELzWugZ1CdzbSRBn7v67ToCimSLfm7VimSxxuK3ypump,14,2.7767417444619538,1.266546636528423e-11,,,,1.0905885403576607e-09,0.00034757473788871174,,AHDhcqpjvByz1THgVvmc3H4pFh9q5ALrfuzPUCR6br6A,-0.9553521247555868,-0.9821203459280022,-0.9857868904546324,-0.9721168590080255,-0.9883865767000168,0,,1790925267,412.0,0
standard,28.443726944459808,0,2,0,0,6,0.0,4493.964655503391,4493.964655503391,4989.513469048,4493.964655503391,4435.4118524925125,True,1,201.51666666666668,0.2757825052630851,-0.9461408148617015,0,4911.658362944091,5857.4896330990105,16095.006840353215,3.2578953005316577e-07,67.405853768,4419.388572753602,-0.9461408148617015,eGzeiYD7WSGqVBgS3Qhe6qKfQcBo7zAnrGyEruypump,189,25.806809383569416,1.8101351251270852e-08,,,,3.2578953005316577e-07,0.2757825052630851,,2bdpPAYgaEvgXfFF4a1TCpshDLjr1aWBuEapMuQziN9P,4557.466018058455,4900.915276742675,-0.9460551056481088,4483.029782287641,-0.9444385114269421,0,1,1790925329,0.0,0
standard,28.405393611126478,1,1,0,0,6,-0.00014653474310577508,8.75416341366106,8.752734089831028,137.59603681100003,8.752734089831028,7.584875043255867,True,,54.21666666666667,-0.9455148468068051,-0.9455148468068051,0,12.072656705298424,12.072656705298424,16095.006840353215,3.2578953005316577e-07,67.405853768,-0.9455148468068051,-0.9455148468068051,7CuLzH9qYDbipMKiqeCpNytx8Vigh17PE1nHiEUnpump,22,32.91159596517335,1.8139369898131682e-08,-0.9944109582636034,-0.9944109582636034,-0.9942910177784544,3.2578953005316577e-07,0.27578250655455694,,Ay2eZgbysTVDh6Yse5SntfYscmfunvYk8fJ7GJSw3FFi,0.8818314296092389,-0.945491562127956,-0.945491562127956,8.525820391591536,-0.944321814469693,0,,1790925467,0.0,0
dust,28.3976158333487,1,1,0,0,6,-0.9640689678291452,17.506982497913835,-0.3350250164820118,49.015476052,-0.3350250164820118,2.5415220727844337,True,,255.75,-0.9216439872916427,-0.9216439872916427,0,17.506982497913835,17.506982497913835,171.50333205919563,3.4715107926534558e-09,0.718255583,-0.9216439872916427,-0.9216439872916427,2S9MTxtUBykDYb4tL6uWVzWZvB5nesB8yXgce2MApump,31,26.671849102770125,3.694055691159386e-10,,,,3.4715107926534558e-09,0.0057353587358015545,,9mtkFJqkhN7eXJm2LcYiyiStnuzCa3XkY6hyyJKfGpNr,-0.5772023136906755,-0.48340201123143567,-0.48557685334900513,-0.32334129444365745,-0.8935893934428524,0,,1790925495,2053.0,0
standard,28.380671388904254,1,1,0,0,6,-0.19699374563043137,1.4384393992009779,0.9580820884595584,2184.0533094780003,0.9580820884595584,0.36705229649315263,True,,196.73333333333332,-0.9448392804699218,-0.9451234740800517,0,1.5992556282457246,1.5992556282457246,17060.030382448993,3.6172114883796384e-07,71.447370271,-0.9448392804699218,-0.9451234740800517,GRxEFq8W3G9BfeYDnvAGdQctm1nrhvMhNWB8qeNtpump,24,219.6575830824576,1.9717994728876834e-08,-0.9718138094402023,-0.9719743486530127,-0.9721607231469402,3.6172114883796384e-07,0.14271753214949157,,9gbhwpVjazeRRWktCRttQaJyZd6p31JG4XN86BX7cyXb,-0.9445177610589611,-0.9448091251229523,-0.9451234740800517,1.0051268181449133,-0.945488410638357,0,,1790925556,0.0,0
standard,28.379004722237585,1,1,0,1,6,-0.10842596562719697,8.214136384729624,7.2150847497946256,1035.930448496,7.2150847497946256,6.724181477691833,True,,167.63333333333333,-0.9410728577983359,-0.9411452849224963,0,8.214136384729624,8.214136384729624,16095.006840353215,3.2578953005316577e-07,67.405853768,-0.9410728577983359,-0.9411452849224963,5YwP7f8VZLD5nX6EDwZTcjkTrnWsQ2yMQRCQmJUCpump,57,197.05451339303474,1.903111761306013e-08,-0.9928269586989791,-0.9928357750564929,-0.992889254716903,3.2578953005316577e-07,2.183400867968538,,BM3ByNefTixT82z89U4M5rbjj1bzpFrvWABnPtgCA7QX,5.271566905779039,-0.9410728577983359,-0.9411452849224963,7.917296660708265,-0.9415846248651563,1,,1790925562,0.0,1
standard,28.370393611126477,0,1,0,0,6,-0.013370094540274602,8.992701921830424,8.859098552422767,160.03575829700006,8.859098552422767,7.080090572976809,True,1,222.11666666666667,0.2757799026507304,-0.9448978247118919,0,26.08678606417916,79.71958944446367,16095.006840353215,3.2578953005316577e-07,67.405853768,7.04122781744724,-0.9448978247118919,kCxrn8AhUtxh2rprW8bgx5tb2e8dVt7dqZiDyTKpump,168,56.344749552050665,1.8349140417337437e-08,,,,3.2578953005316577e-07,6.972379736332848,,B24jYgDbmm7i86Ugent7DkaAMDhFmx7CywU1dUn2iQjc,11.451885385141125,25.67537123513019,-0.9448978247118919,8.600067927867311,-0.9436779309195632,0,1,1790925593,0.0,0
standard,28.347615833348698,1,1,0,0,6,-9.06327356431369e-06,9.131395250779226,9.13130342717248,165.168036056,9.13130342717248,7.706697268882772,True,,24.75,-0.9456184382475051,-0.9456184382475051,1,12.904837242069041,12.904837242069041,16095.006840353215,3.2578953005316577e-07,67.405853768,-0.9456184382475051,-0.9456184382475051,3XAsd1QAMySjJAjNkRh6HmRNX2ncTxgBKi5kZnPKx1hx,15,29.873762734314546,1.8202029232425006e-08,-0.9946267712718804,-0.9946267712718804,-0.9944853575208646,3.2578953005316577e-07,0.2757799026507304,,3J4XfDiWgRDcc2fqhvf5mUASBZ4QB7e8iuV6k1WGJyaM,-0.911833354735,-0.9455621893718202,-0.9455621893718202,8.740204735946225,-0.9441294837515048,1,,1790925675,0.0,1
dust,28.3001158333487,1,23,0,0,5,-0.9692195096398528,1.0779857237319055,-0.9360385804621465,10.286677977999998,-0.9360385804621465,-0.732079585039327,True,,92.9,-0.9768482303448077,-0.9768482303448077,0,1.0779857237319055,1.0779857237319055,63.45038407425318,1.2843406041565974e-09,0.265730071,-0.9768482303448077,-0.9768482303448077,6BxaeArNkuTVyMwcGfgQ6TNbNg8FsjFgAr2L321Npump,10,5.093326729894294,3.709100590414478e-11,,,,1.2843406041565974e-09,-0.4628748820886257,,9tAJE2v2aa4AEmqxMLzoKbKPFMdgyWpfzy3UiZou35xy,-0.9399091882960154,-0.9434540648229398,-0.956736652117254,-0.9360385804621465,-0.9711205845364503,0,,1790925846,303.0,0
standard,28.290949166682033,1,1,0,0,6,-0.8156141415425557,0.4504483241344255,-0.7325578406063125,212.46652762600002,-0.7325578406063125,0.2504640084433589,True,,260.35,-0.9218793663222882,-0.9224262142540602,0,0.4504483241344255,0.4504483241344255,16095.006885004623,3.25789530956984e-07,67.405853955,-0.9218793663222882,-0.9224262142540602,GeYbqYEviKkjFJEk84P3tBsa4vKJi3iCe5SYPSzJpump,18,411.45925377476556,2.477273702236213e-08,-0.7099418209836261,-0.7083600988590959,-0.7156802701815235,3.25789530956984e-07,0.2633279352004694,,2mm4bEpGVh4K3pqq4d4EtEM2ZFswfmXNfA6usAoy7g7h,-0.92176467397553,-0.9218793663222882,-0.922003195073515,-0.7558373620352374,-0.9239609174991168,1,,1790925879,426.0,1
standard,28.275949166682032,1,1,0,1,6,-0.5405806627537273,1.1541842748753304,-0.010326088130433009,723.0295539539999,-0.010326088130433009,0.11088011174453927,True,,299.45,-0.8611569848904107,-0.8940574702457573,0,1.1541842748753304,1.1541842748753304,16307.296481960591,3.3353890085477116e-07,68.294922327,-0.8611569848904107,-0.8940574702457573,DWW2fZ5cBYXJ5qnSf2n2W7GdN5jSuxZ2g6eMj964pump,163,258.29857845620853,2.1629096663543577e-08,-0.7209699333474454,-0.8964982659850289,-0.9344760958962144,3.3353890085477116e-07,0.25779761096280485,,CRCgvWrhrfDQ3bMbRCs9yBJzSDPqhftH79KFBxjxJVrn,-0.747393656400941,-0.5894173449733306,-0.8940574702457573,0.9063708235680701,-0.9351527015046401,0,,1790925933,841.0,0
standard,28.20956027779314,1,1,0,0,6,-0.8642272429600655,9.760856980566597,0.4610312203639515,315.20537227,0.4610312203639515,8.89524579221288,True,,16.466666666666665,-0.9448245492360876,-0.9448245492360876,0,9.760856980566597,9.760856980566597,16095.006840353215,3.2578953005316577e-07,67.405853768,-0.9448245492360876,-0.9448245492360876,8rjKP44zZewzNGx6DyF3Ck1Ub6y45pXbures2Dx3pump,9,43.7374605158808,1.8477799144836484e-08,-0.961727618184661,-0.961727618184661,-0.9611801706050288,3.2578953005316577e-07,0.27578250655455694,,62jTpYEzdU7a8ayjgedtU7J43fqesgYRfJAi8rX7VgJS,-0.9448227543676414,-0.9440828552901003,-0.9440828552901003,0.8920277364266707,-0.943283017284745,0,,1790926172,0.0,0
standard,28.19594916668203,1,1,0,0,6,-0.001797306401567611,7.104682584565557,7.090115986673645,149.062142137,7.090115986673645,5.5443584387230125,True,,228.65,-0.9456917885332372,-0.9456917885332372,1,8.929605474302459,8.929605474302459,16095.006840353215,3.2578953005316577e-07,67.405853768,-0.9456917885332372,-0.9456917885332372,ADM3KSHNhACDLTGLPNKBDPAvjykrfCKHQAZdijHYPYWB,15,30.976560050843588,1.979651179996448e-08,-0.9920098301083801,-0.9926601798446755,-0.9924890166053395,3.2578953005316577e-07,0.2757799026507304,,GVhfB8GTUrFiRE2JX5MZ6rk621kSc6aCXr54kpNYitYz,-0.9454783937432881,-0.9353585988235669,-0.9406200036220992,6.54056983253142,-0.9392352731632171,0,,1790926221,0.0,0
standard,28.163171388904253,1,1,0,0,6,-0.9658076781363623,1.565146411789696,-0.9122916882607311,1150.374339903,-0.9122916882607311,0.34618654417906525,True,,136.68333333333334,-0.9287588662931598,-0.9287588662931598,0,1.565146411789696,1.565146411789696,16095.00692082126,3.25789531681972e-07,67.405854105,-0.9287588662931598,-0.9287588662931598,4Ysi462h1QxLPf3muyit5yeDKZ1rUavg4UzBJVqzpump,20,461.3683345606388,2.543136434908105e-08,-0.025481560290120386,-0.02621333552559646,-0.10999635962876753,3.25789531681972e-07,0.343762411889152,,FV1YksRzcNfYUwAuSCby2zk36m825veaxnVWybgQbvGd,-0.9237971220767565,-0.9145266328942601,-0.9145908156647362,0.3028094396479071,-0.9219392832612359,0,,1790926339,115.0,0
standard,28.162893611126474,1,322,0,1,6,-0.10044468605768697,2.802666909328606,2.4207092254391394,1438.773842921,2.4207092254391394,0.07810323262488805,True,,299.6666666666667,-0.6326365557719753,-0.8143778882008209,1,2.802666909328606,2.802666909328606,16095.007120916875,3.2578953573223776e-07,67.405854943,-0.6326365557719753,-0.8143778882008209,8XeBzEqjBpgZWCdY5WqNiN8j3qbx5WyojSAGTFHTvfui,271,1081.9392827131865,3.84938307576871e-08,-0.8552763493093504,-0.9136983612765305,-0.9654587664766381,3.2578953573223776e-07,0.2355271629574669,,F22ZrHKGjkkhq3ZrA6Gz3g1rKVqbfos9tPTeBh54yukF,1.4215787625103444,-0.35301609288921776,-0.6737926862554573,1.9516472085591094,-0.8818444838285884,0,,1790926340,1244.0,0
standard,28.029282500015366,1,1,0,0,6,-0.33885636851802625,1.3943656530438355,0.583019602949109,2170.300471778,0.583019602949109,0.2937492714878016,True,,283.65,-0.9392405324831763,-0.9392405324831763,0,1.3943656530438355,1.3943656530438355,16097.365609959632,3.258751402736957e-07,67.41573229,-0.9392405324831763,-0.9392405324831763,GcEe6WoYRKjtJnb9u31oN8d4qHVKA4xVeHdpEyozpump,35,191.15450512292622,1.981257403824904e-08,-0.9612537533852801,-0.9613094198636308,-0.9615936196548257,3.258751402736957e-07,0.34538632156998705,,CbdTNJC9SyrCK1Wc65cUwoZoxDtV4VG5gcBT9Lr2yYCc,-0.9345394402146324,-0.9386639320681978,-0.9387520531946543,1.014746031968289,-0.9392019470352698,0,,1790926821,0.0,0
standard,28.010671388904253,1,2,0,0,6,-0.02754075265511291,2.193730487677314,2.1057727462691,766.916715868,2.1057727462691,1.5737895195658358,True,,197.53333333333333,0.27578250655455694,-0.9473126169587254,0,12.49038640174478,26.620095454256823,16095.006840353215,3.2578953005316577e-07,67.405853768,1.4875315294632934,-0.9473126169587254,EuCMwTkZnjFxaYnH7f9wa39GT2GE3j2MCAGUYijppump,183,134.7078837310879,1.9147513696549154e-08,3.681422935859043,-0.9814956771421681,-0.9810763201953197,3.2578953005316577e-07,1.4203097471179977,,6soLNB3W34m6vgKrjM1XBvnCR1vTcfp7nGYBW392rncR,1.6256707457757136,12.099278187042405,-0.9425297783799812,1.9965560947397933,-0.9412273510035007,0,,1790926888,0.0,0
standard,27.955393611126475,0,2,0,0,6,-0.01261259699570172,10.934638727387819,10.784111938829982,203.671729744,10.784111938829982,8.74297066156717,True,1,89.21666666666667,0.27578250655455694,-0.9442065656178269,0,65.10347594453192,129.4502201413146,16095.006840353215,3.2578953005316577e-07,67.405853768,8.74297066156717,-0.9442065656178269,AFuhg5kPpXHQtfyoZXJbqeEJKskYaeCW8ci8Lujapump,90,59.30395300329662,1.856594038696443e-08,,,,3.2578953005316577e-07,0.27578250655455694,,7Ae5crqjLnQSqLXrDcKuGZrgkJZddamuMPaafDp4ynfc,14.276614128872028,63.780946574668846,-0.9442065656178269,10.42924865081378,-0.9430124707078995,0,1,1790927087,0.0,0
standard,27.95400472223759,1,1,0,0,6,-0.81732005143469,1.1494482966650592,-0.6073388957214337,948.5973473880001,-0.6073388957214337,0.37294374922615825,True,,287.1333333333333,-0.8901471214137943,-0.920797322165925,0,1.1494482966650592,1.1494482966650592,15680.570327191073,3.109170646700774e-07,65.670194549,-0.8901471214137943,-0.920797322165925,9F4BvHppzdwXS1j6JgUQrfu8c5F9K7CQixtqRUk4pump,97,214.7907431938374,2.084741983548919e-08,-0.7159559396522386,-0.7778660054943161,-0.8292385358178214,3.109170646700774e-07,0.3270690566179957,,3frV9zVqf3Gas7gGneQ37M11XQXaLj1xDqazPKMuhht8,-0.8662939849533774,-0.8841053307559755,-0.9127766204195892,0.13192267461679164,-0.9329486149060009,0,,1790927092,759.0,0
standard,27.948171388904253,1,1,0,0,6,-0.002936712866370983,10.38252791151431,10.349100695344742,162.62563068899996,10.349100695344742,8.629264484596675,True,,60.78333333333333,-0.9452713760160804,-0.9452713760160804,0,33.88633160765646,33.88633160765646,16095.006840353215,3.2578953005316577e-07,67.405853768,-0.9452713760160804,-0.9452713760160804,HcxH3yZGqdpdP7Lbw6yrpZPe7bUgyKadGNNwzcQLpump,61,46.94419688821317,1.7943774940012256e-08,-0.9951769072402528,-0.9951769072402528,-0.9951469446904696,3.2578953005316577e-07,0.27578250655455694,,GWEvvqrLyDeqpkCUgzVN5mLubHeGHWQGcJtLgUi4JRTZ,12.65852289976966,-0.9445162201080214,-0.9452622346066399,9.345675076046165,-0.9449221866120621,0,,1790927113,0.0,0
standard,27.9401158333487,1,1,0,0,6,-1.2326397729744976e-05,7.830847928869725,7.830739076325864,132.491742586,7.830739076325864,6.315120797705335,True,,15.3,-0.945665277048913,-0.945665277048913,1,9.006926784762493,9.006926784762493,16095.006840353215,3.2578953005316577e-07,67.405853768,-0.945665277048913,-0.945665277048913,4f2KJaR5QTKKi3U6b1N6Bkjo6tkhQ64kaxc6uZhCfZ4X,12,27.06374357539822,1.8285434591926103e-08,-0.9937642112205469,-0.9937642112205469,-0.9936441870031645,3.2578953005316577e-07,0.2757799026507304,,CuG9mkCGJGPDUhdMHQbjNrfW4HV4m8GYBtBTqqSgwfyT,-0.9416935966485989,-0.9449333763535693,-0.9449333763535693,7.361261222175578,-0.9438734738070248,0,,1790927142,0.0,0
dust,27.911782500015363,1,11,0,0,6,-0.9704897252204654,0.3460309023772561,-0.9602782582091022,7.218018313999999,-0.9602782582091022,-0.11106481678528213,True,,69.6,-0.9816170065964037,-0.9816170065964037,0,0.3460309023772561,0.3460309023772561,77.30448723164321,1.5647705413243113e-09,0.323751025,-0.9816170065964037,-0.9816170065964037,F4UD5qhw3ZGJptyNhXqvRa86sNyZYnwQTMU8KDwapump,17,4.376646723454245,2.2305177062722023e-11,,,,1.5647705413243113e-09,0.0612254706391373,,HrXFckdamTan6RCYmcMpYYB7LmLrKfo53NzygibQPTq2,-0.9739650413811107,-0.9715873553427925,-0.9783533385032502,-0.8814926692530973,-0.9857454007001918,0,,1790927244,3353.0,0
dust,27.907893611126475,1,160,0,0,3,-0.39522604956514895,0.3644687438262504,-0.17480484755131975,0.041819552,-0.17480484755131975,0.16659551222699953,True,,270.3666666666667,-0.5499251314130855,-0.9731213195925357,0,0.3644687438262504,0.3644687438262504,14.175689283681216,2.869393716771387e-10,0.059367756,-0.5499251314130855,-0.9731213195925357,DuPPd1HiY4PzRhgi6V2hw6tSXysdNBB7d6hWfYFCpump,9,0.7261830075708333,3.534201571371309e-12,,,,2.869393716771387e-10,0.16659551222699953,,CEEAsmv3Zb1gmbKMuoPj8o3Mqi2MF8rbZNx92EVB7hKu,-0.5499251314130855,-0.5499251314130855,-0.9731213195925357,-0.09561088051733724,-0.9876831068852135,0,,1790927258,69263.0,0
standard,27.89872694445981,1,1,0,0,6,-0.3101102196691824,1.3295469454861566,0.6071306304917718,1521.3218660549999,0.6071306304917718,0.3363679893627749,True,,42.81666666666667,-0.9460792928026739,-0.9460792928026739,0,1.3295469454861566,1.3295469454861566,17115.032944100316,3.638215712464231e-07,71.67772088,-0.9460792928026739,-0.9460792928026739,2TBBfePTcV763UStkjAgzp63ZkXSuFaYrGMneJJepump,17,161.51451768260003,1.932535403106732e-08,-0.9664490824987719,-0.9664490824987719,-0.9669487541106707,3.638215712464231e-07,0.16975695798719936,,AQVbwb4bvPWwdSRdf4hgoNacxXiBmfZi1Gj36HREeXbn,-0.945767236988488,-0.9460792928026739,-0.9460792928026739,0.45819357134606653,-0.9468823303553436,0,,1790927291,124.0,0
standard,27.834282500015366,1,2,0,0,6,-0.01324830546550404,9.461520687044931,9.32292326534927,150.87148834899997,9.32292326534927,7.751598635233625,True,,41.95,-0.9453010648728288,-0.9453010648728288,0,41.12076068686835,41.12076068686835,16095.006840353215,3.2578953005316577e-07,67.405853768,-0.9453010648728288,-0.9453010648728288,2mTAy2ovMFtfgNBPqJ9yMsiujFdwH71xS3xAUEq5pump,41,39.68590836282186,1.7845672504072994e-08,-0.994680952750707,-0.994680952750707,-0.99469368415769,3.2578953005316577e-07,7.588622136773331,,EZdcazYcsQkDhsT4hVgqfUfr18ZHMztfTxRtifxztsha,15.119981426069796,-0.9450918834007815,-0.9450918834007815,8.879171196764784,-0.9452233087381269,0,,1790927523,0.0,0
standard,27.816504722237585,1,1,0,0,6,-1.2964729434461475e-07,9.797790234899376,9.797788834995087,157.223383516,9.797788834995087,8.494908920171977,True,,22.883333333333333,-0.9452989196287159,-0.9452989196287159,1,17.059882662384215,17.059882662384215,16095.006840353215,3.2578953005316577e-07,67.405853768,-0.9452989196287159,-0.9452989196287159,Emo7GRFTZkd7KA5SQrKLTvsYoTGWMMX3UypbmTLCvpAC,22,31.099078114604243,1.8206494828332756e-08,-0.994934047960449,-0.994934047960449,-0.9948244752607355,3.2578953005316577e-07,0.2757799026507304,,CKrYk4m5iXsG5e3Y91RVTzeA6W8L1NiAUiCnNar9NWZ1,14.460569008184294,-0.9452989196287159,-0.9452989196287159,9.434921116699114,-0.9441157767551289,0,,1790927587,0.0,0
standard,27.8151158333487,1,1,0,0,6,-0.9490870225474011,0.6259610293352444,-0.9172174827746501,333.93344922500006,-0.9172174827746501,0.40892502454238566,True,,77.8,-0.9214675259162348,-0.9214795552744174,0,0.6259610293352444,0.6259610293352444,16095.00684178588,3.2578953008216526e-07,67.405853774,-0.9214675259162348,-0.9214795552744174,7nCsUnsq56G44tvQKPfN1z9KHTEGi3g8HTbBLn7Vpump,12,464.1539379856213,2.6093091841058367e-08,-0.05133986358514864,-0.05148517637081629,-0.03250263368988393,3.2578953008216526e-07,0.3521169853739312,,AifrN3TtQzH9Sat7rRzZwCPNN63p1zcHm1co54iKpLHQ,-0.9211170470520506,-0.9214675259162348,-0.9214795552744174,-0.7266395668789893,-0.9199081326079521,0,,1790927592,2.0,0
standard,27.787893611126474,1,752,0,1,6,-0.7849680700810239,0.41280144790524087,-0.6962025780646122,849.0008389410001,-0.6962025780646122,0.21728200127817443,True,,264.1666666666667,-0.9083478147483743,-0.9181452339242787,0,0.41280144790524087,0.41280144790524087,16095.007077936909,3.257895348622523e-07,67.405854763,-0.9083478147483743,-0.9181452339242787,ACyBhGQVzM9zkGWZfAkbB2NegYgKw7JuBHS4ZJoMpump,94,349.5250512165093,2.3545128286402937e-08,-0.7104120920853154,-0.7305613538315994,-0.7621079946057208,3.257895348622523e-07,0.26156692649080937,,DH4mzsHtHCJqqLA9PFfLcqAmfBRDHR5ewKrjhNyTNANQ,-0.4881688205899444,-0.8987444896811053,-0.9181452339242787,-0.7074611113760239,-0.9277290220621786,1,,1790927690,272.0,1
dust,27.787893611126474,1,217,0,0,6,-0.974041634363836,0.8984069917434792,-0.9507204571820724,1.7451643409999997,-0.9507204571820724,-0.38390853248876,True,,138.16666666666666,-0.971278682565458,-0.979442503848088,0,0.8984069917434792,0.8984069917434792,25.537437760754177,5.169199323344611e-10,0.106950734,-0.971278682565458,-0.979442503848088,BcEUYwiX1KpTXq3fQpgA8DvQ6F1QVVroQbVqYaxnpump,10,1.4787728222988876,7.996949915109929e-12,,,,5.169199323344611e-10,0.34289999356153134,,8yRQAdjAzj6G4vFA6TnwBoSqSBdM77hLEN5RCjK1J1CB,-0.9622151756678153,-0.9622151756678153,-0.979442503848088,-0.938294580052358,-0.9845296158749481,0,,1790927690,3665.0,0
standard,27.764282500015366,1,1,0,0,6,-0.9450120299482808,0.5791975833716172,-0.9131631305798142,124.133379342,-0.9131631305798142,0.4691305824922676,True,,14.75,-0.9203876197904403,-0.9203876197904403,0,0.5791975833716172,0.5791975833716172,16095.00684966554,3.257895302416626e-07,67.405853807,-0.9203876197904403,-0.9203876197904403,GoPxb3JQ5G2cd4KuZsEXHUrnaH1RhYvpHiHNAdJmpump,8,586.1973218820035,2.870817584180732e-08,-0.005673854339167228,-0.005673854339167228,0.014762281066249772,3.257895302416626e-07,0.2743169785620956,,12Tor73auEuiqpG7ukmt3mHeU3tm5TBwKA55ZAoVoVdC,-0.9136110505797721,-0.9136558303281737,-0.9136558303281737,0.3039162712654797,-0.9118812203065203,1,,1790927775,135.0,1
standard,27.736504722237587,0,2,0,0,6,-0.0063542787246688714,208.96641416172943,207.63222904332656,1002.769894835,207.63222904332656,200.73831121400565,True,1,300.0833333333333,0.2757916624576411,0.2757916624576411,0,222.00607584454514,261.73231507768753,16095.006840353215,3.2578953005316577e-07,67.405853768,200.73831121400565,200.73831121400565,BG5A8w1n7KCaXXmckeEgHik51JNCTrFmSmApcQbxpump,293,20.14307073111731,1.7797293045373525e-08,,,,3.2578953005316577e-07,0.2757916624576411,,6e3TsypikyUUFvjq9okv8JaP23pB4qNzs3TMAmBJ4YQW,210.17620172413046,220.38392624971974,259.88700688714596,208.3361860508233,-0.9453718078586836,0,1,1790927875,0.0,0
standard,27.72622694445981,1,1,0,1,6,-0.43091449431125806,1.5591350096231582,0.4563666410771585,499.90752229500004,0.4563666410771585,0.3227911093802438,True,,297.46666666666664,-0.928143683576039,-0.928143683576039,1,1.5591350096231582,1.5591350096231582,16095.006940878577,3.2578953208796517e-07,67.405854189,-0.928143683576039,-0.928143683576039,85QAKMntNJmM8aKxBBHiwczs1jyHFBHnF4WjZBrDhc42,115,194.54779024166865,2.0321247661594658e-08,-0.9202546942117319,-0.9411059644465564,-0.9571705477464834,3.2578953208796517e-07,0.2587981024337136,,8dq9ShXaRwgwrDP7NRyZLjr8nDEg7DzEghwXWtMCU1o4,-0.6843636127438035,-0.8550499444946986,-0.9120298899220592,1.1818208878470897,-0.9376246144823714,1,,1790927912,1336.0,1
standard,27.707893611126476,1,1,0,0,6,-0.018482906544348143,0.8192492778024878,0.7856242634199915,26.958621289,0.7856242634199915,0.3605705233654313,True,,100.36666666666666,-0.9404308847191583,-0.9409107993703235,0,1.0103744918425952,1.0103744918425952,16095.006848471652,3.2578953021749635e-07,67.405853802,-0.9404308847191583,-0.9409107993703235,BzuRNGCd6G9cjhFYV1rnLZdWCw1qnro3vh5BGgHWpump,36,121.10807386123726,1.9411510598210727e-08,-0.9666396136627593,-0.9669083794165614,-0.9666318498278357,3.2578953021749635e-07,0.29998488989011407,,2gW65fyRY7QEsuzDnfk7yXFFfytXpPA3yF4gKr9XGtAM,0.8835911700221206,-0.9404308847191583,-0.9409107993703235,0.7494198767107667,-0.9404170214271415,0,,1790927978,1910.0,0
dust,27.661782500015363,1,5,0,0,6,0.0,2.8593669739187524,2.8593669739187524,0.094150268,2.8593669739187524,0.41817846035010797,True,,113.6,-0.9758917807344014,-0.9758917807344014,0,8.553136377032224,8.553136377032224,12.490734734623054,2.5283310778153695e-10,0.05231117,-0.9758917807344014,-0.9758917807344014,CJZVFnTiJ5Ee4f26YG9drv1RbxwdKUgbQ8TbZX2epump,24,0.6655831939862618,3.8262678976797e-12,,,,2.5283310778153695e-10,0.18904163670268082,,Gx9iDhXBUjbMGiGFsMmBGuzv5NLMZ5oZtVvS4BtDA1Zf,2.935481480508578,-0.9508391785297299,-0.9555764050374767,2.1608156804667384,-0.9848664285652581,0,,1790928144,66569.0,0
standard,27.65733805557092,1,1,0,0,6,-0.8118796991717399,0.4963511420569575,-0.7185059730115344,347.91491871499994,-0.7185059730115344,0.18585979894871074,True,,9.333333333333334,-0.9213709074099184,-0.9213709074099184,0,0.4963511420569575,0.4963511420569575,16097.36561019841,3.258751402785296e-07,67.415732291,-0.9213709074099184,-0.9213709074099184,DmKbx7EC2xEmC1CcL1YpZEkLCNpJBp36oUDUmjLfpump,10,454.16720516761836,2.558470830489511e-08,-0.7206722521565141,-0.7206722521565141,-0.7210925887084193,3.258751402785296e-07,0.3307136957374375,,2VnMpr8ajZiyJ6Sp765qUebt11aHCQSiw6dpZdjkDeKH,-0.9213709074099184,-0.9213709074099184,-0.9213709074099184,-0.7263335807484729,-0.9214892296386047,0,,1790928160,0.0,0
standard,27.653171388904255,1,10,0,1,6,-0.10096950883963984,1.9180885281420763,1.6234505627049831,875.0805061350002,1.6234505627049831,0.3180647439674993,True,,300.0833333333333,-0.7369249931418278,-0.7369249931418278,1,7.056589025587908,7.056589025587908,16095.00693061114,3.257895318801353e-07,67.405854146,-0.7369249931418278,-0.7369249931418278,9p9Dzwcsv1P3jMeMPqZTC3ywqgL45qL2R2VkCrfHMsby,285,1114.5099080848465,3.500087326596707e-08,-0.7540918890180413,-0.8510152999486769,-0.9590485890339853,3.257895318801353e-07,0.27492386006309544,,8a96pMnpVyKF5NSyDvbeu2RBSpspSVu4ozfygVAwzWfp,3.013502818756243,-0.6022157516566792,-0.5515783042628242,1.0078227274094833,-0.8925659978576457,0,,1790928175,3739.0,0
standard,27.643449166682032,0,2,0,0,6,0.0,4498.961165669492,4498.961165669492,4996.086028885999,4498.961165669492,4435.587843481512,True,1,139.5,0.2757825052630851,-0.8138928426887869,0,4907.74666146749,5478.021672221583,16095.006840353215,3.2578953005316577e-07,67.405853768,4418.611848647923,-0.8138928426887869,wWyYFzPJAREv1usccP3SE42YKRbKAZ4ztKPmeUkpump,139,25.276793376762473,1.81734591230102e-08,,,,3.2578953005316577e-07,4424.453722946582,,5zqVB8ALoH1H25XGfxskzEvDMpPqme8Xz8uvFr9KLhWa,4563.66295733502,4900.718494115101,-0.8006270655633483,4489.198740228255,-0.9442171787409974,0,1,1790928210,0.0,0
dust,27.63233805557092,1,9,0,0,6,-0.9761973240889724,-0.15074263861890247,-0.9797854022619913,4.395740632,-0.9797854022619913,-0.9436247089579898,True,,61.833333333333336,-0.9831459561357554,-0.9843762424736298,0,-0.15074263861890247,-0.15074263861890247,116.05331411138673,2.3491108168197196e-09,0.486031028,-0.9831459561357554,-0.9843762424736298,5mtZQebguxdikuH2EDa51DbVRwjxFev1SRiXh9EMpump,12,6.233710931153257,2.822587310792749e-11,,,,2.3491108168197196e-09,-0.15074263861890247,,ByZBW34SbHZKGfDJGpXnpzsosMd9FweVCU9uTsbNsvpu,-0.9804752324162092,-0.9806018399793469,-0.9837248812761327,-0.9799005189309993,-0.9879844437708817,0,,1790928250,109.0,0
standard,27.610115833348697,1,21435,0,0,6,-0.5267597309758925,0.6114458369879767,-0.23739893858603178,383.954459616,-0.23739893858603178,0.41583978020847057,True,,300.5,-0.8530411525832877,-0.9167204406107284,0,0.928161420200784,0.928161420200784,16095.007231709675,3.2578953797486713e-07,67.405855407,-0.8530411525832877,-0.9167204406107284,FqrCmAHnm8K2Ust7MTD2RW2J36fgxLBp83R2GxQpump,130,332.39707392644317,2.3037332706945817e-08,-0.765274552217067,-0.8907953796512429,-0.9072748263557248,3.2578953797486713e-07,0.260347873514843,,FsW3sdGQqZtyAQsDif5D3DvGSGv1Pf5VEGsUzEUDaxAG,-0.4372657739127672,-0.8103563169092965,-0.9167204406107284,-0.30039004407042613,-0.9292876841590811,1,,1790928330,1918.0,1
standard,27.609004722237586,1,1,0,0,6,-0.5489826686801725,1.7667374236258166,0.24784652926641093,1758.020835577,0.24784652926641093,0.5075301486914774,True,,298.43333333333334,-0.9416877284378226,-0.9416877284378226,0,1.7667374236258166,1.7667374236258166,16095.006890257731,3.2578953106331566e-07,67.405853977,-0.9416877284378226,-0.9416877284378226,8bB934FjsSN4oHskqMpENPLbkTVNHBqibjEmDdLZpump,16,318.3413691802419,2.2340257092174985e-08,-0.9450490424168595,-0.9450324745669684,-0.9450471948306147,3.2578953106331566e-07,0.318030827089941,,Eze8jQSjrJmigPvmn2J4cKDmhVHpEskRZSbqQczzZjv8,-0.9285119263511353,-0.9314296383000125,-0.9314089641660284,1.1271521107728715,-0.9314273327959294,0,,1790928334,92.0,0
standard,27.594282500015364,1,1,0,0,6,-0.002869440045245142,12.267730086399128,12.229659130379712,210.61505849899999,12.229659130379712,10.364857828597557,True,,37.55,-0.9453618384562474,-0.9453618384562474,0,27.4568971809532,27.4568971809532,16095.006840353215,3.2578953005316577e-07,67.405853768,-0.9453618384562474,-0.9453618384562474,5PcZbjzCwHMZqZVMr8K7NiMSenaMER1tYfuAo9aqpump,38,43.12114190789,1.831269138881802e-08,-0.9958567529187187,-0.9958567529187187,-0.9957511989190414,3.2578953005316577e-07,0.27578250655455694,,CsFnazw7RKaUxpUT5Nr5bHFPX7cg5zLzUeKAoxLqvJZm,15.372003912118569,-0.945186253421707,-0.945186253421707,11.804102075458779,-0.9437898099861295,0,,1790928387,0.0,0
standard,27.58233805557092,1,1,0,0,6,-0.26570725643688575,6.532621126632775,4.531149033296657,181.148656408,4.531149033296657,3.405374427592731,True,,22.833333333333332,-0.9450741299099752,-0.9450741299099752,1,7.6153508676263435,7.6153508676263435,16095.006840353215,3.2578953005316577e-07,67.405853768,-0.9450741299099752,-0.9450741299099752,4QT7J6Kccaoojo4wqRVXE4fJr65Shz3fx7Fkd3WenAV9,21,40.118892710562285,1.8595932609548442e-08,-0.9900597493027052,-0.9900597493027052,-0.9896803378345976,3.2578953005316577e-07,6.251229252238962,,5PYUpmHfM2gcZyRCmLXhcmM5DP9EgKnwN2ZroRbVQzqK,6.929676033277167,-0.9450189919649314,-0.9450189919649314,4.089535170036622,-0.9429204105898867,0,,1790928430,0.0,0
standard,27.473171388904255,1,2,0,0,6,-0.04645433275116262,2.7056711652313905,2.533526683855343,1064.929999642,2.533526683855343,0.16346011478694078,True,,294.28333333333336,-0.8304670290609595,-0.8688404881003955,1,6.051132634347275,6.051132634347275,16095.006941117355,3.2578953209279845e-07,67.40585419,-0.8304670290609595,-0.8688404881003955,ERu7vbTVrsevpuMoYmSk2zqBPrhHxU9itTc7FrKftTwr,193,804.8059986645183,3.139293290982238e-08,-0.957218689515946,-0.9555696176960523,-0.9727299213382786,3.2578953209279845e-07,0.2669746838745932,,Br9htS6a8u5YGxkeE8oc41ZbH89mVMHWgx69XfCWsR3F,3.168935195559535,-0.8276109686467137,-0.8426164454607481,1.5660278003971029,-0.9036404493779734,0,,1790928823,1431.0,0
standard,27.4526158333487,1,1,0,0,6,-0.19677762863583337,1.3705255528559919,0.9040591559443418,2000.3984119749998,0.9040591559443418,0.428210378199656,True,,269.05,-0.9399355372940212,-0.9408231894522376,0,1.546883726547097,1.546883726547097,16427.59865070609,3.379702254121614e-07,68.798747549,-0.9399355372940212,-0.9408231894522376,6FDabULfzhzJseGjYJo6FL2WJjuw5vWbg5iggLQ5pump,29,232.81988236211117,2.0026318809871506e-08,-0.9684545185907373,-0.9687263635356295,-0.9688798094722774,3.379702254121614e-07,0.4480619864946498,,7tvhbR65x3UwLMMPHj1fmZfAWXS6AgbYhK14tCJwM6Xm,-0.9384480481617655,-0.9399355372940212,-0.9404531461503404,1.2165032466475911,-0.9407453162909573,0,,1790928897,1.0,0
dust,27.442615833348697,1,6,0,0,6,-0.8466049829982856,2.3979586036266634,-0.4787700822255663,5.996043254,-0.4787700822255663,-0.7356714773408741,True,,248.45,-0.9812914361569163,-0.9819371062319274,0,2.3979586036266634,2.3979586036266634,109.82384121266278,2.223015993233446e-09,0.459942009,-0.9812914361569163,-0.9819371062319274,9wdwPte4kFvCsqSkM3HnUGTkwr6GWH93MDhDmPkpump,20,5.936983431041143,2.8200856189122165e-11,,,,2.223015993233446e-09,0.10677212587523144,,73resDqaPVEeSY97pvAhpGm2PgKwmYjoqnSjhdZvhgM7,-0.9802538636133133,-0.9797846967436409,-0.981522990885497,-0.19320158065219273,-0.9873141460632935,0,,1790928933,448.0,0
dust,27.42622694445981,1,8,0,0,6,-0.569024101902009,1.0240451715391172,-0.12768531440502684,1.1866542180000001,-0.12768531440502684,0.05404612581356938,True,,119.46666666666667,-0.9770578167985211,-0.9810120307108483,0,1.0240451715391172,1.0240451715391172,21.550240616381533,4.3621247462542294e-10,0.090252361,-0.9770578167985211,-0.9810120307108483,E12NrP8WPhtw6ZspfzigyB9H854mEsmjFZxT15qmpump,17,1.156671209487216,5.721815298691491e-12,,,,4.3621247462542294e-10,-0.4234126972301666,,7CK7yUG1xUBqypFH4BFVAxwKGgiwZBsPurqnaDcHALVh,-0.9568092802174251,-0.9674967456953111,-0.9810120307108483,0.11925580912032041,-0.9868829627038869,0,,1790928992,241.0,0
standard,27.402615833348698,0,2,0,0,6,-0.015622667483995878,3.297854746671728,3.2307107910699617,933.3216422350001,3.2307107910699617,2.116303627042064,True,1,214.05,0.27578250655455694,-0.9429165651128018,0,25.592422107515315,68.87314851527223,16095.006840353215,3.2578953005316577e-07,67.405853768,2.116303627042064,-0.9429165651128018,AVL58Mn5u4LkPFAauKWrS2mLkGMeimyeCZGZvrW8pump,216,146.2132149954407,1.9269986326567076e-08,,,,3.2578953005316577e-07,2.115381013188111,,8uDuJo3euCNm8d8XxvjwaTfiCBwEdawjK8iinPDKC6FB,16.458131418178404,24.940383588506023,-0.9421922310115902,2.913156075192208,-0.9408514253867446,1,1,1790929077,0.0,1
dust,27.395671388904255,1,30,0,0,6,-0.6324973952043765,1.275458265657135,-0.16376316026727122,8.162417749000001,-0.16376316026727122,-0.4658832256613922,True,,265.6333333333333,-0.9207382356119499,-0.93197957539221,0,1.275458265657135,1.275458265657135,51.05797126252241,1.0334976945384243e-09,0.213830673,-0.9207382356119499,-0.93197957539221,5FaMWz6B4HjyZptFKHxbbjDa26kMPr33osAExNKqpump,55,3.800835159400962,2.321019449218957e-11,,,,1.0334976945384243e-09,-0.11180003602447464,,4yZQFcPcaLqSB1CEpa24xYTsgiitfDbmhdSEnxupNzEV,-0.6856476645323167,-0.8400710963039455,-0.903321270005467,0.23002147188911537,-0.9775420935964878,0,,1790929102,643.0,0
standard,27.305393611126476,1,1,0,1,6,-0.41886792840511444,1.5624734835015373,0.489135523874211,181.929135972,0.489135523874211,0.6923485134249943,True,,295.21666666666664,0.2682143071445082,0.2682143071445082,0,24.42123626614539,32.98268289686072,16095.00684488999,3.257895301449976e-07,67.405853787,0.42149767834728524,0.42149767834728524,AukhJT5TuGPH9qKL515cVb31vNgmzjnXcQntjtXXpump,285,329.33686705756753,2.094288604464319e-08,7.096343151515006,8.737500146340146,-0.9568316765279415,3.257895301449976e-07,0.32379198371546014,,CMoFYkTV1W3VgEv4BZsMVBFDjp29AsM1PRL8Xprj65Gb,1.4191894259393614,9.268036676829729,13.787573201953139,0.7246107227054308,-0.9357165160116648,0,,1790929427,63.0,0
standard,27.282615833348697,1,1,0,0,6,-0.01620880268607361,10.559161649643247,10.37180147924775,162.18969505899997,10.37180147924775,8.804732065693468,True,,40.85,-0.9455052937825085,-0.9455052937825085,1,27.953916390453134,27.953916390453134,16095.006840353215,3.2578953005316577e-07,67.405853768,-0.9455052937825085,-0.9455052937825085,9dAg81tDWr7SebEh6pBiYTpFJ2GJLuzetb4oPN5gtwB4,39,35.540777967055746,1.8327410312791514e-08,-0.9951445455961472,-0.9951445455961472,-0.995053082015335,3.2578953005316577e-07,0.2757799026507304,,DDiaJozaqwBH6heQcJ7sg39zk3Eb2GFt3cW9yriAB518,17.053691801709622,-0.9447847364278464,-0.9447847364278464,9.93723033881799,-0.9437446307442702,0,,1790929509,0.0,0
standard,27.27400472223759,1,1,0,0,6,-0.16702053716545973,1.361923281756265,0.9674335864937282,1549.111703255,0.9674335864937282,0.08773164540734357,True,,297.3333333333333,-0.9375992461392084,-0.9375992461392084,0,2.044129753349697,2.044129753349697,16095.006901957831,3.25789531300145e-07,67.405854026,-0.9375992461392084,-0.9375992461392084,3ZDxL6H8MZjrMBdGMP5GbKvD8uQBN4oMUVc8nKu2pump,23,235.48474593573687,2.0593118994258668e-08,-0.9661842907702963,-0.9678080008928479,-0.967871908863095,3.25789531300145e-07,0.30245827387459445,,2A6B4k8JSeUhiH64MLZWscKyBXpD7kWbeuo3s8WyHtyq,-0.936594003176188,-0.9301185618090873,-0.9366643797402129,0.015180852288935398,-0.9367901144273216,0,,1790929540,97.0,0
dust,27.27372694445981,1,17,0,0,6,-0.7124539209409873,1.2368359610163577,-0.3568065899115477,4.472807516,-0.3568065899115477,-0.7818164473416873,True,,272.31666666666666,-0.9501127381585086,-0.9579927829588311,0,1.2368359610163577,1.2368359610163577,23.569440085291724,4.770844079265346e-10,0.098708764,-0.9501127381585086,-0.9579927829588311,5mgjqDmaJTZHBeB4yJ4LkH5iDtCkbb2AoNxr95sypump,24,1.2383661222481754,6.183144616107526e-12,,,,4.770844079265346e-10,-0.48596343896329985,,4B8DoJYf41azVybHk2wxMNC2g9DKN2s1wv3rZCpRGvuJ,-0.9304972967527421,-0.9449137131585089,-0.9516134289390494,-0.6490732345460848,-0.9870397260665461,0,,1790929541,261.0,0
dust,27.254004722237585,1,56,0,0,3,-0.399153600716614,2.5902611074805915,1.157195458916895,0.060869264,1.157195458916895,0.9633828558953068,True,,129.13333333333333,-0.40773680100621335,-0.9761562777413462,0,4.654609787048514,4.654609787048514,6.546900474630226,1.3252008216529724e-10,0.027418405,-0.40773680100621335,-0.9761562777413462,AbBKwibE3RT55bctTLS2hPaaneFLBmsPGmi7jAxqpump,11,0.33628909773217824,4.438152106132351e-12,,,,1.3252008216529724e-10,0.0006640664323842582,,CtpVh9hEWutzWDGCfHnMzbLswyjwr5rxv1uUVNtkGZUa,-0.29391315452033306,-0.40773680100621335,-0.905369850550857,1.157195458916895,-0.9665095883309484,0,,1790929612,69869.0,0
standard,27.222060277793144,1,9,0,0,4,-0.061007974530539744,4.08269776350061,3.7726126677985334,2039.852913818,3.7726126677985334,1.0904487289491755,True,,300.21666666666664,0.14285886191210317,0.14285886191210317,1,7.0281287893759306,22.213438564199155,16095.007010124076,3.257895334896085e-07,67.405854479,0.14285886191210317,0.14285886191210317,68RUKJSkhT7Z9itn2tUhCzR7t2pbBahqjgG8qbkB5Dux,300,11388.58740470049,5.209212708657954e-07,0.23249568598305181,0.536497030352499,-0.6649737980299169,3.257895334896085e-07,0.7129275083716522,,Dj5LNTFFCFPEHyA5sFEJgQ8Lrs3z2pHc4ZwLmVYDZD3D,5.195603870444418,3.9377650416851733,5.727156518775933,1.9904637230900524,0.5989502955668491,0,,1790929727,447.0,0
standard,27.18344916668203,1,1,0,0,6,-0.9506095674246691,0.5408989577557637,-0.9238943339215663,696.83412408,-0.9238943339215663,0.2916862581794024,True,,273.9,-0.9349541501344909,-0.9349541501344909,0,0.5408989577557637,0.5408989577557637,16805.001654733776,3.5205935578286356e-07,70.379310512,-0.9349541501344909,-0.9349541501344909,2reF5WpNtxdrVx8oexT3QNmQZjyHHfpwoDX1QnJSpump,14,339.62035781977465,2.310142803606844e-08,-0.13515497125270692,-0.14532185030121747,-0.13780411487918975,3.5205935578286356e-07,0.20771015296508955,,27X6H1Y3sBrHN7ewiZSCvKXdL5NrWnLsWmpKwvMHMT71,-0.9341209670156425,-0.9341803930325652,-0.9349541501344909,-0.7526348302498495,-0.934382007872796,0,,1790929866,0.0,0
standard,27.17733805557092,1,2,0,0,6,-0.11348642353120153,1.72185630010758,1.4129625632425022,584.346755409,1.4129625632425022,1.4097867133978732,True,,214.53333333333333,0.27578250655455694,-0.9412816769806872,0,5.175123574993999,9.419416009053863,16095.006840353215,3.2578953005316577e-07,67.405853768,1.0999095522357107,-0.9412816769806872,H3tdjCN2eQPZSdxtCuBgPp3Qm1mRe79Sq1C4g6PSpump,183,151.77651590759152,1.9158379914378347e-08,1.6899099030603333,-0.975637035096838,-0.9756291277028908,3.2578953005316577e-07,0.27578250655455694,,BHwhaedt5Gz8WLYGJsx2Ur7rLRBHLBUaR6pQifa8LmAD,2.2402999796122884,5.105327768643841,-0.9412130777590791,1.4655753904293602,-0.9411939975135116,0,,1790929888,0.0,0
dust,27.149560277793142,1,8,0,0,5,-0.9948557770732545,2.4282020907378112,-0.9823645642073097,25.366409050999998,-0.9823645642073097,-0.9303750186790691,True,,129.86666666666667,-0.9860189898804258,-0.9872384450206356,0,2.4282020907378112,2.4282020907378112,237.34533890872873,4.804261793136781e-09,0.994001765,-0.9860189898804258,-0.9872384450206356,DTeM59eezuurva6TLZ2vowcuuCAt5q9p156QFbEtpump,11,12.356347007031822,5.401677341224453e-11,,,,4.804261793136781e-09,-0.09680000852973103,,8io3bsEYTE4qzrvCZ2K1EjcuobyvdMXo61gHTzGGrkZ3,-0.9831473838240864,-0.9857654334160886,-0.9872384450206356,-0.9814146706657908,-0.9887564883559403,0,,1790929988,616.0,0
standard,27.125393611126476,1,10,0,0,6,-0.5953980103841813,0.28022355776657837,-0.4820190013746003,374.12412511599996,-0.4820190013746003,0.06795029022627097,True,,299.4166666666667,-0.7852389257013652,-0.8214826363805755,1,0.28022355776657837,0.28022355776657837,16095.007176074496,3.2578953684871914e-07,67.405855174,-0.7852389257013652,-0.8214826363805755,EUVnErxKacAHGWJKZhKujybmaMjg2q3ipNNmxKsaBDZk,145,1637.5749424419548,5.5003456144907385e-08,-0.5727195959416903,-0.534189361950141,-0.6740589814088376,3.2578953684871914e-07,0.26185469097109904,,7PXofwiNaQinC4MqrVrTzNUo4pB782BsSWMuCNrEWNjc,-0.6429515201567366,-0.7703750807305123,-0.7589678028880038,-0.5279968727437921,-0.8311687456971697,1,,1790930075,625.0,1
standard,27.099004722237588,1,15,0,0,6,-0.28209934262492786,1.4099326783643806,0.7300922540274573,708.884561924,0.7300922540274573,-0.0949267343413206,True,,298.8333333333333,-0.6137116070165136,-0.8199287332978752,1,1.591446459992477,1.591446459992477,16095.006907927273,3.2578953142097633e-07,67.405854051,-0.6137116070165136,-0.8199287332978752,4ghFqXZdLnakD591oFKhA2tD9q7pSfhBWfkVRs125GGL,216,391.3711516835903,2.3820656760538305e-08,-0.7801334544767606,-0.8847263347591303,-0.9577382628541636,3.2578953142097633e-07,0.1998186663663135,,HTGSKCLTjV5HcfMTLKy9xWoKyBkfJV4vTXW7Po9HUrUv,0.49811500623857063,-0.1681925093571508,-0.7934677198828151,1.2032631732807904,-0.926883295922244,0,,1790930170,146.0,0
dust,27.063171388904255,0,128,0,0,6,0.0,8.197158011847755,8.197158011847755,0.16151990300000002,8.197158011847755,0.5177106962436033,True,1,208.68333333333334,-0.9589891026786369,-0.9650248989639897,0,60.498016998937764,60.498016998937764,11.545306117423182,2.336960705654906e-10,0.048351717,-0.9589891026786369,-0.9650248989639897,2Jyafe17LJudFP7VGEDLK7YXNwotkeNys8xv9bGFpump,50,0.8223095428053175,4.0831552201503615e-12,,,,2.336960705654906e-10,0.20450559440936433,,66m7qAgky7KyFEcq3zG8oiS7kmPxpufqYjDF11rE6bUP,23.816765589915747,-0.8978561243526932,-0.9535795333337181,4.376038098004476,-0.9825279252224051,0,1,1790930299,69827.0,0
dust,27.0301158333487,1,5,0,0,6,-0.8940652245592771,0.9625192774638682,-0.7921009610437754,4.2963555630000005,-0.7921009610437754,-0.1370848145415936,True,,69.7,-0.9475350165406717,-0.9475350165406717,0,0.9625192774638682,0.9625192774638682,48.17776633375546,9.751975882068632e-10,0.201768381,-0.9475350165406717,-0.9475350165406717,FTBQDqaEEpCwvwT8P8t3aHCMKf6Ldmr2Bm4ehsvppump,14,6.352102456972662,7.517464799396747e-11,,,,9.751975882068632e-10,0.014741484234488622,,JD7H1kdZhRyFXq5J2wWQMz4m7MPgnX7kyH3qgjx1tJnn,-0.8984715129299459,-0.904846032012403,-0.8961156061447179,-0.8436932878730029,-0.9229134188773024,0,,1790930418,282.0,0
standard,27.018449166682032,1,1,0,0,5,-0.8093794919105485,0.2772175341708838,-0.7565361446955898,143.836848288,-0.7565361446955898,-0.7825669534427419,True,,6.0,-0.931494863721306,-0.931494863721306,0,0.2772175341708838,0.2772175341708838,17390.280892879757,3.744244316143588e-07,72.830458693,-0.931494863721306,-0.931494863721306,3UvjXScwAT7t3BtE7iMNrUknaNgKfse4jWhEy542pump,7,464.5685213218352,2.623996954980186e-08,-0.7186229709825305,-0.7186229709825305,-0.7121510479782749,3.744244316143588e-07,0.21220158612404827,,9hTRFy1hDbWyDAZCjKzBDoerfckmzcjPZ2tKHnTNktX1,-0.931494863721306,-0.931494863721306,-0.931494863721306,-0.7565361446955898,-0.9299191843954566,1,,1790930460,1.0,1
standard,27.01456027779314,1,2,0,0,6,-0.013159263916292074,9.06960283287232,8.93709427166231,139.543895974,8.93709427166231,7.694309891488041,True,,154.76666666666668,-0.9452870145865098,-0.9461637376610152,0,42.28322067906116,42.28322067906116,16095.006840353215,3.2578953005316577e-07,67.405853768,-0.9452870145865098,-0.9461637376610152,2dSVsFJfTvn7QQfmM3v3JudPh4bJcHH8AWewPX9Npump,36,40.83287471354176,1.8210476415538868e-08,-0.9944232305938662,-0.9945822932874341,-0.9943749708853801,3.2578953005316577e-07,0.27578250655455694,,Q2h78UAvoVzvvFCpq9RaJZyoVV5SNF4N3dBTmjfGqRS,14.307864312058479,-0.9445831166799261,-0.9461637376610152,8.766042328833375,-0.9441035554071763,0,,1790930474,0.0,0
standard,27.012615833348697,1,1,0,1,6,-0.33415036403420717,0.27025682976985044,-0.15419995231468286,194.33041580399998,-0.15419995231468286,0.022323178565824442,True,,267.65,-0.9136421865293114,-0.9144953205948019,0,0.27025682976985044,0.27025682976985044,16095.007128080204,3.257895358772354e-07,67.405854973,-0.9136421865293114,-0.9144953205948019,CKJ7aBAkXfrHZqmWJmWtyFRginmjQGU4SPpQ8L4apump,82,546.446984444393,2.7542909854920016e-08,-0.8714162794905014,-0.8976521210019591,-0.9000448939110425,3.257895358772354e-07,0.24421202705505918,,2finpgWM36W6zdr77EkoKUvA9afrZhrYHSkPcdkRd4eB,-0.6996802971989676,-0.8932540471327372,-0.913434159062966,-0.13667567974575257,-0.9154579665035688,0,,1790930481,2697.0,0
dust,26.99622694445981,1,17,0,0,6,-0.6175365892783671,0.4745763291542666,-0.436028507782274,2.681943951,-0.436028507782274,-0.40064197885183916,True,,154.66666666666666,-0.9746388535307383,-0.9746388535307383,0,0.4745763291542666,0.4745763291542666,10.372473371090974,2.104829173702886e-10,0.043439896,-0.9746388535307383,-0.9746388535307383,SmcnBcT6uYHReviaowDidB1uhG27bZhfNQ4UTo5pump,22,0.6662418797727039,6.339968652307062e-12,,,,2.104829173702886e-10,-0.004471976284886159,,6QHMrFe3h9kwjhtRt4zCDvbNjV4YBDtAxUBUS9ztH8F5,-0.7875309822996944,-0.9498219513392921,-0.9705774239297057,-0.588355008075057,-0.9698789396711298,0,,1790930540,255.0,0
standard,26.99344916668203,1,1,0,0,6,0.0,10.505929536253202,10.505929536253202,159.971843634,10.505929536253202,8.605340584477668,True,,178.5,-0.9465124023801711,-0.9465124023801711,1,15.796395262746895,15.796395262746895,16095.006840353215,3.2578953005316577e-07,67.405853768,-0.9465124023801711,-0.9465124023801711,295mgPYeHcSzrEih4SBrT2qrfB56xpBaQj4hNrxVDYua,20,36.3028183074127,1.8377723385054797e-08,-0.9951291163642725,-0.9952443148952409,-0.995097327568336,3.2578953005316577e-07,0.2757799026507304,,EEmVpbWkaJ1qw17dSPwkrozCnnxFA3QHXnnjQB7j1ufX,-0.9299423382302914,-0.9439559561080303,-0.9452814222880335,9.576499560503871,-0.9435901964619436,0,,1790930550,0.0,0
dust,26.929560277793144,1,104,0,0,5,-0.9861865390933654,3.583134205711538,-0.9366910548195438,11.964856775,-0.9366910548195438,-0.7475697094953138,True,,70.66666666666667,-0.9817435896989891,-0.9849664157974439,0,3.583134205711538,3.583134205711538,66.34725520075585,1.3429780618656357e-09,0.277862161,-0.9817435896989891,-0.9849664157974439,4F84256VuCigj2yGPR6cDCJgoTuDoK4dCi9zvxBepump,13,3.476562701523645,1.5167194034976835e-11,,,,1.3429780618656357e-09,-0.041930483070310665,,AeMtj3WzX3MAGBrSLdFzW9e4wWVVEfwdi3nr1obowPjF,-0.975743202182505,-0.9817435896989891,-0.9849664157974439,-0.9017482128093203,-0.9887062979912666,0,,1790930780,386.0,0
standard,26.871782500015364,1,1,0,0,6,-0.2735919965766752,1.293848305749083,0.6662697679351677,2006.703642016,0.6662697679351677,0.24560313073089346,True,,255.2,-0.9353013356012607,-0.9366423785761113,0,1.293848305749083,1.293848305749083,16802.637473949773,3.519702839032383e-07,70.369409328,-0.9353013356012607,-0.9366423785761113,62qa7HDLEsBhwDRmsQTvkB9JMaud961LCm4Y5TrXpump,22,325.28309215227443,2.2315017476536475e-08,-0.9611715547843651,-0.9617135735416522,-0.9619507659974899,3.519702839032383e-07,0.20801578393198006,,2atxTEAd7zEqxnueYEQph52w5ioGoN3qY4SEuYpTRTa9,-0.9340725123917135,-0.9353013356012607,-0.9362044850701821,0.8080658035111439,-0.9365997116885265,0,,1790930988,0.0,0
standard,26.84983805557092,1,1,0,0,6,-0.25013475083262593,1.2131994783179545,0.6596013782659953,1192.428319392,0.6596013782659953,-0.07121367688820279,True,,296.8833333333333,-0.9339522737665348,-0.9343507338546871,0,3.02982374385809,3.02982374385809,16095.006976933993,3.257895328177864e-07,67.40585434,-0.9339522737665348,-0.9343507338546871,9kbpVNhNwpVTDKTKocxwkGL1FCosN82VEh1edpYtpump,23,273.7566006962234,2.1261376163543892e-08,-0.9601175707346197,-0.9604427502862734,-0.9606766546410513,3.257895328177864e-07,0.3584241702636144,,EfL2guWzN11Z6JbAeerCwigGMmd3b196vsBEiGGMXPBd,-0.9338107503458413,-0.9338110654225787,-0.9343507338546871,0.7923916713352395,-0.934738921844259,0,,1790931067,167.0,0
standard,26.830393611126475,1,705,0,1,6,-0.41900276895402644,0.6715438884489382,-0.028837629239347184,577.2483617579999,-0.028837629239347184,0.26188904956380754,True,,296.71666666666664,-0.8537937840335824,-0.8537937840335824,1,0.6715438884489382,0.6715438884489382,16095.006916523263,3.257895315949734e-07,67.405854087,-0.8537937840335824,-0.8537937840335824,Gnb7HS4Jsr8NKuaX38HKTBa7LotfbDiCh8YHzuQ86zbU,107,437.1822106591354,2.5213303939443874e-08,-0.7309700770996717,-0.8291377622330893,-0.920310557736809,3.257895315949734e-07,0.25992877674125725,,ELi7kAMXsVjzUGHNMMxkmNpj6sEwMj1iZheEnE9ScZSX,-0.6910288401704492,-0.7920371991473579,-0.8340650240968166,0.26778139260718525,-0.9226086123270854,0,,1790931137,247.0,0
dust,26.814282500015366,1,8,0,0,6,-0.9579373769323524,0.25499247976579165,-0.9472117243708791,1.4229295299999998,-0.9472117243708791,-0.6847285329218267,True,,73.75,-0.9869081882655779,-0.986990279964135,0,0.25499247976579165,0.25499247976579165,48.73745310856302,9.865265732237796e-10,0.204112348,-0.9869081882655779,-0.986990279964135,7DFXLBgxeru1XbMh3PfwjCtd6exUBGsgHc1eCynipump,15,2.803367180641169,1.309501564817672e-11,,,,9.865265732237796e-10,-0.0442350749930156,,7kTCzkuChR9TzeoK9d59E7JsRFzzQnf3a3VYjvvrWzWF,-0.9779938818379764,-0.9819506481544646,-0.986990279964135,-0.954022822966067,-0.9867261399706805,0,,1790931195,358.0,0
standard,26.77872694445981,1,1059,0,1,6,-0.00021939679514826338,1.3292324780026608,1.3287214518618318,334.92607646199997,1.3287214518618318,0.5953747676939225,True,,300.6166666666667,-0.40374788673063566,-0.6724469592370554,0,1.544921554094684,1.544921554094684,16095.007820296416,3.257895498888352e-07,67.405857872,-0.40374788673063566,-0.6724469592370554,HRhf8umQ5rqxCSD7QrQeeTdoNrLg987wQDTDArj8pump,287,759.7964500054449,3.150440623641758e-08,-0.3950052886050267,-0.888792210634664,-0.9584743341092513,3.257895498888352e-07,0.24029698557625734,,5f4vR2YC2dAfnadZBrnEp5yCvcV2YjK5tHXvWohdSqfh,0.11389816683611342,0.44874171786459405,-0.6448423516116032,0.8131334817532287,-0.9032982910373663,0,,1790931323,3382.0,0
dust,26.734838055570922,1,43,0,0,6,-0.996346857801738,7.6646035829620605,-0.9683469710198696,25.762880243999998,-0.9683469710198696,-0.8063541295821299,True,,62.983333333333334,-0.9835501313245176,-0.98448178361882,0,7.6646035829620605,7.6646035829620605,184.8337783076043,3.7102785313228876e-09,0.774083463,-0.9835501313245176,-0.98448178361882,FAkMNk9gjScaC678FUHQxyVEyc9pBj8FmmXjQwMnpump,13,9.939104459558246,4.596444960237744e-11,,,,3.7102785313228876e-09,-0.004234568002447481,,4LktLxUsXf6MAeA4ZJgCkVW2ad8LFt5MKP8ARgEouKph,-0.9835501313245176,-0.9835501313245176,-0.98448178361882,-0.9720569510500214,-0.9876115905546344,0,,1790931481,115.0,0
dust,26.734004722237586,1,81,0,0,5,-0.9869000741448029,0.542773153389597,-0.9797897860792075,1.5418065369999998,-0.9797897860792075,-0.9236597169606648,True,,59.93333333333333,-0.9852415936411248,-0.9852415936411248,0,0.542773153389597,0.542773153389597,28.45891109673997,5.760553794103432e-10,0.119185858,-0.9852415936411248,-0.9852415936411248,3N3gY9V1dsozmijXhND27BcmKtwsqeph1tx3FNatpump,8,1.4627790813755748,6.722559466397693e-12,,,,5.760553794103432e-10,0.0014139379529509721,,6SpQXb2VnA99G2ZMPZ1TpAWxf5iT88F7uXTVtprQHaKK,-0.9756202520261497,-0.979787177390473,-0.9852415936411248,-0.9797897860792075,-0.9883300118240733,0,,1790931484,271.0,0
standard,26.71622694445981,1,1,0,0,6,-0.06673891716765235,6.5018238863948135,6.001160283434395,162.86512162999998,6.001160283434395,4.66627245434308,True,,285.8666666666667,-0.9454892306990667,-0.9454892306990667,1,8.00713238809083,8.00713238809083,16095.006840353215,3.2578953005316577e-07,67.405853768,-0.9454892306990667,-0.9454892306990667,G5aaHofvoUkzgjjy54cENNB5uCYTk8BZronN1qLhtdhz,18,32.641357351703085,1.8213069201385522e-08,-0.9921899455351756,-0.9921899455351756,-0.9920149802606274,3.2578953005316577e-07,0.2757799026507304,,3MEGgfGnDBrcCeGgpVmdn4HPpqywbyPuBvM4Y2FtczW2,-0.9454206925797994,-0.9453205568694116,-0.9453205568694116,5.522090221428656,-0.9440955969382646,0,,1790931548,0.0,0
standard,26.697893611126474,1,70,0,1,6,-0.44503858868622914,0.6241472799745775,-0.09866093332388637,524.6372627520001,-0.09866093332388637,0.006282853324787396,True,,299.76666666666665,-0.9130033649076388,-0.9285284186966066,1,0.9408578135190899,0.9408578135190899,16095.006898853722,3.257895312373127e-07,67.405854013,-0.9130033649076388,-0.9285284186966066,F1xCLUZhi9qH7m3iPvqzUAwFSmindzZwkQrxDSdFiZSS,65,292.5352258739192,2.2369795462799018e-08,-0.890088742378725,-0.9207051109334908,-0.9238207498815929,3.257895312373127e-07,0.2831101478955802,,H51jQhaAhHhi3qBXZZrTSvhQo55gdmA6wZ6jPnkfccRd,0.21169853770181013,-0.8996113085545853,-0.9285284186966066,-0.24814829307022135,-0.9313366657981887,0,,1790931614,41.0,0
standard,26.692893611126475,1,1,0,0,6,-0.15044229051552427,1.50340536058965,1.1267873240537014,2313.086608097,1.1267873240537014,0.4033099985943618,True,,270.46666666666664,-0.9404185253846913,-0.9413329297483901,0,1.50340536058965,1.50340536058965,16425.23446968331,3.378829313437474e-07,68.788846364,-0.9404185253846913,-0.9413329297483901,3Nq9UQxXNi5E7qL6CSxcxnr9TPRs4XQjBDXuSW5Lpump,40,189.01844424305406,1.968807525397517e-08,-0.9700907497624657,-0.9728640959554867,-0.9726023732865114,3.378829313437474e-07,0.3013222179806232,,DLWvbpGHGXycrXKm6BF72d21BPVaGe46PPGY2uUteqnj,-0.9326300578399006,-0.9372985390678873,-0.9413329297483901,1.2278243247697889,-0.9417310747965976,1,,1790931632,0.0,1
standard,26.665393611126476,1,854,0,1,6,-0.4035187393556138,2.06550296969447,0.8285150758724671,1671.1854653190003,0.8285150758724671,0.5911089969564725,True,,297.81666666666666,-0.8368825959700111,-0.9060869402666114,1,2.06550296969447,2.06550296969447,16057.111158614076,3.244153866971434e-07,67.247146735,-0.8368825959700111,-0.9060869402666114,BnBS5M46eQ35vomwk9WoGTNV3m52gFWfaqvG2LFggfvE,167,263.92352581675596,2.1793010705024587e-08,-0.8926204885973723,-0.9488032406627147,-0.9632618534184948,3.244153866971434e-07,0.263829643153483,,6cWV1QPnctBBQZcLh7aiejoQFfmicWTx9aYAxPZyawVH,-0.30847204751500334,-0.745103105571056,-0.9060869402666114,0.9305145751017816,-0.9328237451161052,0,,1790931731,387.0,0
dust,26.658726944459808,1,104,0,0,6,-0.6850908010426839,0.6203763420282125,-0.4897285841225095,0.34243889299999997,-0.4897285841225095,0.27920675331108646,True,,113.41666666666667,-0.9843070436540436,-0.9843070436540436,0,0.6203763420282125,0.6203763420282125,28.133734471933753,5.694732672788787e-10,0.117824019,-0.9843070436540436,-0.9843070436540436,72XoHeV6d3tijUYeqqZpCe8LqaqDX4kT6qJLpi6Lpump,17,1.443778338580174,1.5834044839985556e-11,,,,5.694732672788787e-10,0.0003876343658608672,,7VxqEACAupyfa7mPXhCLSQXjLzmZEQ1FHMsx45gjTyXG,-0.7011732259380605,-0.9682938501806863,-0.9727673155515322,-0.51250770032259,-0.9721952798317548,0,,1790931755,423.0,0
dust,26.635671388904253,1,2,0,0,4,-0.36906403057568704,0.673450787073183,0.05584029462589801,0.034434227,0.05584029462589801,0.586144786019142,True,,283.03333333333336,0.03020760815913337,-0.6923850890113182,0,1.336729759320792,1.336729759320792,9.12092616186916,1.8462261478975348e-10,0.038198419,0.03020760815913337,-0.6923850890113182,2PAUJyKo42JbsKq3rVy8h3Fb3qibYbEN3hmnReYSpump,15,1.5283009710595994,5.476403240692057e-11,,,,1.8462261478975348e-10,0.25881082217016904,,5L1tkMwxBrqPXCEc5MPrLaGbVXqMVGTBRvC3ZYh8tzZv,0.042442196665824605,0.6033737301796573,-0.6665366700745052,0.05584029462589801,-0.7033731080599994,0,,1790931838,26386.0,0
standard,26.553449166682032,1,854,0,0,6,-0.838250623154179,0.26186809172135583,-0.7958936225024453,634.2474652799999,-0.7958936225024453,0.212199739974968,True,,262.1,-0.9176593649656837,-0.9222449554055941,1,0.26186809172135583,0.26186809172135583,16095.00696427878,3.25789532561624e-07,67.405854287,-0.9176593649656837,-0.9222449554055941,9xB7NbNqajPw892H64HKpQzzTfNzGh7NXQ83c66pYduc,43,434.67533549858683,2.5251313057242407e-08,-0.5965798029250564,-0.6138764422371974,-0.620256573553514,3.25789532561624e-07,0.23498546979508705,,5YLWGfhGtoyVsKkevJ2JTNjPmnpwLPS5cJXdyCfpHY7Y,-0.9089121553922133,-0.9176593649656837,-0.9211897193585665,-0.7936300419001698,-0.9224919448494986,1,,1790932134,174.0,1
standard,26.547615833348697,1,3,0,1,6,-0.09813020793985905,1.0036157467904614,0.8070005169263372,282.218341915,0.8070005169263372,0.4826556457720508,True,,298.75,-0.5652846958957937,-0.8019504695216126,1,1.0283400829748506,1.0283400829748506,16095.00713715375,3.25789536060899e-07,67.405855011,-0.5652846958957937,-0.8019504695216126,c17N1z7KdUGeUSYyAzxXPYvBT97B29Jm55xfc4N3YaW,245,2476.9317311278787,8.162805086923289e-08,-0.2955982846434234,-0.8625551379250584,-0.8613422915644339,3.25789536060899e-07,0.19074450047887326,,7cd4ggjDxn9c81jA5Ba79ChbgCvqvLchg3uGZEi6Q83P,-0.2502174151056651,0.45937339915041253,-0.7585860357654749,0.5813164747397301,-0.7494454491811107,0,,1790932155,6835.0,0
standard,26.469282500015364,1,1,0,0,6,-0.013657718493572446,10.072341526352613,9.921118602720997,159.021352252,9.921118602720997,8.518415861843492,True,,213.05,-0.945462127405658,-0.9455236606380644,1,11.103510874110158,11.103510874110158,16095.006840353215,3.2578953005316577e-07,67.405853768,-0.945462127405658,-0.9455236606380644,HkPcr2BPkkxAtWTei8TgsampmdDXerQwpg2k7Uthw6Xn,15,27.90261934206103,1.8140192412332152e-08,-0.9950062008684024,-0.9950118352026355,-0.9949015561285,3.2578953005316577e-07,0.2757799026507304,,HNLJwfrB3HC5mZ3V9z6gBLy5Sr95pN7M3r3QX7EzByYj,-0.9436837514763673,-0.945462127405658,-0.9455236606380644,9.843286339872673,-0.9443192897900314,0,,1790932437,0.0,0
standard,26.40456027779314,1,1,0,1,6,-0.059754400334159796,0.5459637894180507,0.45358565024304975,725.4094325039999,0.45358565024304975,0.2193192147402787,True,,300.1666666666667,-0.7522884278059808,-0.8374507521579244,1,0.5459637894180507,0.5459637894180507,16095.006959264452,3.257895324601257e-07,67.405854266,-0.7522884278059808,-0.8374507521579244,CQN2XwiCQh82Ghvp7MBdrpizE81i3WGjrNkdPJgBUEQw,223,365.081137801733,2.379095512073778e-08,-0.7653703828885312,-0.8497281566826999,-0.9497617937759175,3.257895324601257e-07,0.2821872724273524,,ESPD3VaB3pjTrYSQuisjWoFjwCCwFe878Hd4GfEmrewg,-0.06111291574648603,-0.5282031972324692,-0.7480035236480393,-0.08411739752615544,-0.9269744643387227,0,,1790932670,105.0,0
standard,26.358449166682032,1,1,0,0,6,-0.9503359466504404,2.0635129933134246,-0.847853527263013,1479.757250879,-0.847853527263013,0.352818943247418,True,,224.4,-0.9116300084828846,-0.9210017261266558,0,2.0635129933134246,2.0635129933134246,16095.006965950222,3.257895325954567e-07,67.405854294,-0.9116300084828846,-0.9210017261266558,6VvwKp2wDd7ZfWubTXdXAhr3Z9ME2ta9Y2wPpwghpump,30,477.79343093074726,2.5608715670794908e-08,-0.40609329795916527,-0.48077485825184263,-0.48335910116150516,3.257895325954567e-07,0.29727291096709685,,D8vGXgrx3kn27UhZfBQ4QMRXJh7WoZHSauiN1XctWxvV,-0.9079227023172277,-0.9096391901496302,-0.9210017261266558,-0.8974056998160875,-0.9213949095700564,0,,1790932836,175.0,0
standard,26.331782500015365,1,1,0,0,6,-0.0031850845129522964,11.172370398185498,11.133600369744318,183.09897112399997,11.133600369744318,8.725511530570751,True,,189.8,-0.9455439224957976,-0.9455439224957976,1,20.98804821921404,20.98804821921404,16095.006840353215,3.2578953005316577e-07,67.405853768,-0.9455439224957976,-0.9455439224957976,984DTYKe5p6TReEU6hoe16Jd3MHw9ouBvyemRTAjzY3K,30,35.14481668352748,1.7552807767276235e-08,-0.9954412924406836,-0.9954973741553517,-0.9955596235935681,3.2578953005316577e-07,8.517237515688146,,G2F1Q5KbCExRUdjM4MYrm3PwRVnTs8o4ant7NxAdTGKe,1.1430220173308534,-0.9446864642727226,-0.9453669373865548,9.902504892293408,-0.9461222471931133,0,,1790932932,0.0,0
dust,26.323171388904253,1,70,0,0,5,-0.9820972292304195,0.633768027174896,-0.9707510255188182,0.831889522,-0.9707510255188182,-0.9133149329801209,True,,119.28333333333333,-0.9785928540901608,-0.9822712204686136,0,0.633768027174896,0.633768027174896,19.81219005130998,4.01079193696281e-10,0.082973409,-0.9785928540901608,-0.9822712204686136,Uafhy4YQ6ZvA2DNa1M3sfJV3DZhqcG9UGbnGKP4pump,11,1.025216470650854,4.90572630865896e-12,,,,4.01079193696281e-10,0.0001847111175756755,,58P3gox15r4m8DNrbdbgGjtUQ5Nd3cNr7K7By5M5Lmmm,-0.9736225652582878,-0.9736225652582878,-0.9822712204686136,-0.9707510255188182,-0.9877686841258242,0,,1790932963,166.0,0
dust,26.313171388904255,1,6,0,0,6,-0.986983856436441,5.969593725707453,-0.909282767486512,2.635340298,-0.909282767486512,1.0144749830498796,True,,227.68333333333334,-0.9542201168146128,-0.9542201168146128,0,5.969593725707453,5.969593725707453,5.2487498506533985,1.0624336877718705e-10,0.021981753,-0.9542201168146128,-0.9542201168146128,6nWqZFASMHapdhDzJ1uszTNCRpV7iqmAtsrdH9etpump,23,0.4933738294802629,2.8191201391996872e-12,,,,1.0624336877718705e-10,0.3147775536535129,,GAGdSFnXyKufWXZFCiq3kbbLyB8mAjrimpVvCCvSpzGN,-0.9542201168146128,-0.5605245112968629,-0.9241729451730979,-0.9091221278248933,-0.9734654485108437,0,,1790932999,276.0,0
standard,26.217893611126478,1,15,0,0,6,-0.28003902114525836,0.6009693011723345,0.15263542518842566,1067.825330185,0.15263542518842566,-0.10255314859927511,True,,298.96666666666664,-0.7078883619510258,-0.8512362576656738,1,1.687946039051507,1.687946039051507,16095.007062893925,3.257895345577574e-07,67.4058547,-0.7078883619510258,-0.8512362576656738,3Z18mQS4HbEL9bFBfYM7LV9aYm4UoHikVPqmQ5zgxBs7,252,661.4648232635346,2.9125903749702854e-08,-0.5373371895069334,-0.8716314588764803,-0.9224377645248234,3.257895345577574e-07,0.2407368576192379,,DATsdRRayDtud6PXRjTpirk4hoQJqxu4Mi2F5pT7DuPG,-0.1062838151535549,-0.47233929600773383,-0.8480018713451024,0.07741944092910402,-0.9105990197345051,0,,1790933342,403.0,0
standard,26.200393611126476,1,1,0,0,6,-0.8180776240809549,0.5355868081450961,-0.7206423994323012,286.164952389,-0.7206423994323012,0.08903272454281863,True,,214.91666666666666,-0.9352548567312792,-0.9360741487875562,0,0.5355868081450961,0.5355868081450961,16802.637473949773,3.519702839032383e-07,70.369409328,-0.9352548567312792,-0.9360741487875562,2B6RRCmHt5KvEftzrWymBA5LaEP34GJtHLHYKRRopump,15,306.3215075951452,2.268528215725432e-08,-0.7682356122147798,-0.7711683838831078,-0.7692840098616798,3.519702839032383e-07,0.2580163878311381,,E2rvMw8NZb8vv5L8FV3tJdUU4KEAjQXGGExpTRzdqzcx,-0.9351682016135111,-0.9352548567312792,-0.9360741487875562,-0.7142190396710915,-0.935547734582358,0,,1790933405,0.0,0
standard,26.197060277793142,1,2,0,0,6,-4.014938031149384e-06,11.295283465393078,11.29523410059189,211.52293786299995,11.29523410059189,8.928943810767613,True,,20.716666666666665,-0.9457340702491835,-0.9457340702491835,0,12.712460122159072,12.712460122159072,16095.006840353215,3.2578953005316577e-07,67.405853768,-0.9457340702491835,-0.9457340702491835,HmG3KrFi3F6wcbbtpNgZt6AAyT3Y3vcPvqcXSR2jpump,14,27.778540220834447,1.8071848076149128e-08,-0.995581867743014,-0.995581867743014,-0.9954884202190909,3.2578953005316577e-07,0.27578250655455694,,GhDMgSqqBkEVUEYMcCbfhhkJHHyAY1nexo3zqvwKm6ii,-0.9456647686546724,-0.9456780296129813,-0.9456780296129813,10.621223652069938,-0.9445290704302254,0,,1790933417,0.0,0
standard,26.155393611126478,1,15,0,1,6,-0.23590232220878482,0.4006588646385312,0.07024018584798175,491.96096424300003,0.07024018584798175,0.1374525856656843,True,,298.21666666666664,-0.7886972050920518,-0.825476925323588,1,0.4006588646385312,0.5631208348808538,16095.007082951239,3.257895349637506e-07,67.405854784,-0.7886972050920518,-0.825476925323588,CM69VvR611vNwDVCQ7VhUXAv9kTNak9RxCSvYHSiCyBh,212,1168.7860438776027,4.1356928345481824e-08,0.08689931580019827,-0.7179900954134395,-0.8813876551249216,3.257895349637506e-07,0.2633346227944833,,9mXmePZqTsBi1L4fR6KGyAPtUgmS6XdJy7LRFtFKENoL,-0.41182375710076435,-0.00622958918547345,-0.825476925323588,-0.4080653699135478,-0.8730563019770311,0,,1790933567,553.0,0
standard,26.1501158333487,1,1,0,0,6,-0.17910641110131065,8.794697661902049,7.040404515856373,194.520397981,7.040404515856373,5.865420854391376,True,,15.9,-0.9455503200459449,-0.9455503200459449,1,8.794697661902049,8.794697661902049,16095.006840353215,3.2578953005316577e-07,67.405853768,-0.9455503200459449,-0.9455503200459449,HP36jPD1Bb4LgyoiBrT8AsuL3ei8uSeZHrtQa2gkwP5c,12,27.594986608387615,1.80865818024162e-08,-0.9932277497851334,-0.9932277497851334,-0.99309535308363,3.2578953005316577e-07,0.2757799026507304,,4L9gCBKWuP3vhHcQYXP1S6soUY6HDuYLHBWPPabx8LjD,-0.9454249327864233,-0.9455483687898772,-0.9455483687898772,6.765609084812871,-0.9444838457532241,0,,1790933586,0.0,0
standard,26.126504722237588,0,1,0,0,6,-0.015001470244692006,9.277472800995907,9.123295598581137,150.63636083699998,9.123295598581137,7.684337524667477,True,1,79.48333333333333,-0.9454963940563563,-0.9454963940563563,0,52.42407858768594,52.42407858768594,16095.006840353215,3.2578953005316577e-07,67.405853768,-0.9454963940563563,-0.9454963940563563,455uZSiN3FQu9oicN4zSYADK3VFc8S5PQhQgHugEpump,62,35.60884487342462,1.8355242815233814e-08,,,,3.2578953005316577e-07,7.623914743565463,,9zE4Q3rSrX3EpfUKFH186qAmqZ29HiXT8SQD8kFkp3Nh,14.011327197201828,-0.9376334830065594,-0.9454567014353998,8.615580744258448,-0.94365919981456,1,1,1790933671,0.0,1
standard,26.11344916668203,1,1,0,0,6,-0.11574118754276419,6.430558010529555,5.570536402285464,151.17781136,5.570536402285464,4.547095108599053,True,,11.7,-0.945931536681091,-0.945931536681091,1,7.498051516989863,7.498051516989863,16095.006840353215,3.2578953005316577e-07,67.405853768,-0.945931536681091,-0.945931536681091,EeKQePrEZEfpS97hrUfHz6CKHSuxWNQdB9R1Lyv71jCa,13,31.406241440063685,1.8167083203391153e-08,-0.9916911641258387,-0.9916911641258387,-0.9915131357359379,3.2578953005316577e-07,0.2757799026507304,,61LddL2QFy7TdLztKZ341yAYpuH4X8kYJStjPY6HPMRV,-0.945406491428208,-0.945406491428208,-0.945406491428208,5.3654897517083,-0.9442367494117246,0,,1790933718,0.0,0
standard,26.102615833348697,1,1,0,0,6,-0.25050631475169705,0.3126927768923642,-0.016145053048113645,116.09412628599999,-0.016145053048113645,0.2826192530046183,True,,300.05,-0.4764622794328778,-0.7154865213315784,1,0.3126927768923642,0.3126927768923642,16095.007071489914,3.257895347317544e-07,67.405854736,-0.4764622794328778,-0.7154865213315784,BBEuXn2iMJojebUERJ5tnNhcbWP9FdXDXHz6CmQ9MsmP,238,2643.205849842458,8.836189845564813e-08,-0.07574016215114054,-0.45947022507041213,-0.7243253479959753,3.257895347317544e-07,0.26272743600103676,,4hxd2VJDeF4A5Ad8peJpaYQgn6pBvoWNV6g6wUk5yzST,-0.18313712928161174,-0.2089183802617166,-0.5291321641192857,0.04608131405759153,-0.7287761298766005,1,,1790933757,7481062.0,0
dust,26.094004722237585,1,43,0,0,4,-0.9802669632992805,0.08863187775830639,-0.9785179872026223,5.055640187000001,-0.9785179872026223,-0.8870799069363811,True,,72.53333333333333,-0.981585175492524,-0.981585175492524,0,0.08863187775830639,0.08863187775830639,101.58740500226767,2.056296916384727e-09,0.425447832,-0.981585175492524,-0.981585175492524,HbNWBPLpkrtk8Kixe9gp1n24YKe6hM88TtgAbKx9pump,9,6.27802279514587,3.4959421710329114e-11,,,,2.056296916384727e-09,-0.7185904102711764,,3bVnNfT2jXpsaFjaeoggtwA9rksNoufBqB25KTYWZcFC,-0.9785179872026223,-0.9775148845885921,-0.9788530814211152,-0.9785179872026223,-0.982998845433376,0,,1790933788,163.0,0
standard,25.984560277793143,0,1,0,0,6,0.0,12.481851751439423,12.481851751439423,227.42494110799998,12.481851751439423,10.352716736781732,True,1,223.96666666666667,0.27578250655455694,-0.9447753940564728,0,24.607880697895965,103.01245555835418,16095.006840353215,3.2578953005316577e-07,67.405853768,10.351845950235203,-0.9447753940564728,ERHB4UysYrY9f7sS1JfKtjZ6q6gZsrxHy4GKpYZ5pump,115,61.682652769136915,1.8006205263223127e-08,,,,3.2578953005316577e-07,0.27578250655455694,,3ErBdH7zcyVteWrcUMvEwAtnnbRrALX2dYVv7PYHnupL,15.627394639434584,23.91088280790056,-0.9440559352487872,11.977714937481414,-0.9447305588356855,0,1,1790934182,0.0,0
standard,25.96733805557092,1,27,0,1,6,-0.2017606427172508,0.5019611561006352,0.19892450790942595,196.53835785,0.19892450790942595,-0.1354351178204276,True,,295.93333333333334,-0.9142750792179625,-0.9192277085918241,1,0.5566570654218042,0.5566570654218042,16095.00708486146,3.257895350024166e-07,67.405854792,-0.9142750792179625,-0.9192277085918241,8tPHPus7JpBFcNoAsK2dawE32Ad7WWuJT6cVDV5ReDuF,143,187.9837415327393,2.047126169580342e-08,-0.8955456147581414,-0.9224893882760464,-0.9475898210702348,3.257895350024166e-07,0.2669746838358211,,C3EnP7Lwo3tE4UmG8ettzysgY3QcsN8fVgC37EehLxXk,0.2797495711701492,-0.8747670775749231,-0.9055555128633209,0.2915980874254869,-0.9371641520171863,0,,1790934244,4359.0,0
standard,25.955671388904253,1,1,0,0,6,-0.8494741367737374,0.6663749855001317,-0.7491674668489419,241.81480537499996,-0.7491674668489419,0.3402956575713172,True,,200.23333333333332,-0.9281189317477855,-0.928403046642063,0,0.6663749855001317,0.6663749855001317,16802.637473949773,3.519702839032383e-07,70.369409328,-0.9281189317477855,-0.928403046642063,EpAuvcrmrVw5tqY66VmiiDQnVqLT27WmsZS5FXt8pump,15,453.6904548284867,2.600717324235359e-08,-0.7118312319034332,-0.7145627305257912,-0.7054199794825351,3.519702839032383e-07,0.2580163878311381,,AgviUw8Q8TGvx4H56ryMSU8zFna3WWf4ZLtuG647JakF,-0.927643267484569,-0.9281189317477855,-0.928403046642063,-0.7509632254226826,-0.9261097472379136,0,,1790934286,0.0,0
standard,25.93344916668203,1,1,0,0,6,-0.18240708937250472,8.77140383752236,6.989030504436583,191.210152911,6.989030504436583,5.791325775721289,True,,34.9,-0.9453642901470168,-0.9453642901470168,1,8.77140383752236,8.77140383752236,16095.006840353215,3.2578953005316577e-07,67.405853768,-0.9453642901470168,-0.9453642901470168,AmXcJWMEJmTJhL8TxPsj3mXRVK8nhpWuUgY9EGWYFbBS,36,38.039248761846444,1.8385505584697087e-08,-0.9930694073401799,-0.9930694073401799,-0.9929361027340357,3.2578953005316577e-07,0.2757799026507304,,Gk9X6sX3C7QFMco5XT474Cn5XHNpBLm2EPhKPevdTmm6,3.216618465073111,-0.9446312838268726,-0.9446312838268726,6.81259150369144,-0.943566309262005,0,,1790934366,0.0,0
standard,25.911782500015363,1,2,0,0,6,-0.013384562869588557,10.664983328378945,10.508852625647556,181.09063432,10.508852625647556,8.881991089949258,True,,33.6,-0.945458649760195,-0.945458649760195,0,28.916686769924578,28.916686769924578,16095.006840353215,3.2578953005316577e-07,67.405853768,-0.945458649760195,-0.945458649760195,HVdWbMizSA3n82rg6ttBPAHKLGuNUwT3qxcNMoGjpump,34,37.422526976695124,1.8158249747157207e-08,-0.9952564441634474,-0.9952564441634474,-0.9951571074541876,3.2578953005316577e-07,0.27578250655455694,,2HsQcBQSEA2RvUoUaEnwornPG9rRmmBnkXzD1H8H2x7U,14.173175216136894,-0.9454071149555862,-0.9454071149555862,10.150505067628492,-0.9442638634083976,0,,1790934444,0.0,0
standard,25.87122694445981,,1,0,0,,,,,,,,False,,,,,0,,,21326.85446879345,7.472803706254582e-05,89.316820298,,,J2KwtUF6Zcy6mA8tWEcmAMWrW28agE1S47Q2BfKdpump,,751.0499333690824,3.2214263884182185e-08,,,,,,,FcvvJvHU1jk5Y5JqjsuoSwzqgiqTAdxmzbggYmVQWJMD,,,,,,1,,1790934590,0.0,1
standard,25.825115833348697,0,2,0,0,6,-0.01310356654278877,14.212354350327905,14.0130182528259,242.41985123200004,14.0130182528259,11.169832561337014,True,1,118.4,0.27578250655455694,-0.9449417616494401,0,105.14750189049073,177.94970581922078,16095.006840353215,3.2578953005316577e-07,67.405853768,11.15803435528603,-0.9449417616494401,6h6udY1u5AXQia56N8sp21apbbSBZff388bJsNStpump,85,57.95511945229988,1.8329025396451445e-08,,,,3.2578953005316577e-07,0.27578250655455694,,Hq7CSiPJmLEHpe7mr19MJ3AsfzMZYvKWYig9Bv5qbibp,22.462731236582513,102.62104646939761,-0.9449240198564047,13.533911806456285,-0.9437396732993221,0,1,1790934756,0.0,0
standard,25.81233805557092,1,1,0,0,6,-0.3689602543701025,1.6473904825812071,0.6706086167110565,1347.57491462,0.6706086167110565,0.8004385771263771,True,,44.63333333333333,-0.9468947246624213,-0.9468947246624213,0,1.6473904825812071,1.6473904825812071,16095.006962607338,3.257895325277912e-07,67.40585428,-0.9468947246624213,-0.9468947246624213,8dQh7G8zirxmzo3ttSx8LAtxfmxy3rk83hFm8vXVpump,14,204.36983339658553,2.0690351484213976e-08,-0.9627648724822062,-0.9627648724822062,-0.9619849098387916,3.257895325277912e-07,0.2757848517950048,,9Eq5EeM7g3Ei3rP6gHYH2ii4cvQvgd5na8RR5LvWTCXE,-0.9377586129038672,-0.9377946751244387,-0.9377946751244387,0.3012639184665342,-0.9364916628116374,0,,1790934802,143.0,0
standard,25.80372694445981,1,4114,0,1,4,-0.20433461774046313,1.4205839259612305,0.9259748347412329,597.954525296,0.9259748347412329,0.4268031464286326,True,,300.1166666666667,-0.10400646287410842,-0.10400646287410842,1,1.717974088044723,6.183977086203452,16095.007046418268,3.257895342242629e-07,67.405854631,-0.10400646287410842,-0.10400646287410842,EpzFGJXtXtabZnVzM8WFeXvgRFrWSQwGZvpgVJH1EuAZ,300,3726.1407795250907,1.2075619216826178e-07,0.8142664764184859,-0.21820314060651858,-0.8075483349514804,3.257895342242629e-07,0.5472201443462359,,CAzLDRhe6v8taMbrqCrqgtdPhbrjHdoWrCE1hpoWRHrQ,0.06381618663185318,0.8931094124344239,0.5331409064904074,1.0219312185943332,-0.6293429362125023,0,,1790934833,661.0,0
standard,25.795949166682032,1,1,0,1,6,-0.25493397650584426,0.8487708499895734,0.3774563455536417,320.61130094,0.3774563455536417,-0.08122266596833427,True,,300.65,-0.17091929008335682,-0.7195228890003162,1,7.128461411015197,7.128461411015197,16095.007132616978,3.2578953596906717e-07,67.405854992,-0.08122266596833427,-0.7195228890003162,8tyaSHgK5HEi42qHvUwpWKE9t4NCyGxutLV8hACameta,292,1616.6077737324836,5.014197796024465e-08,1.271128231421227,-0.7867953045440206,-0.8882657066972662,3.2578953596906717e-07,0.2685354566423779,,68u1a7fh9hdy2d3MmujMGrkSdZx3Vqq19Q5M4qRMXCU7,3.131053853681891,2.099881123590072,-0.7014387397230559,0.6679919200011712,-0.8460908886741977,0,,1790934861,4178.0,0
dust,25.74983805557092,1,4,0,0,6,-0.012680210085523114,3.436363685539235,3.3801096619908115,0.129457925,3.3801096619908115,0.6852558196471235,True,,165.88333333333333,-0.33127595156812106,-0.9800734114960792,0,3.436363685539235,3.436363685539235,6.997983563823071,1.4165074915418076e-10,0.02930754,-0.33127595156812106,-0.9800734114960792,aCYnf6XT6G7pYBH3USLnWaZ3h2NTknrNM9EW4qHpump,14,0.36250441836578523,1.934848068081463e-12,,,,1.4165074915418076e-10,0.33726421692946773,,5Cm8akjbALo8wMdXhRYYkDo6j6o91UzjCmVePjky6NQ4,-0.2665640953896312,-0.2665640953896312,-0.9800734114960792,2.934020582366816,-0.9863407141887018,0,,1790935027,71490.0,0
standard,25.72344916668203,1,1,0,0,6,-0.834193190766781,0.6519944276951066,-0.7260880750728167,307.649461999,-0.7260880750728167,0.3258884234820296,True,,186.3,-0.9322321616403915,-0.9322321616403915,0,0.6519944276951066,0.6519944276951066,17016.279771223657,3.6005280071826895e-07,71.264142806,-0.9322321616403915,-0.9322321616403915,84pckwMTFU5h18XdDPXewMHDRz2fzRSqNMDXRrAEpump,15,418.4649698065272,2.513825115892719e-08,-0.7525925956760593,-0.7525925956760593,-0.7451069889969889,3.6005280071826895e-07,0.15968101788323308,,DjNYboWpAEQpRQAaVYTqhLbYbmpkLXhG95ZhMvokbvuK,-0.9307893818205698,-0.9322321616403915,-0.9322321616403915,-0.7486954967050914,-0.9301817647056795,1,,1790935122,0.0,1
standard,25.71706027779314,1,28,0,0,6,-0.2292533475262063,11.824329238353618,8.884308830682846,8318.682153894999,8.884308830682846,1.6190414575764005,True,,300.9166666666667,-0.9339012556310924,-0.9353585205751168,0,13.942041328131483,13.942041328131483,16095.007095128896,3.257895352102465e-07,67.405854835,-0.9339012556310924,-0.9353585205751168,EBusR2cGL1gR5J8N2FT84zYL4rFBoJVtATNS5PEBpump,45,353.23151891889484,2.0749935339904154e-08,-0.993312760102788,-0.9934601922570222,-0.9935563296945001,3.257895352102465e-07,0.35153008127739427,,5FhGD9oMYnN85H7N2ycQPRre7qEhBtzsGQf8pc9oydJ9,-0.8664982158146074,-0.9339012556310924,-0.9353585205751168,8.69043955418715,-0.9363087726973388,0,,1790935145,187.0,0
standard,25.68344916668203,1,322,0,0,6,-0.3937568782647989,1.4633732241262916,0.4934030733932302,1252.4039274850002,0.4934030733932302,0.5245905149178065,True,,299.9,-0.2336671128144282,-0.7034340412024824,1,4.805860730664385,4.805860730664385,16095.00696857678,3.257895326486225e-07,67.405854305,-0.2336671128144282,-0.7034340412024824,EFvdLptvhf8nG9rzzgtuVMguHvSKjLH5Gmt1bZp77kVA,298,1855.1291066118229,5.301582865918916e-08,1.2807266662148558,-0.6970987823479351,-0.8910339052185202,3.257895326486225e-07,0.24933933774147277,,GKfxKpbDJiCWyxfZoJbzgUrsisc7g5Krv9SxpfEWPMTv,2.810525533484014,1.7226351574192553,-0.35328088696475546,1.059968703986876,-0.83726969915768,0,,1790935266,315.0,0
dust,25.67622694445981,1,70,0,0,4,-0.9899647206142882,4.3468434101468345,-0.9463429325475244,7.422635905,-0.9463429325475244,-0.8499722502566508,True,,201.46666666666667,-0.9715267575698238,-0.9809888726960805,0,4.3468434101468345,4.3468434101468345,83.62164761604696,1.692640304494925e-09,0.350207279,-0.9715267575698238,-0.9809888726960805,Esw542fbXEpXZFpq7iACkGYtdqKtF9higthrnqG6pump,12,4.346093496595134,1.9260831532052698e-11,,,,1.692640304494925e-09,0.0006572460610507758,,GoEpR2xyont63sggMgn11Bhu4y645JbuPUJ6V1QvfELm,-0.9639596433539128,-0.9639596433539128,-0.9809888726960805,-0.9463429325475244,-0.988620836050693,0,,1790935292,193.0,0
dust,25.59483805557092,1,158,0,0,4,-0.5474268937702403,0.3789896723007351,-0.3759063605480979,0.069789773,-0.3759063605480979,0.25430847406594514,True,,130.58333333333334,-0.5597940805836554,-0.9804921960811688,0,0.3789896723007351,0.3789896723007351,13.863494518505588,2.806200338327695e-10,0.058060285,-0.5597940805836554,-0.9804921960811688,5iFqxk4DbmhkeVqJbCCCMKx2BC47bC6fWFgLxLNupump,9,0.7112432915284932,4.042758452728016e-12,,,,2.806200338327695e-10,0.17034260170140225,,3qjryfmhrTqUiYExA2CW8be91xZLx5qFkuwnD8BtCeVA,-0.4819972383711212,-0.523368432903207,-0.9635108962480067,-0.3759063605480979,-0.9855934788492784,0,,1790935585,68398.0,0
dust,25.506226944459808,1,1,0,0,6,-0.9904597249543223,10.423086676277366,-0.8910206112376975,0.533627905,-0.8910206112376975,0.32187262256676585,True,,65.26666666666667,-0.9807668214808111,-0.9807668214808111,0,10.423086676277366,10.423086676277366,15.7969009630792,3.197553745770904e-10,0.066157387,-0.9807668214808111,-0.9807668214808111,9PkHSaobxJnnhUDxCdsrv3fMdw7mw2KW2puYrL81pump,7,1.0928365879722273,6.6631890902115416e-12,,,,3.197553745770904e-10,0.32187262256676585,,EF8YHDto63tqRnupFkAPhbQPaXEqgVXDL1zbXdu6LM2s,-0.8910206112376975,-0.8910206112376975,-0.931610200578434,-0.8782549528810158,-0.9791616040886747,0,,1790935904,162701.0,0
standard,25.47344916668203,1,10,0,1,6,-0.588682889229112,0.27490907844783585,-0.47560808135726096,88.190635024,-0.47560808135726096,-0.19761109366667573,True,,279.3,-0.8934741849597646,-0.9038638677590805,1,0.27490907844783585,0.27490907844783585,16095.007039254942,3.2578953407926535e-07,67.405854601,-0.8934741849597646,-0.9038638677590805,E5BSMSUDeAV4QVNTKaBJsk3dXz5x46usjZCkEC7ZLf7M,73,697.2358274625877,3.080286534566347e-08,-0.7921071641183044,-0.8177804434712003,-0.8196990568264443,3.2578953407926535e-07,0.2559001529306788,,2FETgq6jJbTeaKuAPH9irM8ADCB8gx6VCqTf4Jfnca8v,-0.3734594090397114,-0.8916487290827041,-0.9030571542256463,-0.46735254978145035,-0.9054516424761236,1,,1790936022,53358.0,1
standard,25.466504722237588,1,1,0,0,6,-0.9554738114261858,0.7094580144145948,-0.9238843500911579,624.740090075,-0.9238843500911579,-0.06461977813106079,True,,297.8833333333333,-0.9301273170867502,-0.9301273170867502,0,0.7094580144145948,0.7094580144145948,16095.006946848018,3.2578953220879654e-07,67.405854214,-0.9301273170867502,-0.9301273170867502,6ZKuLQd5Acuky5bpHFCedGpmvkJKwtxd4W7rvGS8pump,23,334.7596392445733,2.3398343090906046e-08,-0.05371819911609832,-0.056455587917099925,-0.05643022956459687,3.2578953220879654e-07,0.2757848518124566,,DiH9VJPdmFVicaiDooond1CtnfJ3fK7yaoQaNf5zrncW,-0.9276190823259732,-0.9278868965778645,-0.9281815038564537,0.12251597324206709,-0.9281795736889723,0,,1790936047,169.0,0
dust,25.460671388904252,1,70,0,0,6,-0.97352736296229,7.7017948218944134,-0.7696405441033649,18.207923767,-0.7696405441033649,-0.5240478904586854,True,,212.53333333333333,-0.9658750801381977,-0.9773392807590326,0,7.7017948218944134,7.7017948218944134,30.24992372360087,6.123084340260996e-10,0.126686615,-0.9658750801381977,-0.9773392807590326,BFMvk6pPYct62gp2gYbgYtNWn1drtyj6NMqnHCkSpump,28,1.7503997219050809,8.735341293289379e-12,,,,6.123084340260996e-10,0.00038176945544332597,,GZqE7QVRVNdxEqG9HzrU49As5K95V5gXTcRbsmB3GXns,-0.9429352820872587,-0.9624482264460291,-0.9773392807590326,-0.8405652575841144,-0.9857337563752764,0,,1790936068,266.0,0
standard,25.445671388904255,0,2,0,0,4,0.0,4463.392553636905,4463.392553636905,26.076728319,4463.392553636905,4427.377195704607,True,,300.6333333333333,4393.384665357107,4393.384665357107,0,4751.489727779988,6162.526451547235,16095.006840353215,3.2578953005316577e-07,67.405853768,4420.551380106797,4420.551380106797,GqemxZqeMM9M9z9jA5b4Unpa6HUkhssPpeKW3egpump,300,1310786.939607867,0.006860357834148212,,,,3.2578953005316577e-07,4415.454625212466,1,BBBeU8BEHrH2PkTai55xEFKPzwfF936S6peEmhT3b49x,4536.394923156205,4744.049497554988,6150.536308134546,4451.588196029457,21056.637527604606,0,1,1790936122,0.0,0
standard,25.425393611126477,1,9,0,0,6,-0.9388622688189393,0.6787328438741962,-0.8973660826664018,312.017704613,-0.8973660826664018,0.4217107257189472,True,,299.4166666666667,-0.9226488721650106,-0.9248821040310813,1,0.6787328438741962,0.6787328438741962,16095.007377841554,3.257895409328178e-07,67.405856019,-0.9226488721650106,-0.9248821040310813,Bcxk19PmCJbFfCTDpAaMDL8wRZNHDAL4WkpLRdFkVa25,31,371.50104998669093,2.4025990412311237e-08,-0.22665436070791534,-0.2680987151181432,-0.2814561835625051,3.257895409328178e-07,0.30421172693534637,,ADw3BDbsYmRmh2XdMRm1o7ZBWAaayaiM6w8hsBPZnDyB,-0.9139610400482878,-0.9206097768937376,-0.9248821040310813,-0.5426173870003151,-0.9262530333431861,0,,1790936195,1246.0,0
standard,25.410393611126477,1,4,0,0,6,-0.01784331729756128,12.081870771420839,11.848446800400684,190.15057230300002,11.848446800400684,8.618616246617345,True,,43.516666666666666,-0.9475687938194455,-0.9475687938194455,0,14.071159002328313,14.071159002328313,16095.006840353215,3.2578953005316577e-07,67.405853768,-0.9475687938194455,-0.9475687938194455,2impoKAog7wGw2frpzDdFFCeq7XkKHtUUvLi9ygwpump,31,66.07919257521797,1.845928389119115e-08,-0.9956733508809847,-0.9956733508809847,-0.9955901167162521,3.2578953005316577e-07,0.27578250655455694,,6Gd9ayiyjo3eJEHnQFCbY3TYrkmS12WQBUXE46miruYX,-0.9440781887509713,-0.9444092789703319,-0.9444092789703319,11.12098721895123,-0.9433398492327891,1,,1790936249,0.0,1
standard,25.372893611126475,1,31,0,1,6,-0.27392733672337255,0.30420801959083876,-0.0530502097489437,679.4146265659999,-0.0530502097489437,0.1442061191000208,True,,290.26666666666665,-0.8974771158924973,-0.9288494921082993,1,0.47521812088004123,0.47521812088004123,16095.00695257868,3.2578953232479463e-07,67.405854238,-0.8974771158924973,-0.9288494921082993,3kCar7DQx1jkknzcszvhEKT1LvEDC171ChFniGYNZBNE,114,252.51658621155528,2.1867094472344055e-08,-0.8736297519555598,-0.9248634841844812,-0.9291194624048952,3.2578953232479463e-07,0.26187099372799394,,5wuoato3e9LR2fHbSPjvN9178A3QqbKbKsbdwLuDwGQk,-0.791852906139509,-0.8974771158924973,-0.9288494921082993,0.16660808886174694,-0.9328796897914334,0,,1790936384,270.0,0
dust,25.341782500015366,1,43,0,0,4,-0.946082526582346,4.063505493905948,-0.7269885771321812,1.4421134290000002,-0.7269885771321812,-0.5147036023820737,True,,150.4,-0.9662499572330936,-0.976575476847636,0,4.063505493905948,4.063505493905948,8.36440714576407,1.693094200096665e-10,0.035030119,-0.9662499572330936,-0.976575476847636,Av7a9XQUepFGGZboYKW73rX9WDWWq6TWm5eV1sQkpump,15,1.3041870703019387,8.912709411063969e-12,,,,1.693094200096665e-10,0.005029173063908043,,8Yf6LyGC4DjWVKst8qYwQPZ5797a2h3cDfoNvu9evX4y,-0.8303377838848403,-0.9632785735990184,-0.976575476847636,-0.7269885771321812,-0.9473584552439249,0,,1790936496,3031.0,0
dust,25.32983805557092,1,2,0,0,6,-0.8744164337934931,3.2616016588580266,-0.46481286592904336,5.363420712,-0.46481286592904336,-0.5643728093125022,True,,278.68333333333334,-0.914856549472316,-0.914856549472316,0,7.863365895428961,7.863365895428961,32.748961310909934,6.62893083615273e-10,0.137152579,-0.914856549472316,-0.914856549472316,J8wvyiWvWpmMmZiwy6njy2iCtNuKVJeKP7YBGGcxpump,70,21.868462229767026,1.305643410259042e-09,,,,6.62893083615273e-10,0.14974386935686068,,6R6n66ApLobSA7rzwheRrKjpxa9JaMPL8uzXo7TJPzpn,-0.6414234890478159,2.3242305110667303,1.2529642084170938,-0.5720161586586323,0.9696138676517037,0,,1790936539,53422.0,0
standard,25.318171388904254,1,1,0,0,6,-0.9560881747836667,0.8069393226159942,-0.9206539962887668,320.60557777400004,-0.9206539962887668,0.162440009749109,True,,161.98333333333332,-0.9246124454097135,-0.9246124454097135,0,0.8069393226159942,0.8069393226159942,16684.6990351762,3.475374701088369e-07,69.875483402,-0.9246124454097135,-0.9246124454097135,2MxPaecuwXNDW5txCmkKdRTqPgafdF2gGNDwLbztpump,18,517.5561147087357,2.7280928931081093e-08,0.14050286038476023,-0.04263568984900834,-0.010689859606716645,3.475374701088369e-07,0.2966674436297956,,AQ86mvQgVmvQM1ebJhRAFtVhkh8BUwyjnbg6x8LKvA5T,-0.9246124454097135,-0.9128100768306117,-0.9240369678937571,-0.7740317943095454,-0.9215021939287938,0,,1790936581,0.0,0
dust,25.28622694445981,1,397,0,0,4,-0.943505443227652,0.0003488095587396156,-0.9434857373862331,2.208721304,-0.9434857373862331,-0.5725349480557422,True,,221.06666666666666,-0.9727041937457355,-0.976883238290832,0,0.0003488095587396156,0.0003488095587396156,52.400286188244266,1.0606683663605606e-09,0.219452285,-0.9727041937457355,-0.976883238290832,GS7NaF299mYuKegTSo5aBnjFiy5YeW9HXAk4ACXGpump,16,3.117010789338568,1.5681465210896182e-11,,,,1.0606683663605606e-09,-0.39986492919644223,,BbwSsnPZPN1D4pKjz38srBVpyGLzhDm42TcxpguV3cSp,-0.9400457406570462,-0.9645540549258034,-0.976883238290832,-0.9434857373862331,-0.985215487037948,0,,1790936696,193.0,0
standard,25.283449166682033,1,2,0,1,6,-0.10420911617069206,8.897339087906694,7.865946129114294,1029.772696159,7.865946129114294,7.852532278522634,True,,129.9,-0.9427538431331094,-0.9427538431331094,0,10.998808304022399,10.998808304022399,16095.006840353215,3.2578953005316577e-07,67.405853768,-0.9427538431331094,-0.9427538431331094,89PNM5oG8RkTSbnRKySNX9HSXXKtVSBDyF9X2Rf5pump,54,139.36051652912082,1.9420435928249243e-08,-0.9931685166253152,-0.9929666147567047,-0.9932764790429544,3.2578953005316577e-07,2.183400867968538,,21Q2MZcKAxCvYqYdMNYv7BF5tAq8Vxh2NHXfgFLmAyqV,8.611501051795978,-0.9427342594086061,-0.9376423853276366,7.8949600046715815,-0.9403896253968628,1,,1790936706,0.0,1
standard,25.244282500015366,1,2,0,0,6,-0.0015667561597533242,11.140328165644059,11.121307231709109,214.881315516,11.121307231709109,8.87647452598016,True,,116.55,-0.9453308864823975,-0.9453308864823975,0,33.95609850245627,33.95609850245627,16095.006840353215,3.2578953005316577e-07,67.405853768,-0.9453308864823975,-0.9453308864823975,DnCm7FPiUGcWPAXNyaPAavh3zRhGwWp6B3isCQC5pump,47,46.394965614740215,1.8514033226103584e-08,-0.9954868060032821,-0.9954136979708678,-0.9953117101215122,3.2578953005316577e-07,0.27578250655455694,,4AUHxskfqDvTvLWQnwLUGxPnb6bJpAUnui7T2BdzzrAJ,14.292251738209837,-0.9452941889694769,-0.9444080240474766,10.631531402476105,-0.9431717979915368,0,,1790936847,0.0,0
standard,25.220393611126475,1,322,0,1,6,-0.8709938222865206,0.4796807213967951,-0.8091120458962756,291.526329883,-0.8091120458962756,0.24414509964322328,True,,295.1166666666667,-0.9178320588325954,-0.9178320588325954,1,0.4796807213967951,0.4796807213967951,16095.006964517559,3.257895325664572e-07,67.405854288,-0.9178320588325954,-0.9178320588325954,Dzr6UwhJVH6rnVpQyaCCTLv7Jxu6bPRCM4Hbmv3yoysw,36,500.21759144925227,2.6829000475975515e-08,-0.5582381219881605,-0.5565158286126527,-0.5685913553695892,3.257895325664572e-07,0.23959866341341018,,DCi4MuCkaGhU1jqUbnV1Vy3U7FG1waB15f7XRdAZqbj4,-0.9102736649812558,-0.9178320588325954,-0.9153442138464838,-0.8156674031092129,-0.9176492864438401,1,,1790936933,431.0,1
standard,25.196782500015363,1,1,0,0,6,-0.016721939744071768,10.07565481187991,9.890448379489515,151.55920345,9.890448379489515,8.627616536175827,True,,15.7,-0.9454685074775461,-0.9454685074775461,1,14.803072750484576,14.803072750484576,16095.006840353215,3.2578953005316577e-07,67.405853768,-0.9454685074775461,-0.9454685074775461,8b8JgvCYH1mmnG9kwKmsm4Lb8AQ9eeTRjVJtPsNtpNfz,17,31.656460039879796,1.818729026029767e-08,-0.9949858227295394,-0.9949858227295394,-0.9948739231366598,3.2578953005316577e-07,0.2757799026507304,,DRN5VCaLuRtqZJbRigk7ZtzrXXx6JyPPzH9xme1brmA7,-0.9454548591604642,-0.9453933612704393,-0.9453933612704393,9.797517041118178,-0.9441747245304977,0,,1790937018,0.0,0
standard,25.183171388904253,1,1,0,0,6,-0.05916754073530184,0.7294909194704073,0.6271611950413074,303.37696356,0.6271611950413074,0.16040755744365742,True,,250.88333333333333,-0.9436129244837324,-0.9436129244837324,0,2.253120397344799,2.253120397344799,16095.006906255827,3.257895313871435e-07,67.405854044,-0.9436129244837324,-0.9436129244837324,8vzN3kBtNA2R22gjHZzRn8ETF4roN37pSmwFeovapump,17,149.98345101292998,1.9589379765160155e-08,-0.9628200629326269,-0.9629067734139293,-0.9630467209009305,3.257895313871435e-07,0.3385169517864306,,3fBFNoPmkCLxkz2uHiuPDFxi6xVYXUoeU6bGkgrVs8fT,-0.9393896758965063,-0.9395022491698924,-0.9396433411002713,0.22419068470402914,-0.9398710582204631,0,,1790937067,167.0,0
dust,25.149282500015364,1,4355,0,0,6,-0.990286026793878,2.554978078917333,-0.9654670381930461,2.759985991,-0.9654670381930461,-0.9220143311634178,True,,119.85,-0.9837096123087489,-0.984241562138227,0,2.554978078917333,2.554978078917333,43.5196820227458,8.809102658289029e-10,0.182260334,-0.9837096123087489,-0.984241562138227,G3CcaL3AFxmXTiQ1pJ9rptmmyFxqCpSLaZbScTaHpump,12,2.257094443460486,1.015082925055134e-11,,,,8.809102658289029e-10,0.0008190359781097278,,9yU9jyAufmWjd2Eq7kZYi6PChu8iWyzbCzg4WYnkFiGp,-0.9728636409060767,-0.9806720324445661,-0.984241562138227,-0.9341414540202533,-0.9884768861888562,0,,1790937189,214.0,0
standard,25.136782500015364,1,31,0,0,6,-0.9176532832107139,0.758186242880309,-0.8552191353947162,324.884325288,-0.8552191353947162,0.22743180021132625,True,,125.1,-0.9195346988382271,-0.9250223900058313,1,0.758186242880309,0.758186242880309,16095.006957115454,3.257895324166264e-07,67.405854257,-0.9195346988382271,-0.9250223900058313,mjyQSLCLucDkECNL64WHNZLqs3UG2zL1pHDjtsvwyFP,31,384.97251359640836,2.418730847843636e-08,-0.439249505654283,-0.4821303892708456,-0.48721034952262365,3.257895324166264e-07,0.2297350389114925,,6RKk4NEHxDCG7zxioBiy9a3NtwxTUHP5QYM3MERe72o5,-0.9134266657677289,-0.9186812552471242,-0.9250223900058313,-0.7068615340966447,-0.9257578710432441,0,,1790937234,212.0,0
dust,25.055393611126476,1,1,0,0,6,-0.7497110919329626,0.19247413862460028,-0.7015369499454678,0.14618418500000002,-0.7015369499454678,-0.1131027696432475,True,,297.21666666666664,-0.7907647880495117,-0.8065953359107687,0,0.863819863797513,4.6426210491148145,22.551667591115727,4.564830111164814e-10,0.094446335,-0.7907647880495117,-0.8065953359107687,2y54EyxmNkM74z9ucd9tf1eSkzytxT2JkHXhzTQKpump,71,2.070076736996374,1.647568190313182e-11,,,,4.564830111164814e-10,0.026087451843409104,,568uNQ8nFYxhCcbj3z9ETmECbL5YSB1TPDdKvQgpXxMd,-0.6869396850120578,-0.36743210674361193,-0.6588680150145863,-0.5793630122071276,-0.9639073492289778,0,,1790937527,2181.0,0
dust,24.977893611126476,1,217,0,0,6,-0.08153097487718508,1.0466448403432018,0.8797798912826598,0.069291686,0.8797798912826598,0.2885277013621903,True,,255.56666666666666,-0.03293778391631408,-0.03293778391631408,0,1.9285844192297241,1.9285844192297241,8.266331163782239,1.6732420009666504e-10,0.034619377,0.020680537531653442,0.020680537531653442,J3FLTppCNjBHKZiYtf7vjdARi3u7c193LrpNFB9Kpump,33,3.5470436076356324,1.0653492345188435e-10,,,,1.6732420009666504e-10,0.000589129020703627,,4SCnNJRNBGrc7Vx9ELRLXP77YD4cRR87CAfwukuTWNoa,0.1267306448498875,0.7596249772912633,0.36761396647918554,0.48604706324588554,-0.36330235919049403,0,,1790937806,13269.0,0
standard,24.971504722237587,1,308,0,1,5,-0.3502343499474855,1.134702960249201,0.38705665663534927,687.522048839,0.38705665663534927,0.3774165202179045,True,,298.18333333333334,0.0798203190116995,-0.5576407936630285,0,5.911804794046757,5.911804794046757,16095.007246991438,3.2578953828419525e-07,67.405855471,0.0798203190116995,-0.5576407936630285,7NELwkCyL2crujChTgtdKpR1jn2UHTe115v25rUSpump,299,1408.4051734117154,4.2330766762447716e-08,1.6579291714707605,-0.6062022732728297,-0.9063247630987242,3.2578953828419525e-07,0.3774165202179045,,F5jQWstPUV7tfHDZPrHjg81ynev62VMV8qWMfgsnbDS2,1.2528009752383045,3.3726297690543685,-0.5184280789230085,0.5475977317914489,-0.8700671390941921,0,,1790937829,1008.0,0
standard,24.965393611126476,0,1,0,0,6,-4.1473284595472393e-07,4497.113797530216,4497.11193201468,4996.7541762360015,4497.11193201468,4441.085459126428,True,1,78.81666666666666,-0.9467134096988357,-0.9467134096988357,0,4584.314252780892,4584.314252780892,16095.006840353215,3.2578953005316577e-07,67.405853768,-0.9467134096988357,-0.9467134096988357,y97jcvhYL9ExrDQNHHzKx62tt9rX5Mb6gy1cfn8pump,21,24.179003699179844,1.8169471598448954e-08,,,,3.2578953005316577e-07,0.2757825052630851,,Bxg1mgHK9Tyt5wL9a2BUXoH7qS5eHfVBZWRvB9NpvQKP,4584.293808740875,-0.9454042499447586,-0.9461242054140194,4490.415217777718,-0.9442294183134619,0,1,1790937851,0.0,0
standard,24.962060277793142,1,1,0,0,6,-0.8504926454048256,0.7137791735787027,-0.7437774093979439,362.646951171,-0.7437774093979439,0.5430415384006677,True,,140.61666666666667,-0.9232956295730047,-0.9238772345013259,0,0.7137791735787027,0.7137791735787027,16095.006841547105,3.2578953007733204e-07,67.405853773,-0.9232956295730047,-0.9238772345013259,9MThyrgKzndJZrJEnYZRBPPxsspifnv8bMeLRYz1pump,14,436.225499435853,2.555587481628058e-08,-0.7006338502520013,-0.7029037708197174,-0.6938486273661167,3.2578953007733204e-07,0.37717807438866124,,GNtG4uviy2ntzq5WPVXGnRfEvX3cJMvJGGQ5EVc9fPzu,-0.922953879147104,-0.9232956295730047,-0.9238772345013259,-0.7104271683905543,-0.921557102187371,0,,1790937863,0.0,0
standard,24.949838055570922,1,1,0,0,6,-0.23972334863846068,1.7294987323576612,1.0751741561324488,813.482147973,1.0751741561324488,0.7728583315137638,True,,299.8833333333333,-0.04413486106642073,-0.8769608336293401,1,3.300402326198866,3.300402326198866,16095.006977889105,3.257895328371194e-07,67.405854344,0.42869451253176893,-0.8769608336293401,FnNcduPcyrAuJKxcZjtzSYnNoSkyNnPnjKVqoafu7vqh,156,472.6830298641713,2.4839065922400823e-08,0.33542321294806876,-0.9399229105745458,-0.9632596251443385,3.257895328371194e-07,0.2559169297684849,,FuTcwLx1tmkKLVSVV7fyBfEgUSPkB4ZHPsoD33ipYCaA,2.661190622795997,2.0565393530121914,-0.8769608336293401,1.0158472138052619,-0.9237573236129127,0,,1790937907,1871.0,0
standard,24.948449166682032,0,2,0,0,6,-0.0010792617190403808,10.963383357604732,10.950471735916663,163.179997832,10.950471735916663,9.392220744574326,True,1,98.8,0.27578250655455694,-0.9451505180051392,0,65.8831306130937,74.7394920861335,16095.006840353215,3.2578953005316577e-07,67.405853768,9.390484813781743,-0.9451505180051392,EwSwuiA5JJ788WV66h7kLed2M1uKK6dbn67cSbeQpump,71,50.99123216994408,1.8502914021528434e-08,,,,3.2578953005316577e-07,0.27578250655455694,,5cZ925n6ckfUma76kqeu4pweAMHaHqfDi4QgvLizSXTP,14.766994741768238,62.78316882117181,-0.9451065925703557,10.369807241818316,-0.9432059280158299,0,1,1790937912,0.0,0
standard,24.914282500015364,1,3,0,1,6,-0.08677035413714695,0.32195903542600757,0.20725218176729165,99.108858226,0.20725218176729165,0.13675832340097682,True,,299.75,-0.6158303340218931,-0.8900722139944287,0,0.32195903542600757,0.32195903542600757,16095.00832483345,3.257895601014983e-07,67.405859985,-0.6158303340218931,-0.8900722139944287,Gui3XrXZfBnwpXaYcAQVgaYT5MCXVxjwuYB1CotNpump,172,778.7860548333626,3.257064745560685e-08,-0.6330090865281979,-0.879736692530733,-0.9171883897303006,3.257895601014983e-07,0.2669746833747042,,EuCTz7cjHZhBiUBiAGSPMysjpGVSWk85BGeaRs9FPZ9V,-0.14012806325592686,-0.580354992995952,-0.8528553392598637,0.014607017737038985,-0.9000255028262428,0,,1790938035,44048238.0,0
standard,24.85622694445981,1,1,0,1,6,-0.9457768903635293,0.5899372948319894,-0.9137886557472115,671.8528028960001,-0.9137886557472115,0.021082595109050084,True,,238.26666666666668,-0.9258074349013673,-0.9261506527939226,0,0.5899372948319894,0.5899372948319894,16095.006950907238,3.2578953229096186e-07,67.405854231,-0.9258074349013673,-0.9261506527939226,bCWhqH4p2YL9jKVXZi7qNnh6XTFdosFRATrkydWpump,25,371.30570244606764,2.3930182846188507e-08,-0.13860124517667116,-0.1433917676827241,-0.14799042804301765,3.2578953229096186e-07,0.2750678249774119,,3gQUmZiQ9LYQuGK2t9B1Amf4RJvJqc9JwsiNdFFoH8vR,-0.9229752086128905,-0.9257376554090025,-0.9261506527939226,-0.3943036066122946,-0.9265471094853456,0,,1790938244,197.0,0
standard,24.81372694445981,1,1,0,0,6,-0.7092481765135681,8.954814690624449,1.8943805237685787,292.17592147900007,1.8943805237685787,4.216695122506547,True,,52.71666666666667,-0.9438374508547853,-0.9438374508547853,1,8.954814690624449,8.954814690624449,16095.006840353215,3.2578953005316577e-07,67.405853768,-0.9438374508547853,-0.9438374508547853,Hsi5YarPjv9L94FeyEEsa2gHiUg5AM2neCrdjdbjMe4G,16,63.372984418012685,1.8729772091989548e-08,-0.9805675442827703,-0.9805675442827703,-0.9801372332608691,3.2578953005316577e-07,0.2757799026507304,,7Fg3itff85sxwrum3HKsMVYCjdxxnPScVEsaPxofPryg,-0.943158185927655,-0.943755078643055,-0.943755078643055,1.6911992268865035,-0.9425095948021012,0,,1790938397,0.0,0
standard,24.742615833348697,1,1,0,0,6,-0.980839362974236,3.257145931446617,-0.9184303720418433,2561.6044428239998,-0.9184303720418433,0.9221712407487628,True,,198.45,-0.9261654057237656,-0.9261654057237656,0,3.257145931446617,3.257145931446617,16095.006879035185,3.2578953083615275e-07,67.40585393,-0.9261654057237656,-0.9261654057237656,3wM6yYFPyMowWFZ4sUuSPc9iNUYmJvUA579AyBZepump,21,498.69379460342213,2.5569157949989834e-08,-0.01479075327752144,-0.025082820108963677,-0.037832196537169294,3.2578953083615275e-07,0.3286722554428039,,4VcxuRVTxj2F22YmUVGMWsLwdXfwd4WVgo6P4woy9Dxh,-0.919274365972706,-0.9196368482839116,-0.9204763683462729,0.16614580280151414,-0.9215163302382201,0,,1790938653,82.0,0
standard,24.721782500015365,1,1,0,0,6,-0.8675254221114623,0.9407573799349771,-0.7428989853090495,397.93461471300003,-0.7428989853090495,0.35760479677802315,True,,126.2,-0.9262958225760561,-0.9274896784440563,0,0.9407573799349771,0.9407573799349771,16425.23446968331,3.378829313437474e-07,68.788846364,-0.9262958225760561,-0.9274896784440563,BJrqBp6vfYXgZzDtpq7EWa1EE93KxY59io4n2udfpump,16,424.96310253357154,2.5316077979045657e-08,-0.7144171162766968,-0.7179695239899959,-0.7085752847699336,3.378829313437474e-07,0.32232254738907806,,2wizeCkUbAdcz86rdejRAso9a9YaQwovi3zK7FAcgwCu,-0.925538234348999,-0.9262958225760561,-0.9274896784440563,-0.74321848261327,-0.9250744100083287,0,,1790938728,0.0,0
