trial,mint,pool,mig_t,signal_t,entry_px,stop,exit_t,exit_px,reason,partials,gross_ret,net_ret_2usd,net_ret_5usd,net_ret_20usd,net_ret_100usd,net_ret_1000usd,net_ret_10000usd
T1-H4-current,2bQBNJfkGLsCkKEHJUgdFnPoQvDqpW6SYoJ6Zfrtpump,4cftQSYQhW2RcASwQR3hW3J4UVGc4u2YCvY4PmZ4B86j,1790996261,1790999880,9.036824e-07,7.412245e-07,1791000060,7.412245e-07,price_stop,0,-0.17977,-0.22422,-0.20971,-0.20381,-0.20974,-0.28851,-0.64454
T1-H4-current,7GUnr7krtQhJwd6ASY2VUprd9t4c64zcgCsjdmZepump,BRjMA8UALNp3diTKHfdeAn5riQrYPoaYez7KhYWD4oEs,1790216955,1790220960,1.957415e-06,1.621732e-06,1790222520,4.633186e-06,trailing_stop,1,1.03703,0.95576,0.80497,0.81252,0.80374,0.84137,0.48458
T1-H4-current,DXrrBJMjK3xAV7YvuWAg42aeJHck3GmJmcN78HfDpump,GjTcKLhAALa5P3cN9GnU4hGQb1aCTfvjVe6X9vpjScC6,1790633893,1790639340,9.728593e-07,8.332874e-07,1790639460,7.571628e-07,price_stop,0,-0.22171,-0.26501,-0.25056,-0.24455,-0.24977,-0.32165,-0.65447
T1-H4-current,DS6ePhDssKU2aW4Wyw424CRC7fYDHygmNu4cyMCc5vq4,3G8tvCiP7JnTWBr78WrgDFyTAS17VAcw9kDYDv7vmbrL,1790603769,1790607960,1.418626e-06,1.261679e-06,1790607960,1.261679e-06,price_stop,0,-0.11063,-0.15656,-0.14211,-0.13608,-0.14115,-0.21263,-0.57135
T1-H4-current,CAELXnujtLuKSQPkxzQ3Siv8ShvT8sduZvBUNJ8WJ85C,8XaHRBqF6jGjsB7sMEzpNfvAJeCusTvhzK1WcF3AkUGw,1790387553,1790393700,9.088245e-07,7.870948e-07,1790393760,7.870948e-07,price_stop,0,-0.13394,-0.17973,-0.1651,-0.15921,-0.16556,-0.2488,-0.62481
T1-H4-current,jLz71QZfjnZZMLjUaCBw7KmUyftkkNq8NkWi2u9dyap,Ax9GpoBxTKb19NMj4eJhNsy163xuUGmFKrLpELeQK7LX,1790345473,1790352240,1.218633e-06,1.002649e-06,1790353560,1.470424e-06,trailing_stop,1,0.33884,0.27246,0.29265,0.30119,0.29483,0.23907,-0.37541
T1-H4-current,CvUX4G2tzq7J3ECmNvWZLayZYV6KpgQp6SJ5K8Uvsu5g,8VHKSU5pij3V5DVKFQv1WceEzwKeZQpSZiCh9rja2G6N,1790207810,1790211900,2.688331e-06,2.198898e-06,1790211960,2.185999e-06,price_stop,0,-0.18686,-0.23018,-0.21607,-0.20983,-0.21265,-0.26178,-0.54683
T1-H4-current,BM2k8mJUbMthHoioykyUm2NjMrXvLBYhoXruwYLpump,51iLLzeznQMpJAJMNn4RiDRn3qybdYPD2vU7MbnrUwxM,1790575751,1790580240,1.499174e-06,1.310097e-06,1790581260,2.049636e-06,trailing_stop,1,0.44271,0.37473,0.39438,0.40264,0.39612,0.30102,-0.26622
T1-H4-current,2EUKLvNQ63YCmjSDyJ14Tzj7ASeHGXgseYWrKAa2mine,6iYoSjHFnBYLAoXAk9okj1GLDWhTtsCMUzr6WCDU7Lgm,1790606100,1790611020,9.824210e-07,8.014773e-07,1790611380,7.037194e-07,price_stop,0,-0.28369,-0.32548,-0.311,-0.30486,-0.30936,-0.37411,-0.67789
T1-H4-current,4ByRNjKEQbtexsJie54vCdPnSuSWibWHn49dAXmcpump,HMbMsCJ1JBjhmqdbSbQvopXm3WkCpsAvJZNycrgEy8mf,1790819890,1790826720,1.022244e-06,8.347239e-07,1790827200,7.071891e-07,price_stop,0,-0.3082,-0.34934,-0.33488,-0.32869,-0.33281,-0.39392,-0.68462
T1-H4-current,6Fzn6PtAiVFvweUibxAiqQrofo138k9YZtJ1HK9EVShp,6J6TPVj8ZkcV6ymCv7tNQvAJWSyR3GF8SK8USRPxFqu5,1790522062,1790527620,9.376918e-07,7.942233e-07,1790527680,7.942233e-07,price_stop,0,-0.153,-0.19857,-0.18377,-0.17773,-0.18364,-0.26286,-0.62682
T1-H4-current,BZERM5ET7txBTK4mM8pA3fph64marhkvTGEXiwM3pump,GPB1BYWPJShRr6V8my1DFYRZAPzrdGBCLmHVH7SH8P8w,1790813803,1790818980,9.526099e-07,8.022925e-07,1790819520,1.005739e-06,trailing_stop,1,0.21677,0.15412,0.17379,0.18202,0.17528,-0.26837,-0.54568
T1-H4-current,5kcJz9yt7y2xdYccwnkU2mDS3x8zBNQiYtPk6DPWBiZr,7vcrajjy2n5Dry3XH8D2X6Gjyymdwjp2Mc3bokgSVb8z,1790428388,1790432880,2.092887e-06,1.688453e-06,1790432940,1.602691e-06,price_stop,0,-0.23422,-0.27764,-0.2628,-0.25618,-0.25891,-0.30781,-0.58437
T1-H4-current,9J8W8BaSMBxrGbd65XiTvhdx2ov4iJskEPqTiU2wzBJL,EMhiveXJ8bKWHdARDTttEua8u2xJ84BsTqnVrP88aBW3,1790401629,1790413320,9.049739e-07,7.373988e-07,1790413620,7.373988e-07,price_stop,0,-0.18517,-0.22967,-0.21505,-0.20906,-0.21485,-0.29245,-0.64502
T1-H4-current,5xxnT772vG9jMGJp7XNXkKzdErUFBnzGdszGL5mVpump,5XSP6ffQypEHLGPr5zWtjDEw2EVxQ8oLrXLtMZmjPX6n,1790156899,1790170320,2.506867e-06,2.190119e-06,1790170620,1.834663e-06,price_stop,0,-0.26814,-0.30992,-0.29555,-0.28909,-0.29138,-0.33528,-0.59099
T2-H4-relaxed,7xm3vqykDZVuYqiC2HcTf3VerfmhAieCPZmeJX8qpump,59GuPXEBHGwzkeMasS6UZCjaXFKwhV3cZJfYCbjisGi4,1790187315,1790193300,5.531602e-07,4.482082e-07,1790194620,7.657210e-07,trailing_stop,1,0.45817,0.39056,0.40942,0.41618,0.40313,-0.03579,-0.59487
T2-H4-relaxed,2QHXWq5TK64JbMptwMBP1BsfhrxZRRv9JsLa17X7pump,B7XU9FYpuKgjEhM5HwyR9qAHXL3Juyz3CcgPuuiAbKki,1790787841,1790801580,8.830949e-07,7.697684e-07,1790802120,7.697684e-07,price_stop,0,-0.12833,-0.17373,-0.15943,-0.15377,-0.16054,-0.24715,-0.63027
T2-H4-relaxed,JERpqiXG9wLuWcbSi51uaqjYzTDd6Tj9VGgpAgik6EW,4LykWqvVpE1LmSSYN585EFewvkgFPePnWGojopWsUXPp,1790920802,1790930820,3.243579e-07,2.800967e-07,1790931300,2.800967e-07,price_stop,0,-0.13646,-0.18354,-0.16889,-0.1639,-0.17546,-0.30211,-0.72529
T2-H4-relaxed,FdqkwEGXhyvZ8huTDDHLQE2ZnTEfTQQ964vEqQhDrWAQ,3gcFdPjJF2ZS6udTywbVhaSx2yaH1HpWqU7LzgKKVAUx,1790388212,1790395260,5.823983e-07,5.022525e-07,1790395380,5.022525e-07,price_stop,0,-0.13761,-0.18338,-0.16882,-0.1633,-0.17164,-0.27204,-0.67158
T2-H4-relaxed,DFx7Rww2Njg4P4Bv3SUHaN5pkFbB4zR23nGthjSBpump,475tov4a5SxcmU97GX9ZKmHoXKKfLxk4tPd1zkcHN1R1,1790369829,1790375940,5.761946e-07,4.697872e-07,1790376600,4.574745e-07,price_stop,0,-0.20604,-0.2505,-0.23568,-0.22986,-0.23709,-0.32726,-0.69239
T2-H4-relaxed,7jvc4ksnZFCguYLEpUywX7NpZ8rpW4W1thxdcC4iAufJ,FqRtMr65yuueikwgoNDb2YAzPp3mQnwphyguqZUzo6vE,1790464785,1790469360,1.412965e-06,1.134006e-06,1790469360,1.134006e-06,price_stop,0,-0.19743,-0.24179,-0.22698,-0.22062,-0.22469,-0.28664,-0.60462
T2-H4-relaxed,HBfgHb4h5BTg2hgZaP4j7VXHMxGQUgnr4oDXESKXpump,ApJcvYTXyyR9pMuAFL9atFqFKSbhswd5Ua3ATySha3K,1790729292,1790736000,5.254652e-07,4.318040e-07,1790736420,4.309598e-07,price_stop,0,-0.17985,-0.22446,-0.20998,-0.20451,-0.2128,-0.31203,-0.69629
T2-H4-relaxed,Av6wmbqNiowHpmHx7J2j9mnuUcoey4fdkTkFwgVzpump,8azt6UrS4Pxb9ow4EZYQJSGxC1SU895vPGxLkcaqdaQf,1790751856,1790755560,1.535442e-06,1.354133e-06,1790755620,1.354133e-06,price_stop,0,-0.11808,-0.16374,-0.14932,-0.14326,-0.14803,-0.21653,-0.56681
T2-H4-relaxed,9NyBpUhofRBe9VDCLDDEYhPDYBPcEiYfQDaGnUFrjDwt,Bh8XPiJpZXs8e6XzHY11VcPwyjBZwZg1t1K3SogyNnfa,1790386201,1790393700,7.438299e-07,6.629497e-07,1790393700,6.534160e-07,price_stop,0,-0.12155,-0.16767,-0.15307,-0.14738,-0.15476,-0.2472,-0.64122
T2-H4-relaxed,36RKUDQu5sJggjnRcWnAomH8dSmv1gq5zgVQ73DrBear,GvGUCGaKLMDqjRbrPBHV2UY9eyaAdWGCfk5Krv9HUiMo,1790664962,1790669880,9.364188e-07,7.540807e-07,1790670120,7.229366e-07,price_stop,0,-0.22798,-0.27125,-0.25672,-0.25069,-0.25592,-0.32799,-0.65952
T2-H4-relaxed,5uGSy15crXqbgxo8ZKkbaKGyFUcmE8Gdmoj2WQeSn8v6,DaP2d66qKDXGMsTLfGQNxMXwdc9z4JkBr4Gx1BYNPDVm,1790545236,1790549220,7.298489e-07,6.213514e-07,1790549220,5.350411e-07,price_stop,0,-0.26692,-0.30977,-0.29495,-0.28882,-0.29431,-0.36851,-0.693
T2-H4-relaxed,Ckbi3ZcnctfTGGPk1oLWmRYp6mKcuWxJ274PTf2hpump,68WSv1nzUPskB3ajrB1niAVystKrYg1RBHRo2Q8trFYY,1790839637,1790846100,3.025579e-07,2.901987e-07,1790846280,2.861183e-07,price_stop,0,-0.05434,-0.10263,-0.08863,0.0148,-0.09876,-0.24829,-0.71773
T2-H4-relaxed,26VsYcDJ4Vv8C1TbbCg8K9ZQau8xre6CK1CD2hdEpump,Gko2ceqFsNjPbwdt9vVzNKUBHC5vjjviWAYbHzgsCi81,1790998356,1791005700,8.608975e-07,8.049353e-07,1791005700,8.049353e-07,price_stop,0,-0.065,-0.11226,-0.0978,-0.09219,-0.09972,-0.19401,-0.60713
T2-H4-relaxed,CjkD1qwNPVP9VKshVn2BzqxiPtmdSnwA8SNV9HJBpump,3kYRNXZVPa5euQ68BvwZoSaWz2QgCmHboZAUsQvJeVZq,1790189011,1790200800,9.153672e-07,8.154913e-07,1790201220,7.681403e-07,price_stop,0,-0.16084,-0.20495,-0.19094,0.01666,0.01098,-0.27471,-0.6428
T2-H4-relaxed,HqpDva4NgV5WxovPEGcZMAjy9r87eKj8f9qmrY83wcKf,E9EUj1Q52L5MrXALu89fJRJB12miTQxAeE5fDLM4bvtu,1790388135,1790393880,7.474606e-07,6.221169e-07,1790394720,6.584147e-07,trailing_stop,1,0.14733,0.08578,0.10577,0.1141,0.10702,-0.30196,-0.63986
T2-H4-relaxed,2bQBNJfkGLsCkKEHJUgdFnPoQvDqpW6SYoJ6Zfrtpump,4cftQSYQhW2RcASwQR3hW3J4UVGc4u2YCvY4PmZ4B86j,1790996261,1790999880,9.036824e-07,7.412245e-07,1791000060,7.412245e-07,price_stop,0,-0.17977,-0.22422,-0.20971,-0.20381,-0.20974,-0.28851,-0.64454
T2-H4-relaxed,H84WaLY2dkqpc5ujpLHdmwLQzPPz4bsdGsgsK6pxeQBL,k27Z643KMQUigyqwerY4z9QDnhXzwrpAmuowK4qjjEy,1790213452,1790219280,5.436007e-07,4.420762e-07,1790219400,4.420762e-07,price_stop,0,-0.18676,-0.23019,-0.21633,-0.21119,-0.21971,-0.32007,-0.70318
T2-H4-relaxed,8C45BmADgZjG3KPCNHCW37XxJujj96A1U8rJb13HWbag,FhAJpZh2BYH2oafdA6p3BRFqMwRYX9P469sXnLES454F,1790525985,1790530260,3.669067e-07,3.189959e-07,1790530440,3.136772e-07,price_stop,0,-0.14508,-0.19187,-0.17722,-0.17206,-0.18269,-0.30187,-0.71652
T2-H4-relaxed,6weQ1xmYGVDnCe2R3CdRDX5BvXPDg4G2TJhABa8Vpump,9ZDCPk4UifwASL8siGtXPmRhhCih8PrF1brDpttnLv3n,1790798383,1790802420,4.903226e-07,3.994254e-07,1790802660,3.976589e-07,price_stop,0,-0.18899,-0.23335,-0.21915,-0.21388,-0.2226,-0.32488,-0.70905
T2-H4-relaxed,2SWXLespX4sC3rzMnbS4pXyUt6aVqSaZK8X7fg8ppump,8dpF2FsAGpWHzXeZSYg9rDXSXVmt5P5Yvq9gDaCvJrB,1790614246,1790619120,2.901305e-07,2.376206e-07,1790620440,2.264869e-07,price_stop,0,-0.21936,-0.26397,-0.24953,-0.24453,-0.25539,-0.08975,-0.66703
T2-H4-relaxed,6nNdopDSgM5vn2hTgfWWkM9xE5fqZ6NqhJSBBygveNc8,Ac5rF5VkE8kdSNSf4vA8kkfSJAmigwJVnMTwu1Vr2eQe,1790390377,1790404380,4.265511e-07,3.509363e-07,1790404800,3.437359e-07,price_stop,0,-0.19415,-0.23892,-0.22442,-0.21908,-0.22819,-0.33389,-0.71946
T2-H4-relaxed,CLsGDf5QSp62QsxSGYuZetaA4WEGmKuq7XvKwkFcpump,AQsQp6n4pdNAVR2TbHPaCawX4Z8SGH8BrcRNvKAQ6U5v,1790639241,1790642940,9.382746e-07,7.574564e-07,1790643120,7.574564e-07,price_stop,0,-0.19271,-0.23665,-0.22225,-0.21636,-0.22207,-0.29861,-0.64734
T2-H4-relaxed,7nRWuyJygdXypZCdVHjDCBRrpf4Xof4mdH3mQtjipump,GnUronrRDa9ZS8WqZpQ7T3DeR8cbyojeSu5N7kF3yTf1,1790668119,1790671920,4.691467e-07,4.254991e-07,1790672460,4.487358e-07,negative_flow,0,-0.04351,-0.09134,-0.07704,-0.07215,-0.08337,-0.20912,-0.66712
T2-H4-relaxed,7u5XWQeE6QuMxEdTEB4SrjEiH8G6CJwTqxbAQeNqRwnz,E4riEhzsuvR36S3RNdUQXmVZm2pVY36ePPLgQYbCeyVS,1790076970,1790080920,3.474173e-07,2.802808e-07,1790081400,2.802808e-07,price_stop,0,-0.19324,-0.23794,-0.22382,-0.21892,-0.2295,-0.34665,-0.74124
T2-H4-relaxed,FVsZHrjBWRJA7nBk6XNJ2Jg9M8v4MPsVdprpg3EAgMHr,7McrNmv2mZ4u9XpdqSuPtm1iiTWhYjsUA7APZx6ZivuL,1790188414,1790197260,1.588871e-06,1.327538e-06,1790197380,1.226248e-06,price_stop,0,-0.22823,-0.2705,-0.25649,-0.25047,-0.25434,-0.31323,-0.61739
T2-H4-relaxed,8HJY9GTiEGgPoUAs3YSRiwLUukZKhKcH1ngqLB8qcBxx,3o2QaESTB6epYfkLzWndPXhhDZYJsrh5LRsv2ETGPDHa,1790883419,1790897280,6.395554e-07,5.813416e-07,1790898180,6.354201e-07,time_flat,0,-0.00647,-0.05508,-0.04077,-0.03565,-0.0456,-0.16144,-0.62187
T2-H4-relaxed,5C7JRjLwW3GvEe1EP6ppok5o8BbcgWFBqLBF3KpjngKH,7HHZULU3qXW5oo3xwDXgYrQmtiuMoPspnQD8mizvcAuo,1790881418,1790888460,6.537549e-07,5.834331e-07,1790888760,5.574119e-07,price_stop,0,-0.14737,-0.19227,-0.17806,-0.17264,-0.18057,-0.27688,-0.66828
T2-H4-relaxed,DW79CfEpK5MLabxWUUAEqFff99hkkkiyQFhGPRZxpump,2hzLncp1rXrBNaoKEYkEK8b87jhMLNRrUj6dKCwUDZsP,1790415893,1790419500,4.737861e-07,3.825063e-07,1790421300,1.107927e-06,trailing_stop,1,0.89774,0.81794,0.81099,0.81701,0.79782,-0.08207,-0.61796
T2-H4-relaxed,HNazMWySREpLBoyEdsXPPzvvc4eZ6avQDwqBko3vpump,HzDFmnkKpBXwoQJkPAuhEg3GLATstxFs2rprWSSp7hqJ,1790505716,1790509320,4.915352e-07,4.197113e-07,1790510460,4.435341e-07,negative_flow,0,-0.09766,-0.14509,-0.13016,-0.12468,-0.1342,-0.07238,-0.60547
T2-H4-relaxed,RuDKzjxqfv3Tq3X6dqSX1JrphXxXV3xntwPNdFrdDvE,642EHMvBRtryZZs11kC2RkbR6nF7BrYEm5EuszsGy3Go,1790775144,1790783280,4.276981e-07,3.535816e-07,1790784060,3.192742e-07,price_stop,0,-0.25351,-0.29658,-0.28219,-0.27674,-0.28494,-0.38198,-0.73837
T2-H4-relaxed,7GUnr7krtQhJwd6ASY2VUprd9t4c64zcgCsjdmZepump,BRjMA8UALNp3diTKHfdeAn5riQrYPoaYez7KhYWD4oEs,1790216955,1790220960,1.957415e-06,1.621732e-06,1790222520,4.633186e-06,trailing_stop,1,1.03703,0.95576,0.80497,0.81252,0.80374,0.84137,0.48458
T2-H4-relaxed,5H7CxPsc7Pcjz6bjf9RJqG2ECYNyyPa2STwBZZSTpump,2vbb9b59EHEU2h9q7MwgBMn2ah3urQ1EcgQ9Hi4MXgkA,1790549718,1790557320,3.300849e-07,2.711492e-07,1790557320,2.650423e-07,price_stop,0,-0.19705,-0.24234,-0.2278,-0.22267,-0.2331,-0.34933,-0.74184
T2-H4-relaxed,2jcvq8QcJ8TzEYJKYMCjR61kXVSzib4mEkz89tQxpump,72tZoSAHAutvD7dP2fNC56aASLxbPXro9jBPohZ8aAvY,1790152341,1790160540,1.360290e-06,1.121334e-06,1790161920,1.874083e-06,trailing_stop,1,0.51622,0.44667,0.46615,0.47414,0.46648,0.36033,-0.29693
T2-H4-relaxed,3dMEcjM8s9PPPVsw9YxprmZnhYsnqKmhqghfaM1etA9q,G943i6c4uTQDxCPqazKifE8rUH1sxxBsGV6PL2QA3hm9,1790418682,1790423340,1.351919e-06,1.180607e-06,1790424060,9.942069e-07,price_stop,0,-0.2646,-0.30738,-0.29253,-0.28606,-0.28962,-0.34635,-0.63773
T2-H4-relaxed,si1u9ctHoUjQvQXVhUeTGdLptDvp2aRxFcD5jWYFuEh,7eL5bkbTQGXScQyJ6fqEm4BJAo4T6v52irKUWVAT4NiY,1790842297,1790846640,7.477254e-07,6.124255e-07,1790846700,5.510038e-07,price_stop,0,-0.26309,-0.30525,-0.29091,-0.28506,-0.29081,-0.3668,-0.69512
T2-H4-relaxed,AV9TkfXb8LcAgjKuVBpp7qhaL6wHuAdEtBsgsduQpump,HYU7woAVxao45T4Q5TuGRgowpimG7b3RGT1Ln1e13WwZ,1790822365,1790828040,2.050309e-06,1.679168e-06,1790828460,1.463922e-06,price_stop,0,-0.286,-0.32777,-0.31316,-0.30662,-0.3091,-0.35512,-0.61429
T2-H4-relaxed,DXrrBJMjK3xAV7YvuWAg42aeJHck3GmJmcN78HfDpump,GjTcKLhAALa5P3cN9GnU4hGQb1aCTfvjVe6X9vpjScC6,1790633893,1790637540,4.962038e-07,4.556061e-07,1790638740,1.030027e-06,trailing_stop,1,0.67984,0.60585,0.62518,0.63158,0.61516,0.54257,-0.45767
T2-H4-relaxed,36ef5aQyrEFRDMyRk3fBdcvDPHNjARi5bDG9ryPoWRWX,H6CUzpa5JL4b4k7t6hZzV1M8y7Vo8Q1Q87e4BbGPffaQ,1790551374,1790560140,7.851621e-07,6.947215e-07,1790560860,9.510137e-07,trailing_stop,1,0.28338,0.21841,0.20717,0.21541,0.20767,0.17385,-0.44189
T2-H4-relaxed,14kH2osUyEJnqBZ7yFK4pLKJGuPZU4pr1enhi2ZLEmRw,4X3wyYcGk6GzVR8nmsfXeZcGniAehAE7yPiTALoUfRAy,1790455242,1790461440,5.991685e-07,4.881275e-07,1790461800,4.787945e-07,price_stop,0,-0.2009,-0.24524,-0.23057,-0.22481,-0.23205,-0.32216,-0.68884
T2-H4-relaxed,2PENPmfgJfq6CG3k4byj4oWwHf8SerqakmYHMkUupump,ENiVH49XwRM3Cu9n4Tp6CGynCFXf3Mz6CE3GRmVk1LH4,1790205774,1790211360,2.117284e-05,1.698270e-05,1790212020,1.504791e-05,price_stop,0,-0.28928,-0.33007,-0.31584,-0.30898,-0.30851,-0.32384,-0.44923
T2-H4-relaxed,DS6ePhDssKU2aW4Wyw424CRC7fYDHygmNu4cyMCc5vq4,3G8tvCiP7JnTWBr78WrgDFyTAS17VAcw9kDYDv7vmbrL,1790603769,1790607960,1.418626e-06,1.261679e-06,1790607960,1.261679e-06,price_stop,0,-0.11063,-0.15656,-0.14211,-0.13608,-0.14115,-0.21263,-0.57135
T2-H4-relaxed,DkQYd9q2p7VSruiKhj54wu4F9CbyqruCRKFewg3dpump,5Mp4Z17NNdanseQa2yqg2eEE5xVSognN3ffDgksWeCm1,1790812557,1790817660,4.173294e-06,3.712681e-06,1790817780,3.592525e-06,price_stop,0,-0.13916,-0.18431,-0.16975,-0.16315,-0.16515,-0.20684,-0.47272
T2-H4-relaxed,CAELXnujtLuKSQPkxzQ3Siv8ShvT8sduZvBUNJ8WJ85C,8XaHRBqF6jGjsB7sMEzpNfvAJeCusTvhzK1WcF3AkUGw,1790387553,1790393640,8.778543e-07,7.812143e-07,1790393940,7.772223e-07,price_stop,0,-0.11463,-0.1609,-0.14628,-0.14046,-0.14719,-0.23401,-0.62127
T2-H4-relaxed,367vwbRPVi2vgEZqdEwEoMYNo5ESdypuznPT3isdpump,6huJftiwUiC9xubhBWEFEdjrs5TcWqsA7Tvcjuke2tow,1790648206,1790653140,7.945204e-07,6.390507e-07,1790653560,7.132284e-07,trailing_stop,1,0.17808,0.11654,0.11147,0.11958,0.11247,0.24583,-0.5438
T2-H4-relaxed,9fno96crbJq887w3DuDFFaurYE7sHA8GrtZutzSa72j2,6ESQ9LFmXPXhWo68u46zQ9VW2KbtuTxXzj7PFeyGT2bt,1790498496,1790502180,4.788616e-07,4.119953e-07,1790502240,3.642596e-07,price_stop,0,-0.23932,-0.28382,-0.26874,-0.26282,-0.2702,-0.36143,-0.71686
T2-H4-relaxed,9DvtnrMoGWwGpBQUqMWhTxxtRjsuuBPE6Uu9ZNn5pump,3pzfLes3BE3KycXhxLsKzNNrxfT8dcEsaMApkPLLDu9v,1790107586,1790114700,3.448365e-07,2.870497e-07,1790114820,2.861316e-07,price_stop,0,-0.17024,-0.21577,-0.20151,-0.1966,-0.20752,-0.328,-0.73384
T2-H4-relaxed,GXo4tjMfYxijNBoQZFkUXcMv8as8S7qDytVGxYVKpump,EUNo9M2WPsmZ7LaPH7gGpFyAL9x9TXL6NUnRJ2ZudaD5,1790383833,1790387460,4.907527e-07,4.320051e-07,1790391360,5.967977e-07,trailing_stop,1,0.27841,0.21332,0.21178,0.21956,0.20912,-0.01433,-0.58814
T2-H4-relaxed,jLz71QZfjnZZMLjUaCBw7KmUyftkkNq8NkWi2u9dyap,Ax9GpoBxTKb19NMj4eJhNsy163xuUGmFKrLpELeQK7LX,1790345473,1790352240,1.218633e-06,1.002649e-06,1790353560,1.470424e-06,trailing_stop,1,0.33884,0.27246,0.29265,0.30119,0.29483,0.23907,-0.37541
T2-H4-relaxed,C31VDb574hdxuQm2LWs3G2UCdsxnUw1ff9mKE6xCpump,CqnUuYYX1LqZYZVLx3naJoSfEWiokQjKqnXT6h16WuVB,1790975865,1790980800,3.548673e-07,3.011226e-07,1790981280,2.979042e-07,price_stop,0,-0.16052,-0.20615,-0.19198,-0.18713,-0.19814,-0.31947,-0.72968
T2-H4-relaxed,DAemPFNc3RtibBDKkUA4eL2Ns11q9VRdbpptmqm8DGqN,7rZ5eyRfGRavGTFG9jSoG77MNnVkQRr6DNeGpxiFk2ca,1790468726,1790476020,2.130498e-05,1.825126e-05,1790476080,1.629636e-05,price_stop,0,-0.23509,-0.27846,-0.26347,-0.25622,-0.2557,-0.27158,-0.40254
T2-H4-relaxed,yFcTuQJCMsd1Asya15GZ7h4KGdxsujRLcUiTWWXpump,CBnBZf7o1hZ2eAiqyCSVKTXrbNF8BLkuNeX65mPpd41C,1790239191,1790243340,6.479307e-07,5.568497e-07,1790243940,7.459383e-07,trailing_stop,1,0.27139,0.20883,0.2275,0.2347,0.22474,0.2332,-0.64589
T2-H4-relaxed,12V1bCbgyt36opKRToPSaBkrXE9sSc96K9cNcAonpump,2Y6oKhyVTGZqB8DCzUkXvzPxHtzAyotoJuAyEbBCyAuj,1790364859,1790370420,2.742581e-05,2.223034e-05,1790370960,2.142435e-05,price_stop,0,-0.21883,-0.26258,-0.24758,-0.24031,-0.23965,-0.25401,-0.37556
T2-H4-relaxed,924hu8kGVQLAJLEZ4Y7xjVEWKi6nYvrQTdQLJnjyohoZ,8WLUsj3X4fRVWEKgRucMAUFCH5jTveNfiBRrdCrzzqsR,1790420536,1790424660,7.924900e-07,7.132920e-07,1790424720,6.705989e-07,price_stop,0,-0.15381,-0.19923,-0.18455,-0.17869,-0.18533,-0.27099,-0.64545
T2-H4-relaxed,5PuMW1WfwGWdhkyis8Zji16WoEWVr7CcAFR9Uo1Dpump,CMaCdwGc432Q5ZY5ED1sUTCuKeXyeSNQXbq2mUMX652Q,1790869085,1790874180,7.055557e-07,6.591450e-07,1790874240,6.138355e-07,price_stop,0,-0.13,-0.17545,-0.16115,-0.15565,-0.16339,-0.25842,-0.65352
T2-H4-relaxed,AQU6fgVLHMSSZbXBkcTcnwtbBkgj1ZSgUwD2csiHpump,HCXRjedgzaeWL5cQm1WLi4G3rbygrab9JZuYgWZdxErX,1790440123,1790444700,3.327490e-07,2.854029e-07,1790444940,2.789943e-07,price_stop,0,-0.16155,-0.2078,-0.19325,-0.18821,-0.19923,-0.32099,-0.73109
T2-H4-relaxed,AEVjdvYXXDRBSkt4V7HJ8oL8qVSG3quWCTHvQ7LApump,48iVS1iRT3zkFceU43eRyvxd12qVNXvNf3u4AYC4mzTo,1790180148,1790184600,4.030797e-07,3.327793e-07,1790184900,3.327793e-07,price_stop,0,-0.17441,-0.21898,-0.2052,-0.20042,-0.21081,-0.32643,-0.72725
T2-H4-relaxed,DvNcJZTiSMD1RBCtZ2J31mh7s42CVCwrzGapv1Lypump,mnnen34cBuJJ7Pvfdb2PN7WHgRvCMzcTej4bAgUiXob,1790810211,1790816700,6.340884e-06,5.385030e-06,1790816700,4.865794e-06,price_stop,0,-0.23263,-0.27552,-0.26092,-0.25409,-0.25492,-0.28452,-0.48998
T2-H4-relaxed,CvUX4G2tzq7J3ECmNvWZLayZYV6KpgQp6SJ5K8Uvsu5g,8VHKSU5pij3V5DVKFQv1WceEzwKeZQpSZiCh9rja2G6N,1790207810,1790211900,2.688331e-06,2.198898e-06,1790211960,2.185999e-06,price_stop,0,-0.18686,-0.23018,-0.21607,-0.20983,-0.21265,-0.26178,-0.54683
T2-H4-relaxed,DRG67aZrzfeSjTa2YfFZvcioYEALwBFt4rgQckiPui8T,8JTFWsXE34YY57fh7YdoEpGXC6CGKM3zDonvrJd2uAxK,1790896722,1790900460,4.749971e-07,3.848675e-07,1790900640,3.712764e-07,price_stop,0,-0.21836,-0.2623,-0.2479,-0.24246,-0.25071,-0.34885,-0.71869
T2-H4-relaxed,BM2k8mJUbMthHoioykyUm2NjMrXvLBYhoXruwYLpump,51iLLzeznQMpJAJMNn4RiDRn3qybdYPD2vU7MbnrUwxM,1790575751,1790580240,1.499174e-06,1.310097e-06,1790581260,2.049636e-06,trailing_stop,1,0.44271,0.37473,0.39438,0.40264,0.39612,0.30102,-0.26622
T2-H4-relaxed,2EUKLvNQ63YCmjSDyJ14Tzj7ASeHGXgseYWrKAa2mine,6iYoSjHFnBYLAoXAk9okj1GLDWhTtsCMUzr6WCDU7Lgm,1790606100,1790609760,7.302192e-07,5.887747e-07,1790610600,1.135827e-06,trailing_stop,1,0.74079,0.66543,0.68486,0.69178,0.67807,0.51406,-0.42764
T2-H4-relaxed,5hpck3FaHXqhQnL4RwwdaNQFeBka6CpoVBxT1dWupump,EKF533bniHb623Ki8wRftvzjHzFisSNHvFGAi5vcShaM,1790922051,1790929620,4.551884e-07,3.924025e-07,1790930340,3.740713e-07,price_stop,0,-0.17821,-0.22377,-0.20902,-0.2035,-0.21231,-0.31616,-0.70564
T2-H4-relaxed,FFPSq1ByV2XdPTj2UkSPRe14NoQydUkarBLeNfXd1gdj,B1fNSrNTLtgUxe7Yzsd47cwFhStXtWvoJafnUPGaBsB5,1790533923,1790543460,5.076416e-07,4.350956e-07,1790545080,1.182882e-06,trailing_stop,1,1.11179,1.02621,1.04605,1.05189,1.03078,0.79658,-0.41792
T2-H4-relaxed,9dZDiEh3DQy2adYqwnoG6Hap3YNWgLWW7hqJxUPuZ6HS,arkLvtTrDCiVpGbBMn9PXfA2yNaUwKhBTy7unqEKyRg,1790250805,1790257260,7.124647e-07,5.955197e-07,1790257500,5.955197e-07,price_stop,0,-0.16414,-0.20807,-0.19418,-0.18885,-0.1964,-0.28885,-0.67
T2-H4-relaxed,H4hRz96AMoMLZznhak5Lq2VEE5BHcKg2VBvsPcB1pump,J19KFuKCYr4zr4haAtXn6MbDnLRjRpzytsvsr4WNi9Ng,1790462017,1790467680,5.744489e-07,4.776569e-07,1790467860,4.488363e-07,price_stop,0,-0.21867,-0.2626,-0.24791,-0.24214,-0.2493,-0.33854,-0.69849
T2-H4-relaxed,67wZm2AsV5qYrUas73nJNExzo5Ja2Myjnk5fXQ6ceBqG,4afuCHnMVRHGHyDQuorXc43dD9RZpZhUo43EeDBDEEtq,1790547836,1790557920,4.114186e-07,3.419865e-07,1790558820,4.268376e-07,time_flat,0,0.03748,-0.0132,-0.20195,-0.19666,-0.20627,-0.1522,-0.65555
T2-H4-relaxed,AcLikAFXDoE4Cpy72UMkujpp6k5hWtenGwTwNapzzDv2,5WHjJxMyCwSdP8oFD5rfHFysw8s8jgybEVhhYYNcwG4i,1790180865,1790187120,3.430992e-07,3.180033e-07,1790188020,3.663028e-07,time_flat,0,0.06763,0.01693,0.03045,0.03406,0.01765,-0.15068,-0.6804
T2-H4-relaxed,EHJbGf1dPexKsy2GvahP88qeofnWErm5Cy4y5dWRpump,DpBRbN8AXrBLxkPkAhreTAZg4BaKtW4phksq8s414TYa,1790381930,1790386920,6.261880e-07,5.399937e-07,1790386920,4.931365e-07,price_stop,0,-0.21248,-0.25665,-0.24189,-0.23602,-0.24285,-0.32938,-0.68779
T2-H4-relaxed,G59zeXWwXMw2bb6UJD1ceELXRhNkLXHkYrtBYBV5agnt,Ac9V1XvCdyF7oreiHhQjZDwT1zy8kGKnhAcwk2U3kAvC,1790244859,1790249760,2.649485e-06,2.193825e-06,1790249880,2.193825e-06,price_stop,0,-0.17198,-0.21528,-0.20141,-0.19532,-0.1984,-0.24976,-0.54406
T2-H4-relaxed,5tCju6YNxHq5zrA6tGndr6F7TK42mpUFmeE31cSFpump,8ewuF2o8ACro7fqWepZ3tKhkbBjndZU4Ldk9scRPw83d,1790586789,1790590740,3.988511e-07,3.238642e-07,1790590800,3.238642e-07,price_stop,0,-0.18801,-0.23301,-0.21874,-0.21362,-0.22337,-0.3342,-0.72619
T2-H4-relaxed,29REVVLFoM2ERuSTt2p86zsn9q7CxTNuzHPw29dnpump,ETQ52D2podCHczQHvFrNAQw3XWggJJjdzmAb2zCGBCz5,1790976694,1790980620,3.516423e-05,2.879943e-05,1790980620,2.102208e-05,price_stop,0,-0.40217,-0.4409,-0.42627,-0.4191,-0.41802,-0.42729,-0.50906
T2-H4-relaxed,WApCdQftZcRUNHN9S2XvmrqeRtRASE3EZxnwuNJpump,6oFYqfsSqApyhS1XN4VBB9uA5GpdAMp7RjiPMszXbUJi,1790641667,1790655600,4.509343e-07,3.750724e-07,1790655720,3.750724e-07,price_stop,0,-0.16823,-0.21308,-0.19894,-0.19384,-0.20338,-0.31274,-0.71091
T2-H4-relaxed,CM69VvR611vNwDVCQ7VhUXAv9kTNak9RxCSvYHSiCyBh,9mXmePZqTsBi1L4fR6KGyAPtUgmS6XdJy7LRFtFKENoL,1790933567,1790937960,3.632510e-07,3.023035e-07,1790939520,3.023035e-07,price_stop,0,-0.16778,-0.21402,-0.19934,-0.19412,-0.20439,-0.1,-0.64723
T2-H4-relaxed,9VREH2LV68i7ktj96ZmkbUF29rc22Z7iVNdHGwEXpump,EsGvxxP8ECsADiLx4o5dqeNvyQpvxXVdugnR7bPDeFsZ,1790311423,1790318520,3.185461e-07,2.624123e-07,1790319360,3.412122e-07,trailing_stop,1,0.24931,0.1854,0.20443,0.21104,0.19674,-0.39165,-0.68421
T2-H4-relaxed,Fvto3QgSLbcWdq331BoR66RDkT7dZYgTS9JzbntMf7rD,65m5eb4WW7w18HJQ9CbzHR1gqUMor8RrmH1dKP2S8wLn,1790338815,1790352900,6.486758e-07,5.255591e-07,1790353680,8.899097e-07,trailing_stop,1,0.60617,0.53325,0.55319,0.56053,0.54783,0.39372,-0.4986
T2-H4-relaxed,FU36e3gRF3oJUgef7Xn18JPUQRuN548S8PhL65rECaYV,ALxHEmdDGZayJJVMqiL8ecm8rkRNH1wvJvoSj9kT8Tve,1790777589,1790791320,5.947987e-07,5.060341e-07,1790792640,5.800380e-07,negative_flow,0,-0.02482,-0.07286,-0.05864,-0.05361,-0.06378,-0.03331,-0.58072
T2-H4-relaxed,AQJ7hZRjtGLZ2H1pvPZCVxK1nKwtffLeeaUTzt7Kpump,EFc6GPHBdhNatkFoYYS8CpjDHy8GQD11N5S87H3pkPrp,1790371010,1790382300,6.648798e-07,5.516024e-07,1790382300,5.516024e-07,price_stop,0,-0.17037,-0.21552,-0.20079,-0.195,-0.20215,-0.29207,-0.66792
T2-H4-relaxed,E4vwseNWpkBxzNxyv3msVLCzYHU5SXrj1QWXEycypump,CehXCosbGS31heNL6VotLqaSnFHZy8XmNWEyWEeXikrZ,1790555075,1790567220,3.411400e-06,2.758629e-06,1790567760,2.756615e-06,price_stop,0,-0.19194,-0.23616,-0.22141,-0.21471,-0.21672,-0.25859,-0.51852
T2-H4-relaxed,3oCn1NL6FEAsiSGsiKdFvCdrgMSomnZya3tExgAjpump,3XTtfFmDyAbpaXwqAinxi35tt4xFk3hP2VMSGGcUoanb,1790089754,1790094300,7.443634e-07,6.020890e-07,1790094780,6.794155e-07,negative_flow,0,-0.08725,-0.13365,-0.11941,-0.11401,-0.12211,-0.22084,-0.634
T2-H4-relaxed,Enk5EqQBkLNSeZnkGQzZhDW8WoqXquGD9QPSipfqPAdm,EQnnsU9dWEpMmpsr7pJPiGLHSfubVDh34HVNif9cQrHP,1790429717,1790435040,8.054244e-07,6.768695e-07,1790435160,6.691856e-07,price_stop,0,-0.16915,-0.21443,-0.1996,-0.1936,-0.19989,-0.28238,-0.64751
T2-H4-relaxed,DH1nPfpA9mBVeS4X7Roz9NN97GtuuM8zyEKaGW2a7P6,HBE6JpFPMFMShtkzGyJqpLZvWZq6M18rsu41KE8uLGnB,1790438798,1790444160,4.421120e-07,3.949679e-07,1790445000,4.509093e-07,negative_flow,0,0.0199,-0.02989,-0.01539,-0.01063,-0.0231,-0.16049,-0.65168
T2-H4-relaxed,4ByRNjKEQbtexsJie54vCdPnSuSWibWHn49dAXmcpump,HMbMsCJ1JBjhmqdbSbQvopXm3WkCpsAvJZNycrgEy8mf,1790819890,1790826720,1.022244e-06,8.347239e-07,1790827200,7.071891e-07,price_stop,0,-0.3082,-0.34934,-0.33488,-0.32869,-0.33281,-0.39392,-0.68462
T2-H4-relaxed,UgrANGx3JKUyVWiYAbDj6UmhW6xDSmNhyP41apfpump,DfHAXf6aPHne72LWNF5wWvLPyUKYoAnFFLPYsG9vyQUY,1790921605,1790929740,3.641253e-07,2.943915e-07,1790930220,2.807589e-07,price_stop,0,-0.22895,-0.27367,-0.25893,-0.25348,-0.26261,-0.36808,-0.74052
T2-H4-relaxed,jSC3hfcrTcxQzRQ3DhbhQvjB86z8ubFY5N6BsGw38pu,9o8T7xsGspSEirqinPiiDhX5dB57pTV7kmevxPzWsPdZ,1790943519,1790956020,3.100411e-07,2.512758e-07,1790956740,2.512758e-07,price_stop,0,-0.18954,-0.23485,-0.22045,-0.21549,-0.22656,-0.34784,-0.7465
T2-H4-relaxed,5cDPo1jjEEtxWf2y1HTx4WyMydVmErN3YnbYtxLVcmg9,GvCn5s1uHrnTThMAmUff8iQdhPoqhfhL1KmYi8LegMcv,1790550967,1790555100,6.887858e-07,5.854518e-07,1790556180,7.777950e-07,trailing_stop,1,0.42338,0.35473,0.20303,0.196,0.20296,0.24244,-0.47227
T2-H4-relaxed,4LjJL18pN6oMxr6Z6bMUxXy7K5CbbZTjrQ5UsSjjpiNn,WXNCv7a7qxZ1Thd6Jrg2Ap62AFmGJsFNbmZyrB4MijW,1790915608,1790919720,2.775798e-07,2.449727e-07,1790919720,2.218914e-07,price_stop,0,-0.20062,-0.24608,-0.23144,-0.22641,-0.23772,-0.3608,-0.75596
T2-H4-relaxed,DrK9ci66pPJxi9ig327XcVRs8cDzs7frXXoHWwwKvsN5,HSHCtiHwuL7qGQA9AFdU2Vp3GTvYMsMcvJy4teWdiWb2,1790050246,1790054640,1.153043e-06,9.558439e-07,1790054640,9.098700e-07,price_stop,0,-0.2109,-0.25408,-0.23983,-0.23386,-0.23875,-0.30744,-0.63691
T2-H4-relaxed,c17N1z7KdUGeUSYyAzxXPYvBT97B29Jm55xfc4N3YaW,7cd4ggjDxn9c81jA5Ba79ChbgCvqvLchg3uGZEi6Q83P,1790932155,1790938020,3.956294e-07,3.449925e-07,1790938500,3.613667e-07,negative_flow,0,-0.0866,-0.13488,-0.12024,-0.11519,-0.12639,-0.25145,-0.69269
T2-H4-relaxed,CVFwKfMD1auppBz8uEp9chVUxBPzfVqWxgejn5Lxpump,6Prw4EJE2W7MnT3WpER2nRVw7yT1sXiQ1g7GdBZvC2zk,1790557640,1790562480,4.160981e-07,3.386452e-07,1790562480,3.201413e-07,price_stop,0,-0.23061,-0.2748,-0.26032,-0.25491,-0.26355,-0.36468,-0.73285
T2-H4-relaxed,2GU7xJt4M5djAC7az3jzpFr5ApBTJK2e3LWXKrNypump,3RbHzMCHM1bSxddHKMMmZfG3VJrhBFYFNvDmsQCULMcR,1790895121,1790900280,5.711256e-07,4.910430e-07,1790901180,5.343835e-07,time_flat,0,-0.06433,-0.11159,-0.09725,-0.09208,-0.10179,-0.21466,-0.65261
T2-H4-relaxed,8r2Lgeg2aJzekpg1vLRJ2BoNUGKXqvH11Ab74eRPjd4V,9ijLcw8SQAaxys3hoz6Sue3iBtUT2U3fLmkaXQ1Y7bx3,1790942709,1790950740,3.646027e-07,3.300516e-07,1790950800,3.244912e-07,price_stop,0,-0.11001,-0.15733,-0.14293,-0.13806,-0.1496,-0.27653,-0.71026
T2-H4-relaxed,6xTAiLG4Qp7Aokm6jX6XC4pyMxNT9cnJaCuvG83tAVsB,gDxu1HaCvdW4e9RyZhceL1eSY62KxXBfvhET4cCtrJs,1790189115,1790194440,5.572591e-07,4.462034e-07,1790194740,4.462034e-07,price_stop,0,-0.19929,-0.24229,-0.22849,-0.22333,-0.2316,-0.32949,-0.70573
T2-H4-relaxed,BnAiH6Qu9cdL7gRvue8qbbE92CQRSqKox8UAtpispump,EnnS1ZvUkowA96xbdFY8k5gzEs36CMnvqUPHKXTFzkmr,1790709835,1790714880,1.178733e-06,9.454989e-07,1790714880,7.485487e-07,price_stop,0,-0.36495,-0.40488,-0.39029,-0.38385,-0.38695,-0.43832,-0.69545
T2-H4-relaxed,BhNmfTQuSdkdgVPhZ5fCJnxa1xYTPqkdjMn7LhLYhype,uvfLdQVyhhVKracMj2NyzT9L3tohpFnhAJreLdThqPV,1790647512,1790652660,1.190213e-06,9.795551e-07,1790653620,2.505512e-07,price_stop,1,-0.12444,-0.17871,-0.24381,-0.23488,-0.23766,-0.21689,-0.37948
T2-H4-relaxed,3st8R9eftjF5GnuhaeeMNGSKMFQbBxFpKg1ZrKh9tBaV,5rRthU5Ns2eR92ocvCKnpwG6P36c8RM9KEnL8d1gcVwT,1790944149,1790949720,3.852483e-07,3.090674e-07,1790949900,3.014499e-07,price_stop,0,-0.21752,-0.26211,-0.24762,-0.24231,-0.25155,-0.35788,-0.73527
T2-H4-relaxed,8gdYSwpdhgGLfskC4P7A2xvjHSBjjBVx5Exw7yCYBVy3,2Y5U6yFA7gQDmWNdbyVfPcsZD4eUDMN8x8zDJLNDeT13,1790134919,1790144400,1.719136e-06,1.559204e-06,1790144460,1.531128e-06,price_stop,0,-0.10936,-0.15542,-0.14087,-0.13468,-0.13909,-0.20444,-0.54891
T2-H4-relaxed,Bd9thw3PAeyHeBGSi4R1ARBuptpG5rM4fhB8BRWJkq1e,7brshHG5ijCodns6PUiA4qWMjqDLowtQE7x1ghwrDZag,1790671701,1790681580,3.120991e-07,2.938046e-07,1790681580,2.663708e-07,price_stop,0,-0.14652,-0.19297,-0.17857,-0.17375,-0.1856,-0.31405,-0.73429
T2-H4-relaxed,8dEKKu3ggjm6UFFzD7cdFKu99oy2ndggE8aSTEbGpump,BTEwpa1bSCXHhCgJz5MyJMFdre2JxY5Q34hiQqqiURFv,1790991923,1790997180,5.463156e-07,4.632846e-07,1790998080,5.739994e-07,time_flat,0,0.05067,0.00057,0.01486,0.01964,0.00786,-0.12434,-0.62179
T2-H4-relaxed,6Fzn6PtAiVFvweUibxAiqQrofo138k9YZtJ1HK9EVShp,6J6TPVj8ZkcV6ymCv7tNQvAJWSyR3GF8SK8USRPxFqu5,1790522062,1790527620,9.376918e-07,7.942233e-07,1790527680,7.942233e-07,price_stop,0,-0.153,-0.19857,-0.18377,-0.17773,-0.18364,-0.26286,-0.62682
T2-H4-relaxed,eNEeCdCUGGvXfaSpGNaG2fA6rL7GeMSyzUjT4XVpump,2uvHb7bavzHjX9sUhceed6iaDGvG7L8QXtAosV3k66Ab,1790109277,1790112900,1.428830e-05,1.323797e-05,1790114460,2.275430e-08,price_stop,1,-0.37831,-0.42649,-0.42048,-0.42538,-0.4239,-0.41666,-0.04338
T2-H4-relaxed,HRhf8umQ5rqxCSD7QrQeeTdoNrLg987wQDTDArj8pump,5f4vR2YC2dAfnadZBrnEp5yCvcV2YjK5tHXvWohdSqfh,1790931323,1790935680,4.888746e-07,4.439258e-07,1790936040,4.439258e-07,price_stop,0,-0.09194,-0.13915,-0.12446,-0.11914,-0.12898,-0.24285,-0.67245
T2-H4-relaxed,2Su1mp2yxnWqUagnGAbMkF76as8wi6NZs41pPXScpump,9n4wnEvNn8476Bk346bQxcdbBZEZBrYd7nDsLwtwQTh6,1790331602,1790335860,5.138547e-07,4.415881e-07,1790335980,4.159593e-07,price_stop,0,-0.19051,-0.23549,-0.22087,-0.2153,-0.22342,-0.32119,-0.70016
T2-H4-relaxed,Hd6U8SfLWCZCREYrT5XfwK2Nzat5QB3B8pbBvST4Tg5X,EB8MDKHHdwZbfHcQQeXVUyGh35zr9mJorTaSi1YKa8PR,1790468590,1790482920,2.093976e-06,1.675990e-06,1790483100,1.670648e-06,price_stop,0,-0.20216,-0.24624,-0.23148,-0.22495,-0.22795,-0.27958,-0.56966
T2-H4-relaxed,GWDAwqnTrrcLnxf49Mc1DHB7oEY7gQw2tbiRrqqee4N1,Akwr1Ms4UTj6JAeBfceaXqQSyCX4pQGrxresqB3ynV61,1790916611,1790928300,4.863919e-07,4.073819e-07,1790928360,4.073819e-07,price_stop,0,-0.16244,-0.20839,-0.19363,-0.18809,-0.1968,-0.30013,-0.69454
T2-H4-relaxed,AmaM7N43JBicpcHDbVKyGeuTjtnNhJ2yZTdWqoZpCX8b,zxdzbJo51KApX6UijLQgS5rJ5ziBAZDe1RHxqZVczYX,1790555032,1790560080,1.226155e-06,1.009263e-06,1790561400,9.925919e-07,price_stop,0,-0.19048,-0.23498,-0.22022,-0.21397,-0.21856,0.03519,-0.46556
T2-H4-relaxed,Gx92ZFATEPN1fr6Sr3weHnx2VfFNuA7QyNEe1JV8pump,6HWrcpupxmdDztZs78eGAY3k5CNre641JsbxxomTiFVb,1790813404,1790824380,6.188410e-07,5.867444e-07,1790825700,5.867444e-07,price_stop,0,-0.05187,-0.09926,-0.08501,-0.07985,-0.08937,-0.07525,-0.59244
T2-H4-relaxed,DWn2ZQtFVvZ4m9ZtWhgj7tQCFQe9RuLWEkDkdC5yu5JN,7CmVnUTJt48n8fN3ZPtQ37UTjS1BNU1tpdA3NBxDL7Gp,1790388124,1790395740,4.500150e-07,3.827448e-07,1790395860,3.826912e-07,price_stop,0,-0.1496,-0.19554,-0.18102,-0.17573,-0.18526,-0.29527,-0.70073
T2-H4-relaxed,BZERM5ET7txBTK4mM8pA3fph64marhkvTGEXiwM3pump,GPB1BYWPJShRr6V8my1DFYRZAPzrdGBCLmHVH7SH8P8w,1790813803,1790818980,9.526099e-07,8.022925e-07,1790819520,1.005739e-06,trailing_stop,1,0.21677,0.15412,0.17379,0.18202,0.17528,-0.26837,-0.54568
T2-H4-relaxed,9GW1GMaVeV41yiYYzfgQdnEf8ocGFenX8AsgvhWEARLY,Em9Ru5DrybRSZL161CtKVSCF7tEwUyJ5GaWpgTFGiBPS,1790827778,1790839200,4.405059e-07,4.026313e-07,1790839440,4.026313e-07,price_stop,0,-0.08598,-0.13297,-0.11883,-0.11399,-0.12503,-0.24828,-0.68844
T2-H4-relaxed,5kcJz9yt7y2xdYccwnkU2mDS3x8zBNQiYtPk6DPWBiZr,7vcrajjy2n5Dry3XH8D2X6Gjyymdwjp2Mc3bokgSVb8z,1790428388,1790432880,2.092887e-06,1.688453e-06,1790432940,1.602691e-06,price_stop,0,-0.23422,-0.27764,-0.2628,-0.25618,-0.25891,-0.30781,-0.58437
T2-H4-relaxed,8jpcHKbGtcwyYvo2FrkjStGpwXXpEJtrB91aWaRBpump,5NQt4hYTM9U6mG5uQbegDdHgVyAT8bLFB9typTcR6mdm,1790211863,1790223960,3.133484e-07,2.783265e-07,1790224560,2.783265e-07,price_stop,0,-0.11177,-0.15807,-0.14434,-0.14009,-0.15331,-0.29258,-0.73294
T2-H4-relaxed,9J8W8BaSMBxrGbd65XiTvhdx2ov4iJskEPqTiU2wzBJL,EMhiveXJ8bKWHdARDTttEua8u2xJ84BsTqnVrP88aBW3,1790401629,1790406960,3.156975e-07,2.681838e-07,1790407440,3.669216e-07,negative_flow,1,0.30854,0.24196,0.26169,0.26859,0.254,-0.07741,-0.6549
T2-H4-relaxed,45tPsmYeExLfo7FTDtenPNR5tkFBTza5XERis4Z1pump,A9tyH2nNGxgqKGjacFFZgFrX1MdFDpz1BGGDz9Evqx1F,1791006461,1791011820,4.532364e-07,3.698065e-07,1791012060,3.380327e-07,price_stop,0,-0.25418,-0.29739,-0.28289,-0.27732,-0.28515,-0.37925,-0.73261
T2-H4-relaxed,4c9ecKB6AN7ofM7KQ3g5XxvgEU74rMbHRLZyvCfKpump,2FVxxRg9N18GPbRdDsteYoZobWnoXde2jZtYgqESLwf4,1790822055,1790828760,2.430503e-07,1.947823e-07,1790829540,1.924829e-07,price_stop,0,-0.20805,-0.25272,-0.2385,-0.23388,-0.24632,-0.37723,-0.77284
T2-H4-relaxed,9jEbkZPhcwYCpYEiyNj5NPdj1ewNRppc7XQBSupVpump,6sCKfP4A5ZCi4ESAEAXJKbTJfry5EpL4ywMoViYrsn7h,1790442422,1790446380,3.551608e-07,3.048820e-07,1790447760,2.885578e-07,price_stop,0,-0.18753,-0.2331,-0.21852,-0.21332,-0.22345,-0.04355,-0.63169
T2-H4-relaxed,76fFhcA142kf9gdg11ahYTmEiZnPXokxJkcF1axupump,C4E4jTqFXTsCYD2UvRTXmSDDjrMuLZtwrnxNJo9XYUJr,1790591701,1790598540,6.211720e-07,5.231970e-07,1790599440,6.420362e-07,time_flat,0,0.03359,-0.01623,-0.0018,0.00325,-0.00734,-0.12944,-0.61027
T2-H4-relaxed,BBEuXn2iMJojebUERJ5tnNhcbWP9FdXDXHz6CmQ9MsmP,4hxd2VJDeF4A5Ad8peJpaYQgn6pBvoWNV6g6wUk5yzST,1790933757,1790938320,3.133783e-07,2.716229e-07,1790938440,2.716229e-07,price_stop,0,-0.13324,-0.18038,-0.16576,-0.16085,-0.17271,-0.30186,-0.72788
T2-H4-relaxed,94mo6yYt5z9t31TjS257coYsRX7b7KPTKWVRzAnuLECr,5U5CLq5r21ytNivjPe9ahardJ3ef7nDDzuAFsRe4TwF6,1790647174,1790656500,4.749498e-07,4.006078e-07,1790657700,6.602439e-07,negative_flow,1,0.43626,0.3685,0.38773,0.31319,0.38099,0.26497,-0.46366
T2-H4-relaxed,3t5uvZAcF86MTqGCLEe3tYXFWFByE9NogdsfkQJPpump,Amx3JVvCs3yC4xjxU33ubwB5W6pvkTCYAUpg9vu5o9Zm,1790731163,1790738520,5.268588e-07,4.318398e-07,1790739360,6.057053e-07,trailing_stop,1,0.36056,0.29413,0.21783,0.22543,0.21507,0.26991,-0.59689
T2-H4-relaxed,5xxnT772vG9jMGJp7XNXkKzdErUFBnzGdszGL5mVpump,5XSP6ffQypEHLGPr5zWtjDEw2EVxQ8oLrXLtMZmjPX6n,1790156899,1790166120,4.698164e-07,4.178399e-07,1790166900,6.159315e-07,trailing_stop,1,0.34012,0.27477,0.29399,0.30102,0.28858,0.27286,-0.5653
T2-H4-relaxed,EdfUDQxVihNgHf7KDjhxC3ZSdXtNr33tojuKq3rgUCfv,79CW1Udnkce4cgnszHri1aTR97cFKaZ9yU9pooCMwJes,1790663962,1790668560,7.552768e-07,6.420972e-07,1790669280,6.202289e-07,price_stop,1,0.11883,0.05826,0.07808,0.08636,0.0795,-0.29498,-0.66166
T2-H4-relaxed,4BxBot4K36N3ZZkpB9sqEocy5iBi8cUttK6s8YbHH9Jo,5AYxnhjNAV14L7foWyKUpSio6JEgxr2oUx3sMDGD9jCN,1791001348,1791011940,7.850681e-07,6.767161e-07,1791012360,6.767161e-07,price_stop,0,-0.13802,-0.18361,-0.16907,-0.16333,-0.17031,-0.25893,-0.64247
T3-H4-H8only,9NyBpUhofRBe9VDCLDDEYhPDYBPcEiYfQDaGnUFrjDwt,Bh8XPiJpZXs8e6XzHY11VcPwyjBZwZg1t1K3SogyNnfa,1790386201,1790393700,7.438299e-07,6.629497e-07,1790393700,6.534160e-07,price_stop,0,-0.12155,-0.16767,-0.15307,-0.14738,-0.15476,-0.2472,-0.64122
T3-H4-H8only,5uGSy15crXqbgxo8ZKkbaKGyFUcmE8Gdmoj2WQeSn8v6,DaP2d66qKDXGMsTLfGQNxMXwdc9z4JkBr4Gx1BYNPDVm,1790545236,1790549220,7.298489e-07,6.213514e-07,1790549220,5.350411e-07,price_stop,0,-0.26692,-0.30977,-0.29495,-0.28882,-0.29431,-0.36851,-0.693
T3-H4-H8only,Ckbi3ZcnctfTGGPk1oLWmRYp6mKcuWxJ274PTf2hpump,68WSv1nzUPskB3ajrB1niAVystKrYg1RBHRo2Q8trFYY,1790839637,1790846100,3.025579e-07,2.901987e-07,1790846280,2.861183e-07,price_stop,0,-0.05434,-0.10263,-0.08863,0.0148,-0.09876,-0.24829,-0.71773
T3-H4-H8only,CjkD1qwNPVP9VKshVn2BzqxiPtmdSnwA8SNV9HJBpump,3kYRNXZVPa5euQ68BvwZoSaWz2QgCmHboZAUsQvJeVZq,1790189011,1790200800,9.153672e-07,8.154913e-07,1790201220,7.681403e-07,price_stop,0,-0.16084,-0.20495,-0.19094,0.01666,0.01098,-0.27471,-0.6428
T3-H4-H8only,2bQBNJfkGLsCkKEHJUgdFnPoQvDqpW6SYoJ6Zfrtpump,4cftQSYQhW2RcASwQR3hW3J4UVGc4u2YCvY4PmZ4B86j,1790996261,1790999880,9.036824e-07,7.412245e-07,1791000060,7.412245e-07,price_stop,0,-0.17977,-0.22422,-0.20971,-0.20381,-0.20974,-0.28851,-0.64454
T3-H4-H8only,8C45BmADgZjG3KPCNHCW37XxJujj96A1U8rJb13HWbag,FhAJpZh2BYH2oafdA6p3BRFqMwRYX9P469sXnLES454F,1790525985,1790530260,3.669067e-07,3.189959e-07,1790530440,3.136772e-07,price_stop,0,-0.14508,-0.19187,-0.17722,-0.17206,-0.18269,-0.30187,-0.71652
T3-H4-H8only,6weQ1xmYGVDnCe2R3CdRDX5BvXPDg4G2TJhABa8Vpump,9ZDCPk4UifwASL8siGtXPmRhhCih8PrF1brDpttnLv3n,1790798383,1790802420,4.903226e-07,3.994254e-07,1790802660,3.976589e-07,price_stop,0,-0.18899,-0.23335,-0.21915,-0.21388,-0.2226,-0.32488,-0.70905
T3-H4-H8only,2SWXLespX4sC3rzMnbS4pXyUt6aVqSaZK8X7fg8ppump,8dpF2FsAGpWHzXeZSYg9rDXSXVmt5P5Yvq9gDaCvJrB,1790614246,1790619120,2.901305e-07,2.376206e-07,1790620440,2.264869e-07,price_stop,0,-0.21936,-0.26397,-0.24953,-0.24453,-0.25539,-0.08975,-0.66703
T3-H4-H8only,RuDKzjxqfv3Tq3X6dqSX1JrphXxXV3xntwPNdFrdDvE,642EHMvBRtryZZs11kC2RkbR6nF7BrYEm5EuszsGy3Go,1790775144,1790783280,4.276981e-07,3.535816e-07,1790784060,3.192742e-07,price_stop,0,-0.25351,-0.29658,-0.28219,-0.27674,-0.28494,-0.38198,-0.73837
T3-H4-H8only,7GUnr7krtQhJwd6ASY2VUprd9t4c64zcgCsjdmZepump,BRjMA8UALNp3diTKHfdeAn5riQrYPoaYez7KhYWD4oEs,1790216955,1790220960,1.957415e-06,1.621732e-06,1790222520,4.633186e-06,trailing_stop,1,1.03703,0.95576,0.80497,0.81252,0.80374,0.84137,0.48458
T3-H4-H8only,5H7CxPsc7Pcjz6bjf9RJqG2ECYNyyPa2STwBZZSTpump,2vbb9b59EHEU2h9q7MwgBMn2ah3urQ1EcgQ9Hi4MXgkA,1790549718,1790557320,3.300849e-07,2.711492e-07,1790557320,2.650423e-07,price_stop,0,-0.19705,-0.24234,-0.2278,-0.22267,-0.2331,-0.34933,-0.74184
T3-H4-H8only,si1u9ctHoUjQvQXVhUeTGdLptDvp2aRxFcD5jWYFuEh,7eL5bkbTQGXScQyJ6fqEm4BJAo4T6v52irKUWVAT4NiY,1790842297,1790846640,7.477254e-07,6.124255e-07,1790846700,5.510038e-07,price_stop,0,-0.26309,-0.30525,-0.29091,-0.28506,-0.29081,-0.3668,-0.69512
T3-H4-H8only,DXrrBJMjK3xAV7YvuWAg42aeJHck3GmJmcN78HfDpump,GjTcKLhAALa5P3cN9GnU4hGQb1aCTfvjVe6X9vpjScC6,1790633893,1790637540,4.962038e-07,4.556061e-07,1790638740,1.030027e-06,trailing_stop,1,0.67984,0.60585,0.62518,0.63158,0.61516,0.54257,-0.45767
T3-H4-H8only,DS6ePhDssKU2aW4Wyw424CRC7fYDHygmNu4cyMCc5vq4,3G8tvCiP7JnTWBr78WrgDFyTAS17VAcw9kDYDv7vmbrL,1790603769,1790607960,1.418626e-06,1.261679e-06,1790607960,1.261679e-06,price_stop,0,-0.11063,-0.15656,-0.14211,-0.13608,-0.14115,-0.21263,-0.57135
T3-H4-H8only,CAELXnujtLuKSQPkxzQ3Siv8ShvT8sduZvBUNJ8WJ85C,8XaHRBqF6jGjsB7sMEzpNfvAJeCusTvhzK1WcF3AkUGw,1790387553,1790393640,8.778543e-07,7.812143e-07,1790393940,7.772223e-07,price_stop,0,-0.11463,-0.1609,-0.14628,-0.14046,-0.14719,-0.23401,-0.62127
T3-H4-H8only,367vwbRPVi2vgEZqdEwEoMYNo5ESdypuznPT3isdpump,6huJftiwUiC9xubhBWEFEdjrs5TcWqsA7Tvcjuke2tow,1790648206,1790653140,7.945204e-07,6.390507e-07,1790653560,7.132284e-07,trailing_stop,1,0.17808,0.11654,0.11147,0.11958,0.11247,0.24583,-0.5438
T3-H4-H8only,9DvtnrMoGWwGpBQUqMWhTxxtRjsuuBPE6Uu9ZNn5pump,3pzfLes3BE3KycXhxLsKzNNrxfT8dcEsaMApkPLLDu9v,1790107586,1790114700,3.448365e-07,2.870497e-07,1790114820,2.861316e-07,price_stop,0,-0.17024,-0.21577,-0.20151,-0.1966,-0.20752,-0.328,-0.73384
T3-H4-H8only,GXo4tjMfYxijNBoQZFkUXcMv8as8S7qDytVGxYVKpump,EUNo9M2WPsmZ7LaPH7gGpFyAL9x9TXL6NUnRJ2ZudaD5,1790383833,1790387460,4.907527e-07,4.320051e-07,1790391360,5.967977e-07,trailing_stop,1,0.27841,0.21332,0.21178,0.21956,0.20912,-0.01433,-0.58814
T3-H4-H8only,jLz71QZfjnZZMLjUaCBw7KmUyftkkNq8NkWi2u9dyap,Ax9GpoBxTKb19NMj4eJhNsy163xuUGmFKrLpELeQK7LX,1790345473,1790352240,1.218633e-06,1.002649e-06,1790353560,1.470424e-06,trailing_stop,1,0.33884,0.27246,0.29265,0.30119,0.29483,0.23907,-0.37541
T3-H4-H8only,924hu8kGVQLAJLEZ4Y7xjVEWKi6nYvrQTdQLJnjyohoZ,8WLUsj3X4fRVWEKgRucMAUFCH5jTveNfiBRrdCrzzqsR,1790420536,1790424660,7.924900e-07,7.132920e-07,1790424720,6.705989e-07,price_stop,0,-0.15381,-0.19923,-0.18455,-0.17869,-0.18533,-0.27099,-0.64545
T3-H4-H8only,AQU6fgVLHMSSZbXBkcTcnwtbBkgj1ZSgUwD2csiHpump,HCXRjedgzaeWL5cQm1WLi4G3rbygrab9JZuYgWZdxErX,1790440123,1790444700,3.327490e-07,2.854029e-07,1790444940,2.789943e-07,price_stop,0,-0.16155,-0.2078,-0.19325,-0.18821,-0.19923,-0.32099,-0.73109
T3-H4-H8only,CvUX4G2tzq7J3ECmNvWZLayZYV6KpgQp6SJ5K8Uvsu5g,8VHKSU5pij3V5DVKFQv1WceEzwKeZQpSZiCh9rja2G6N,1790207810,1790211900,2.688331e-06,2.198898e-06,1790211960,2.185999e-06,price_stop,0,-0.18686,-0.23018,-0.21607,-0.20983,-0.21265,-0.26178,-0.54683
T3-H4-H8only,BM2k8mJUbMthHoioykyUm2NjMrXvLBYhoXruwYLpump,51iLLzeznQMpJAJMNn4RiDRn3qybdYPD2vU7MbnrUwxM,1790575751,1790580240,1.499174e-06,1.310097e-06,1790581260,2.049636e-06,trailing_stop,1,0.44271,0.37473,0.39438,0.40264,0.39612,0.30102,-0.26622
T3-H4-H8only,2EUKLvNQ63YCmjSDyJ14Tzj7ASeHGXgseYWrKAa2mine,6iYoSjHFnBYLAoXAk9okj1GLDWhTtsCMUzr6WCDU7Lgm,1790606100,1790609760,7.302192e-07,5.887747e-07,1790610600,1.135827e-06,trailing_stop,1,0.74079,0.66543,0.68486,0.69178,0.67807,0.51406,-0.42764
T3-H4-H8only,5hpck3FaHXqhQnL4RwwdaNQFeBka6CpoVBxT1dWupump,EKF533bniHb623Ki8wRftvzjHzFisSNHvFGAi5vcShaM,1790922051,1790929620,4.551884e-07,3.924025e-07,1790930340,3.740713e-07,price_stop,0,-0.17821,-0.22377,-0.20902,-0.2035,-0.21231,-0.31616,-0.70564
T3-H4-H8only,AcLikAFXDoE4Cpy72UMkujpp6k5hWtenGwTwNapzzDv2,5WHjJxMyCwSdP8oFD5rfHFysw8s8jgybEVhhYYNcwG4i,1790180865,1790187120,3.430992e-07,3.180033e-07,1790188020,3.663028e-07,time_flat,0,0.06763,0.01693,0.03045,0.03406,0.01765,-0.15068,-0.6804
T3-H4-H8only,EHJbGf1dPexKsy2GvahP88qeofnWErm5Cy4y5dWRpump,DpBRbN8AXrBLxkPkAhreTAZg4BaKtW4phksq8s414TYa,1790381930,1790386920,6.261880e-07,5.399937e-07,1790386920,4.931365e-07,price_stop,0,-0.21248,-0.25665,-0.24189,-0.23602,-0.24285,-0.32938,-0.68779
T3-H4-H8only,CM69VvR611vNwDVCQ7VhUXAv9kTNak9RxCSvYHSiCyBh,9mXmePZqTsBi1L4fR6KGyAPtUgmS6XdJy7LRFtFKENoL,1790933567,1790937960,3.632510e-07,3.023035e-07,1790939520,3.023035e-07,price_stop,0,-0.16778,-0.21402,-0.19934,-0.19412,-0.20439,-0.1,-0.64723
T3-H4-H8only,9VREH2LV68i7ktj96ZmkbUF29rc22Z7iVNdHGwEXpump,EsGvxxP8ECsADiLx4o5dqeNvyQpvxXVdugnR7bPDeFsZ,1790311423,1790318520,3.185461e-07,2.624123e-07,1790319360,3.412122e-07,trailing_stop,1,0.24931,0.1854,0.20443,0.21104,0.19674,-0.39165,-0.68421
T3-H4-H8only,AQJ7hZRjtGLZ2H1pvPZCVxK1nKwtffLeeaUTzt7Kpump,EFc6GPHBdhNatkFoYYS8CpjDHy8GQD11N5S87H3pkPrp,1790371010,1790382300,6.648798e-07,5.516024e-07,1790382300,5.516024e-07,price_stop,0,-0.17037,-0.21552,-0.20079,-0.195,-0.20215,-0.29207,-0.66792
T3-H4-H8only,4ByRNjKEQbtexsJie54vCdPnSuSWibWHn49dAXmcpump,HMbMsCJ1JBjhmqdbSbQvopXm3WkCpsAvJZNycrgEy8mf,1790819890,1790826720,1.022244e-06,8.347239e-07,1790827200,7.071891e-07,price_stop,0,-0.3082,-0.34934,-0.33488,-0.32869,-0.33281,-0.39392,-0.68462
T3-H4-H8only,UgrANGx3JKUyVWiYAbDj6UmhW6xDSmNhyP41apfpump,DfHAXf6aPHne72LWNF5wWvLPyUKYoAnFFLPYsG9vyQUY,1790921605,1790929740,3.641253e-07,2.943915e-07,1790930220,2.807589e-07,price_stop,0,-0.22895,-0.27367,-0.25893,-0.25348,-0.26261,-0.36808,-0.74052
T3-H4-H8only,4LjJL18pN6oMxr6Z6bMUxXy7K5CbbZTjrQ5UsSjjpiNn,WXNCv7a7qxZ1Thd6Jrg2Ap62AFmGJsFNbmZyrB4MijW,1790915608,1790919720,2.775798e-07,2.449727e-07,1790919720,2.218914e-07,price_stop,0,-0.20062,-0.24608,-0.23144,-0.22641,-0.23772,-0.3608,-0.75596
T3-H4-H8only,8r2Lgeg2aJzekpg1vLRJ2BoNUGKXqvH11Ab74eRPjd4V,9ijLcw8SQAaxys3hoz6Sue3iBtUT2U3fLmkaXQ1Y7bx3,1790942709,1790950740,3.646027e-07,3.300516e-07,1790950800,3.244912e-07,price_stop,0,-0.11001,-0.15733,-0.14293,-0.13806,-0.1496,-0.27653,-0.71026
T3-H4-H8only,6Fzn6PtAiVFvweUibxAiqQrofo138k9YZtJ1HK9EVShp,6J6TPVj8ZkcV6ymCv7tNQvAJWSyR3GF8SK8USRPxFqu5,1790522062,1790527620,9.376918e-07,7.942233e-07,1790527680,7.942233e-07,price_stop,0,-0.153,-0.19857,-0.18377,-0.17773,-0.18364,-0.26286,-0.62682
T3-H4-H8only,BZERM5ET7txBTK4mM8pA3fph64marhkvTGEXiwM3pump,GPB1BYWPJShRr6V8my1DFYRZAPzrdGBCLmHVH7SH8P8w,1790813803,1790818980,9.526099e-07,8.022925e-07,1790819520,1.005739e-06,trailing_stop,1,0.21677,0.15412,0.17379,0.18202,0.17528,-0.26837,-0.54568
T3-H4-H8only,5kcJz9yt7y2xdYccwnkU2mDS3x8zBNQiYtPk6DPWBiZr,7vcrajjy2n5Dry3XH8D2X6Gjyymdwjp2Mc3bokgSVb8z,1790428388,1790432880,2.092887e-06,1.688453e-06,1790432940,1.602691e-06,price_stop,0,-0.23422,-0.27764,-0.2628,-0.25618,-0.25891,-0.30781,-0.58437
T3-H4-H8only,9J8W8BaSMBxrGbd65XiTvhdx2ov4iJskEPqTiU2wzBJL,EMhiveXJ8bKWHdARDTttEua8u2xJ84BsTqnVrP88aBW3,1790401629,1790406960,3.156975e-07,2.681838e-07,1790407440,3.669216e-07,negative_flow,1,0.30854,0.24196,0.26169,0.26859,0.254,-0.07741,-0.6549
T3-H4-H8only,45tPsmYeExLfo7FTDtenPNR5tkFBTza5XERis4Z1pump,A9tyH2nNGxgqKGjacFFZgFrX1MdFDpz1BGGDz9Evqx1F,1791006461,1791011820,4.532364e-07,3.698065e-07,1791012060,3.380327e-07,price_stop,0,-0.25418,-0.29739,-0.28289,-0.27732,-0.28515,-0.37925,-0.73261
T3-H4-H8only,4c9ecKB6AN7ofM7KQ3g5XxvgEU74rMbHRLZyvCfKpump,2FVxxRg9N18GPbRdDsteYoZobWnoXde2jZtYgqESLwf4,1790822055,1790828760,2.430503e-07,1.947823e-07,1790829540,1.924829e-07,price_stop,0,-0.20805,-0.25272,-0.2385,-0.23388,-0.24632,-0.37723,-0.77284
T3-H4-H8only,9jEbkZPhcwYCpYEiyNj5NPdj1ewNRppc7XQBSupVpump,6sCKfP4A5ZCi4ESAEAXJKbTJfry5EpL4ywMoViYrsn7h,1790442422,1790446380,3.551608e-07,3.048820e-07,1790447760,2.885578e-07,price_stop,0,-0.18753,-0.2331,-0.21852,-0.21332,-0.22345,-0.04355,-0.63169
T3-H4-H8only,3t5uvZAcF86MTqGCLEe3tYXFWFByE9NogdsfkQJPpump,Amx3JVvCs3yC4xjxU33ubwB5W6pvkTCYAUpg9vu5o9Zm,1790731163,1790738520,5.268588e-07,4.318398e-07,1790739360,6.057053e-07,trailing_stop,1,0.36056,0.29413,0.21783,0.22543,0.21507,0.26991,-0.59689
T3-H4-H8only,5xxnT772vG9jMGJp7XNXkKzdErUFBnzGdszGL5mVpump,5XSP6ffQypEHLGPr5zWtjDEw2EVxQ8oLrXLtMZmjPX6n,1790156899,1790166120,4.698164e-07,4.178399e-07,1790166900,6.159315e-07,trailing_stop,1,0.34012,0.27477,0.29399,0.30102,0.28858,0.27286,-0.5653
T3-H4-H8only,EdfUDQxVihNgHf7KDjhxC3ZSdXtNr33tojuKq3rgUCfv,79CW1Udnkce4cgnszHri1aTR97cFKaZ9yU9pooCMwJes,1790663962,1790668560,7.552768e-07,6.420972e-07,1790669280,6.202289e-07,price_stop,1,0.11883,0.05826,0.07808,0.08636,0.0795,-0.29498,-0.66166
T4-H4-H11only,7jvc4ksnZFCguYLEpUywX7NpZ8rpW4W1thxdcC4iAufJ,FqRtMr65yuueikwgoNDb2YAzPp3mQnwphyguqZUzo6vE,1790464785,1790469360,1.412965e-06,1.134006e-06,1790469360,1.134006e-06,price_stop,0,-0.19743,-0.24179,-0.22698,-0.22062,-0.22469,-0.28664,-0.60462
T4-H4-H11only,Av6wmbqNiowHpmHx7J2j9mnuUcoey4fdkTkFwgVzpump,8azt6UrS4Pxb9ow4EZYQJSGxC1SU895vPGxLkcaqdaQf,1790751856,1790755560,1.535442e-06,1.354133e-06,1790755620,1.354133e-06,price_stop,0,-0.11808,-0.16374,-0.14932,-0.14326,-0.14803,-0.21653,-0.56681
T4-H4-H11only,36RKUDQu5sJggjnRcWnAomH8dSmv1gq5zgVQ73DrBear,GvGUCGaKLMDqjRbrPBHV2UY9eyaAdWGCfk5Krv9HUiMo,1790664962,1790669880,9.364188e-07,7.540807e-07,1790670120,7.229366e-07,price_stop,0,-0.22798,-0.27125,-0.25672,-0.25069,-0.25592,-0.32799,-0.65952
T4-H4-H11only,2bQBNJfkGLsCkKEHJUgdFnPoQvDqpW6SYoJ6Zfrtpump,4cftQSYQhW2RcASwQR3hW3J4UVGc4u2YCvY4PmZ4B86j,1790996261,1790999880,9.036824e-07,7.412245e-07,1791000060,7.412245e-07,price_stop,0,-0.17977,-0.22422,-0.20971,-0.20381,-0.20974,-0.28851,-0.64454
T4-H4-H11only,CLsGDf5QSp62QsxSGYuZetaA4WEGmKuq7XvKwkFcpump,AQsQp6n4pdNAVR2TbHPaCawX4Z8SGH8BrcRNvKAQ6U5v,1790639241,1790642940,9.382746e-07,7.574564e-07,1790643120,7.574564e-07,price_stop,0,-0.19271,-0.23665,-0.22225,-0.21636,-0.22207,-0.29861,-0.64734
T4-H4-H11only,FVsZHrjBWRJA7nBk6XNJ2Jg9M8v4MPsVdprpg3EAgMHr,7McrNmv2mZ4u9XpdqSuPtm1iiTWhYjsUA7APZx6ZivuL,1790188414,1790197260,1.588871e-06,1.327538e-06,1790197380,1.226248e-06,price_stop,0,-0.22823,-0.2705,-0.25649,-0.25047,-0.25434,-0.31323,-0.61739
T4-H4-H11only,5C7JRjLwW3GvEe1EP6ppok5o8BbcgWFBqLBF3KpjngKH,7HHZULU3qXW5oo3xwDXgYrQmtiuMoPspnQD8mizvcAuo,1790881418,1790895480,1.223663e-06,1.103488e-06,1790895600,1.067449e-06,price_stop,0,-0.12766,-0.17309,-0.15871,-0.15279,-0.15826,-0.23316,-0.59523
T4-H4-H11only,DW79CfEpK5MLabxWUUAEqFff99hkkkiyQFhGPRZxpump,2hzLncp1rXrBNaoKEYkEK8b87jhMLNRrUj6dKCwUDZsP,1790415893,1790423340,9.016105e-07,7.368457e-07,1790423460,7.368457e-07,price_stop,0,-0.18274,-0.22754,-0.21277,-0.20671,-0.21245,-0.28979,-0.64258
T4-H4-H11only,7GUnr7krtQhJwd6ASY2VUprd9t4c64zcgCsjdmZepump,BRjMA8UALNp3diTKHfdeAn5riQrYPoaYez7KhYWD4oEs,1790216955,1790220960,1.957415e-06,1.621732e-06,1790222520,4.633186e-06,trailing_stop,1,1.03703,0.95576,0.80497,0.81252,0.80374,0.84137,0.48458
T4-H4-H11only,2jcvq8QcJ8TzEYJKYMCjR61kXVSzib4mEkz89tQxpump,72tZoSAHAutvD7dP2fNC56aASLxbPXro9jBPohZ8aAvY,1790152341,1790160540,1.360290e-06,1.121334e-06,1790161920,1.874083e-06,trailing_stop,1,0.51622,0.44667,0.46615,0.47414,0.46648,0.36033,-0.29693
T4-H4-H11only,3dMEcjM8s9PPPVsw9YxprmZnhYsnqKmhqghfaM1etA9q,G943i6c4uTQDxCPqazKifE8rUH1sxxBsGV6PL2QA3hm9,1790418682,1790423340,1.351919e-06,1.180607e-06,1790424060,9.942069e-07,price_stop,0,-0.2646,-0.30738,-0.29253,-0.28606,-0.28962,-0.34635,-0.63773
T4-H4-H11only,AV9TkfXb8LcAgjKuVBpp7qhaL6wHuAdEtBsgsduQpump,HYU7woAVxao45T4Q5TuGRgowpimG7b3RGT1Ln1e13WwZ,1790822365,1790828040,2.050309e-06,1.679168e-06,1790828460,1.463922e-06,price_stop,0,-0.286,-0.32777,-0.31316,-0.30662,-0.3091,-0.35512,-0.61429
T4-H4-H11only,DXrrBJMjK3xAV7YvuWAg42aeJHck3GmJmcN78HfDpump,GjTcKLhAALa5P3cN9GnU4hGQb1aCTfvjVe6X9vpjScC6,1790633893,1790639340,9.728593e-07,8.332874e-07,1790639460,7.571628e-07,price_stop,0,-0.22171,-0.26501,-0.25056,-0.24455,-0.24977,-0.32165,-0.65447
T4-H4-H11only,36ef5aQyrEFRDMyRk3fBdcvDPHNjARi5bDG9ryPoWRWX,H6CUzpa5JL4b4k7t6hZzV1M8y7Vo8Q1Q87e4BbGPffaQ,1790551374,1790560260,9.294822e-07,7.630988e-07,1790561640,7.445884e-07,price_stop,0,-0.19892,-0.24324,-0.22851,-0.22242,-0.22789,0.05287,-0.49087
T4-H4-H11only,2PENPmfgJfq6CG3k4byj4oWwHf8SerqakmYHMkUupump,ENiVH49XwRM3Cu9n4Tp6CGynCFXf3Mz6CE3GRmVk1LH4,1790205774,1790211360,2.117284e-05,1.698270e-05,1790212020,1.504791e-05,price_stop,0,-0.28928,-0.33007,-0.31584,-0.30898,-0.30851,-0.32384,-0.44923
T4-H4-H11only,DS6ePhDssKU2aW4Wyw424CRC7fYDHygmNu4cyMCc5vq4,3G8tvCiP7JnTWBr78WrgDFyTAS17VAcw9kDYDv7vmbrL,1790603769,1790607960,1.418626e-06,1.261679e-06,1790607960,1.261679e-06,price_stop,0,-0.11063,-0.15656,-0.14211,-0.13608,-0.14115,-0.21263,-0.57135
T4-H4-H11only,DkQYd9q2p7VSruiKhj54wu4F9CbyqruCRKFewg3dpump,5Mp4Z17NNdanseQa2yqg2eEE5xVSognN3ffDgksWeCm1,1790812557,1790817660,4.173294e-06,3.712681e-06,1790817780,3.592525e-06,price_stop,0,-0.13916,-0.18431,-0.16975,-0.16315,-0.16515,-0.20684,-0.47272
T4-H4-H11only,CAELXnujtLuKSQPkxzQ3Siv8ShvT8sduZvBUNJ8WJ85C,8XaHRBqF6jGjsB7sMEzpNfvAJeCusTvhzK1WcF3AkUGw,1790387553,1790393700,9.088245e-07,7.870948e-07,1790393760,7.870948e-07,price_stop,0,-0.13394,-0.17973,-0.1651,-0.15921,-0.16556,-0.2488,-0.62481
T4-H4-H11only,9fno96crbJq887w3DuDFFaurYE7sHA8GrtZutzSa72j2,6ESQ9LFmXPXhWo68u46zQ9VW2KbtuTxXzj7PFeyGT2bt,1790498496,1790509140,8.939068e-07,8.209262e-07,1790511240,1.219159e-06,trailing_stop,1,0.35179,0.2844,0.30493,0.3134,0.30569,0.01561,-0.50579
T4-H4-H11only,jLz71QZfjnZZMLjUaCBw7KmUyftkkNq8NkWi2u9dyap,Ax9GpoBxTKb19NMj4eJhNsy163xuUGmFKrLpELeQK7LX,1790345473,1790352240,1.218633e-06,1.002649e-06,1790353560,1.470424e-06,trailing_stop,1,0.33884,0.27246,0.29265,0.30119,0.29483,0.23907,-0.37541
T4-H4-H11only,DAemPFNc3RtibBDKkUA4eL2Ns11q9VRdbpptmqm8DGqN,7rZ5eyRfGRavGTFG9jSoG77MNnVkQRr6DNeGpxiFk2ca,1790468726,1790476020,2.130498e-05,1.825126e-05,1790476080,1.629636e-05,price_stop,0,-0.23509,-0.27846,-0.26347,-0.25622,-0.2557,-0.27158,-0.40254
T4-H4-H11only,yFcTuQJCMsd1Asya15GZ7h4KGdxsujRLcUiTWWXpump,CBnBZf7o1hZ2eAiqyCSVKTXrbNF8BLkuNeX65mPpd41C,1790239191,1790247540,1.068246e-06,8.886170e-07,1790248260,8.886170e-07,price_stop,0,-0.16815,-0.21164,-0.19787,-0.19231,-0.19823,-0.27614,-0.63372
T4-H4-H11only,12V1bCbgyt36opKRToPSaBkrXE9sSc96K9cNcAonpump,2Y6oKhyVTGZqB8DCzUkXvzPxHtzAyotoJuAyEbBCyAuj,1790364859,1790370420,2.742581e-05,2.223034e-05,1790370960,2.142435e-05,price_stop,0,-0.21883,-0.26258,-0.24758,-0.24031,-0.23965,-0.25401,-0.37556
T4-H4-H11only,DvNcJZTiSMD1RBCtZ2J31mh7s42CVCwrzGapv1Lypump,mnnen34cBuJJ7Pvfdb2PN7WHgRvCMzcTej4bAgUiXob,1790810211,1790816700,6.340884e-06,5.385030e-06,1790816700,4.865794e-06,price_stop,0,-0.23263,-0.27552,-0.26092,-0.25409,-0.25492,-0.28452,-0.48998
T4-H4-H11only,CvUX4G2tzq7J3ECmNvWZLayZYV6KpgQp6SJ5K8Uvsu5g,8VHKSU5pij3V5DVKFQv1WceEzwKeZQpSZiCh9rja2G6N,1790207810,1790211900,2.688331e-06,2.198898e-06,1790211960,2.185999e-06,price_stop,0,-0.18686,-0.23018,-0.21607,-0.20983,-0.21265,-0.26178,-0.54683
T4-H4-H11only,BM2k8mJUbMthHoioykyUm2NjMrXvLBYhoXruwYLpump,51iLLzeznQMpJAJMNn4RiDRn3qybdYPD2vU7MbnrUwxM,1790575751,1790580240,1.499174e-06,1.310097e-06,1790581260,2.049636e-06,trailing_stop,1,0.44271,0.37473,0.39438,0.40264,0.39612,0.30102,-0.26622
T4-H4-H11only,2EUKLvNQ63YCmjSDyJ14Tzj7ASeHGXgseYWrKAa2mine,6iYoSjHFnBYLAoXAk9okj1GLDWhTtsCMUzr6WCDU7Lgm,1790606100,1790611020,9.824210e-07,8.014773e-07,1790611380,7.037194e-07,price_stop,0,-0.28369,-0.32548,-0.311,-0.30486,-0.30936,-0.37411,-0.67789
T4-H4-H11only,FFPSq1ByV2XdPTj2UkSPRe14NoQydUkarBLeNfXd1gdj,B1fNSrNTLtgUxe7Yzsd47cwFhStXtWvoJafnUPGaBsB5,1790533923,1790545320,1.146046e-06,9.531192e-07,1790545680,8.744820e-07,price_stop,0,-0.23696,-0.28072,-0.26572,-0.25928,-0.2635,-0.32675,-0.63887
T4-H4-H11only,G59zeXWwXMw2bb6UJD1ceELXRhNkLXHkYrtBYBV5agnt,Ac9V1XvCdyF7oreiHhQjZDwT1zy8kGKnhAcwk2U3kAvC,1790244859,1790249760,2.649485e-06,2.193825e-06,1790249880,2.193825e-06,price_stop,0,-0.17198,-0.21528,-0.20141,-0.19532,-0.1984,-0.24976,-0.54406
T4-H4-H11only,5tCju6YNxHq5zrA6tGndr6F7TK42mpUFmeE31cSFpump,8ewuF2o8ACro7fqWepZ3tKhkbBjndZU4Ldk9scRPw83d,1790586789,1790593260,2.219178e-06,1.866629e-06,1790595360,5.853367e-06,negative_flow,1,1.02515,0.94315,0.96276,0.97061,0.96179,0.87786,-0.33703
T4-H4-H11only,29REVVLFoM2ERuSTt2p86zsn9q7CxTNuzHPw29dnpump,ETQ52D2podCHczQHvFrNAQw3XWggJJjdzmAb2zCGBCz5,1790976694,1790980620,3.516423e-05,2.879943e-05,1790980620,2.102208e-05,price_stop,0,-0.40217,-0.4409,-0.42627,-0.4191,-0.41802,-0.42729,-0.50906
T4-H4-H11only,E4vwseNWpkBxzNxyv3msVLCzYHU5SXrj1QWXEycypump,CehXCosbGS31heNL6VotLqaSnFHZy8XmNWEyWEeXikrZ,1790555075,1790567220,3.411400e-06,2.758629e-06,1790567760,2.756615e-06,price_stop,0,-0.19194,-0.23616,-0.22141,-0.21471,-0.21672,-0.25859,-0.51852
T4-H4-H11only,4ByRNjKEQbtexsJie54vCdPnSuSWibWHn49dAXmcpump,HMbMsCJ1JBjhmqdbSbQvopXm3WkCpsAvJZNycrgEy8mf,1790819890,1790826720,1.022244e-06,8.347239e-07,1790827200,7.071891e-07,price_stop,0,-0.3082,-0.34934,-0.33488,-0.32869,-0.33281,-0.39392,-0.68462
T4-H4-H11only,DrK9ci66pPJxi9ig327XcVRs8cDzs7frXXoHWwwKvsN5,HSHCtiHwuL7qGQA9AFdU2Vp3GTvYMsMcvJy4teWdiWb2,1790050246,1790054640,1.153043e-06,9.558439e-07,1790054640,9.098700e-07,price_stop,0,-0.2109,-0.25408,-0.23983,-0.23386,-0.23875,-0.30744,-0.63691
T4-H4-H11only,BnAiH6Qu9cdL7gRvue8qbbE92CQRSqKox8UAtpispump,EnnS1ZvUkowA96xbdFY8k5gzEs36CMnvqUPHKXTFzkmr,1790709835,1790714880,1.178733e-06,9.454989e-07,1790714880,7.485487e-07,price_stop,0,-0.36495,-0.40488,-0.39029,-0.38385,-0.38695,-0.43832,-0.69545
T4-H4-H11only,BhNmfTQuSdkdgVPhZ5fCJnxa1xYTPqkdjMn7LhLYhype,uvfLdQVyhhVKracMj2NyzT9L3tohpFnhAJreLdThqPV,1790647512,1790652660,1.190213e-06,9.795551e-07,1790653620,2.505512e-07,price_stop,1,-0.12444,-0.17871,-0.24381,-0.23488,-0.23766,-0.21689,-0.37948
T4-H4-H11only,8gdYSwpdhgGLfskC4P7A2xvjHSBjjBVx5Exw7yCYBVy3,2Y5U6yFA7gQDmWNdbyVfPcsZD4eUDMN8x8zDJLNDeT13,1790134919,1790144400,1.719136e-06,1.559204e-06,1790144460,1.531128e-06,price_stop,0,-0.10936,-0.15542,-0.14087,-0.13468,-0.13909,-0.20444,-0.54891
T4-H4-H11only,8dEKKu3ggjm6UFFzD7cdFKu99oy2ndggE8aSTEbGpump,BTEwpa1bSCXHhCgJz5MyJMFdre2JxY5Q34hiQqqiURFv,1790991923,1791001500,1.297509e-06,1.138079e-06,1791002040,1.057385e-06,price_stop,0,-0.18506,-0.22938,-0.2148,-0.20863,-0.21321,-0.27966,-0.61053
T4-H4-H11only,6Fzn6PtAiVFvweUibxAiqQrofo138k9YZtJ1HK9EVShp,6J6TPVj8ZkcV6ymCv7tNQvAJWSyR3GF8SK8USRPxFqu5,1790522062,1790527620,9.376918e-07,7.942233e-07,1790527680,7.942233e-07,price_stop,0,-0.153,-0.19857,-0.18377,-0.17773,-0.18364,-0.26286,-0.62682
T4-H4-H11only,eNEeCdCUGGvXfaSpGNaG2fA6rL7GeMSyzUjT4XVpump,2uvHb7bavzHjX9sUhceed6iaDGvG7L8QXtAosV3k66Ab,1790109277,1790112900,1.428830e-05,1.323797e-05,1790114460,2.275430e-08,price_stop,1,-0.37831,-0.42649,-0.42048,-0.42538,-0.4239,-0.41666,-0.04338
T4-H4-H11only,Hd6U8SfLWCZCREYrT5XfwK2Nzat5QB3B8pbBvST4Tg5X,EB8MDKHHdwZbfHcQQeXVUyGh35zr9mJorTaSi1YKa8PR,1790468590,1790482920,2.093976e-06,1.675990e-06,1790483100,1.670648e-06,price_stop,0,-0.20216,-0.24624,-0.23148,-0.22495,-0.22795,-0.27958,-0.56966
T4-H4-H11only,AmaM7N43JBicpcHDbVKyGeuTjtnNhJ2yZTdWqoZpCX8b,zxdzbJo51KApX6UijLQgS5rJ5ziBAZDe1RHxqZVczYX,1790555032,1790560080,1.226155e-06,1.009263e-06,1790561400,9.925919e-07,price_stop,0,-0.19048,-0.23498,-0.22022,-0.21397,-0.21856,0.03519,-0.46556
T4-H4-H11only,BZERM5ET7txBTK4mM8pA3fph64marhkvTGEXiwM3pump,GPB1BYWPJShRr6V8my1DFYRZAPzrdGBCLmHVH7SH8P8w,1790813803,1790818980,9.526099e-07,8.022925e-07,1790819520,1.005739e-06,trailing_stop,1,0.21677,0.15412,0.17379,0.18202,0.17528,-0.26837,-0.54568
T4-H4-H11only,5kcJz9yt7y2xdYccwnkU2mDS3x8zBNQiYtPk6DPWBiZr,7vcrajjy2n5Dry3XH8D2X6Gjyymdwjp2Mc3bokgSVb8z,1790428388,1790432880,2.092887e-06,1.688453e-06,1790432940,1.602691e-06,price_stop,0,-0.23422,-0.27764,-0.2628,-0.25618,-0.25891,-0.30781,-0.58437
T4-H4-H11only,9J8W8BaSMBxrGbd65XiTvhdx2ov4iJskEPqTiU2wzBJL,EMhiveXJ8bKWHdARDTttEua8u2xJ84BsTqnVrP88aBW3,1790401629,1790413320,9.049739e-07,7.373988e-07,1790413620,7.373988e-07,price_stop,0,-0.18517,-0.22967,-0.21505,-0.20906,-0.21485,-0.29245,-0.64502
T4-H4-H11only,5xxnT772vG9jMGJp7XNXkKzdErUFBnzGdszGL5mVpump,5XSP6ffQypEHLGPr5zWtjDEw2EVxQ8oLrXLtMZmjPX6n,1790156899,1790170320,2.506867e-06,2.190119e-06,1790170620,1.834663e-06,price_stop,0,-0.26814,-0.30992,-0.29555,-0.28909,-0.29138,-0.33528,-0.59099
T5-H5p-current,7GUnr7krtQhJwd6ASY2VUprd9t4c64zcgCsjdmZepump,BRjMA8UALNp3diTKHfdeAn5riQrYPoaYez7KhYWD4oEs,1790216955,1790230080,3.015417e-06,2.412333e-06,1790231400,4.203814e-06,trailing_stop,1,0.59896,0.52821,0.36104,0.3589,0.35506,0.47097,-0.257
T5-H5p-current,DS6ePhDssKU2aW4Wyw424CRC7fYDHygmNu4cyMCc5vq4,3G8tvCiP7JnTWBr78WrgDFyTAS17VAcw9kDYDv7vmbrL,1790603769,1790617740,8.964576e-07,7.171661e-07,1790619660,1.156680e-06,trailing_stop,1,0.40738,0.33981,0.3596,0.36755,0.35886,-0.00586,-0.52246
T5-H5p-current,FdCQhzKRrADd5Ffmu1TPxzbUz9t89HpHm1U7YuTMpump,DaJBMxAUfZbAuc7Z3fJmfvEYzrBUo5ocaNUtcB7C9aTX,1790225561,1790229780,1.185952e-06,9.487615e-07,1790230680,8.640309e-07,price_stop,1,0.0854,0.02689,0.04605,0.05432,0.04923,-0.3595,-0.58137
T5-H5p-current,4ioYUvNC89Ygp5gd2xu3WYbwPhczFQKwz8bjtwTXpons,GNzAZtCK44MKk3Z6cFRyPRTjEP8Y8e2BVcQMipz37EpS,1790690948,1790696760,9.504588e-07,7.603670e-07,1790698380,5.958422e-07,price_stop,0,-0.3731,-0.41267,-0.3982,-0.39192,-0.39555,0.04061,-0.49872
T5-H5p-current,XQvVFz2jrrqFvhdG4NRd2o9xCQci9Xn9nGYVumBpump,6iT9bJYQRCi6Hu4xAqFm9iuKqG6tAiNn74BVHhauWahU,1790196721,1790207520,6.935946e-06,5.548756e-06,1790208780,2.017501e-06,price_stop,1,-0.09774,-0.15182,-0.17672,-0.18796,-0.1878,-0.15179,-0.00045
T6-H5p-relaxed,AJPertGGMDmM75fb6jiB8MPfFu61ouLDtW6UBvf3pump,H7pt7KK8pB8xHwpF9DHrgdZsZb6yBjZHhGiUkigyaXwZ,1790942221,1790946660,1.588852e-07,1.271082e-07,1790946780,1.175239e-07,price_stop,0,-0.26032,-0.3044,-0.28984,-0.28531,-0.29915,-0.43844,-0.81233
T6-H5p-relaxed,9p9Dzwcsv1P3jMeMPqZTC3ywqgL45qL2R2VkCrfHMsby,8a96pMnpVyKF5NSyDvbeu2RBSpspSVu4ozfygVAwzWfp,1790928175,1790932200,2.044191e-07,1.635352e-07,1790933160,2.260096e-07,trailing_stop,1,0.27395,0.20745,0.22725,0.23362,0.21581,0.16932,-0.7017
T6-H5p-relaxed,JD3d8mxEJ91LHZSuwVLquFAKdo5PbEeLCUevjjDsPdRe,8KYv6Ed2Ewxf1u14ggofQXTD4FVsNKFknKBfZAhDFKE6,1790777131,1790787060,1.392046e-07,1.113637e-07,1790788560,1.109453e-07,price_stop,1,0.36019,0.29183,0.31107,0.31591,0.29093,0.04506,-0.77436
T6-H5p-relaxed,37t1792p1eFWxmEroYRXe26FStK5UQzWz2zfN77q1Tjv,F2nS3wgQabjYR5zDYfXUSmkyDcxrCQdfHF1wmLRgb4Tn,1790882893,1790890020,1.421251e-07,1.137001e-07,1790890200,1.137001e-07,price_stop,0,-0.2,-0.24468,-0.23084,-0.22725,-0.24445,-0.40842,-0.81364
T6-H5p-relaxed,2QHXWq5TK64JbMptwMBP1BsfhrxZRRv9JsLa17X7pump,B7XU9FYpuKgjEhM5HwyR9qAHXL3Juyz3CcgPuuiAbKki,1790787841,1790797380,2.454651e-07,1.963721e-07,1790798160,1.963721e-07,price_stop,1,0.36509,0.29812,0.31708,0.32283,0.30382,0.10214,-0.77278
T6-H5p-relaxed,3PjwCqfGMR8CXZbcPEbGTSPQGduizdoVz4N1RQmJd8Uv,3LJ5CnSij5rpx6QP6AsYHY1W8bdpzjBMd4fM3W2mbjVo,1790636126,1790645160,3.904472e-07,3.123578e-07,1790646060,3.817643e-07,time_flat,0,-0.02224,-0.07112,-0.05718,-0.0528,-0.06596,-0.20727,-0.68501
T6-H5p-relaxed,BVZVLTUSV6ftqHPqDEggag8crXJgJ6Cz5BCWmVvqpump,Bg7uAadFLW9a23JAv1usHeJt1LxwdmksYr9LUVoerQ4P,1790548807,1790553900,3.639051e-07,2.911241e-07,1790554440,2.886892e-07,price_stop,0,-0.20669,-0.25193,-0.23723,-0.23187,-0.24144,-0.35075,-0.73455
T6-H5p-relaxed,GvZ9UXZm8U14uZNi7hBN5cY2iUta7stArZE486yHe2nA,8rfM1PxAfqZiZhH142wYdAtPqajTTU2a8xFGdAav7Y8P,1790727859,1790734620,1.473438e-07,1.178750e-07,1790735520,1.319796e-07,time_flat,0,-0.10427,-0.15186,-0.13782,-0.13448,-0.15373,-0.33602,-0.78973
T6-H5p-relaxed,JERpqiXG9wLuWcbSi51uaqjYzTDd6Tj9VGgpAgik6EW,4LykWqvVpE1LmSSYN585EFewvkgFPePnWGojopWsUXPp,1790920802,1790926860,2.454695e-07,1.963756e-07,1790927100,1.960372e-07,price_stop,0,-0.20138,-0.24675,-0.23219,-0.22737,-0.23954,-0.36902,-0.76693
T6-H5p-relaxed,EGRv76STtVdNNwKdyMkQLQquYggcMuToXy92qS9pump,EcPhfKmJkQ7GTbtvcrnbuEwN331f9aAhoxyts6HhUCgt,1790369282,1790374680,8.521255e-07,6.817004e-07,1790375160,5.848022e-07,price_stop,0,-0.31371,-0.35553,-0.3406,-0.33423,-0.33859,-0.40234,-0.69661
T6-H5p-relaxed,GpuvH6LGtLtrLrD87pHLSJpQC6HF8mtKYumZuk1rpump,ArEbNHvu1QC9ntojPPQ5hHJwx4EHz6jKFnYoGB4TJoz,1790779702,1790785740,2.579732e-07,2.063785e-07,1790786820,3.578276e-07,trailing_stop,1,0.41899,0.34935,0.36885,0.37499,0.35662,0.28029,-0.62632
T6-H5p-relaxed,BLUQaFw8FbM5odfxBDudz1quYAcsprZ4eUQM3gMdm5BM,BT8g2E4zDJKaG7Ji3wEnRfi8FmeZShb6L54d8eAU1sLG,1790112248,1790117820,1.608952e-07,1.287162e-07,1790118060,1.266191e-07,price_stop,0,-0.21303,-0.25762,-0.24355,-0.23954,-0.25506,-0.40742,-0.80569
T6-H5p-relaxed,s2dFHkuLohifR6GBsgsGjGFkDxF6Vmh3uCwE3kzohw2,81FDB32R7ANQUxPgApPAJX3xyXxJTEBCmPKGLyxsSaRJ,1790082013,1790090040,1.308725e-07,1.046980e-07,1790090160,1.029055e-07,price_stop,0,-0.2137,-0.25798,-0.2442,-0.24071,-0.25833,-0.42423,-0.82236
T6-H5p-relaxed,4aDtkCadyWomBewuynPi7Y8NR41dKXAmUMFYMLBxpump,2LVxwXzWGxeDHHZp1vB8iZQfqzwYRj3NcnY251Bd47Ut,1790650652,1790654460,4.914861e-07,3.931889e-07,1790655360,4.951636e-07,time_flat,0,0.00748,-0.04121,-0.02716,-0.02254,-0.03456,-0.1676,-0.65051
T6-H5p-relaxed,DFx7Rww2Njg4P4Bv3SUHaN5pkFbB4zR23nGthjSBpump,475tov4a5SxcmU97GX9ZKmHoXKKfLxk4tPd1zkcHN1R1,1790369829,1790373480,3.816044e-07,3.052835e-07,1790373780,3.023472e-07,price_stop,0,-0.20769,-0.25275,-0.23814,-0.23278,-0.24214,-0.3497,-0.73174
T6-H5p-relaxed,55Vr2VpSwxsDkB6uGGHAvRv86K6zax2Zb4TT8ivwDEzW,BNG5962Zkbd6ZFmfAKjtCF6Z2mJbA7qn97oMsQShspLP,1790409726,1790415540,6.859379e-07,5.487503e-07,1790415900,5.381658e-07,price_stop,0,-0.21543,-0.25923,-0.24463,-0.23879,-0.24531,-0.32897,-0.68253
T6-H5p-relaxed,HBfgHb4h5BTg2hgZaP4j7VXHMxGQUgnr4oDXESKXpump,ApJcvYTXyyR9pMuAFL9atFqFKSbhswd5Ua3ATySha3K,1790729292,1790734860,3.511839e-07,2.809472e-07,1790736300,4.440251e-07,trailing_stop,1,0.38071,0.31289,0.33247,0.33924,0.32431,-0.36977,-0.57444
T6-H5p-relaxed,7R9diEUR5aCk6Xf7WRmJhMFp9TiTexeXnXwKRkZWpump,5jevZ5WwbBoDqcGaQRDa7oZfyZh9KMmxrpFD6kVghVHr,1790313187,1790316960,7.357252e-07,5.885801e-07,1790317080,5.412645e-07,price_stop,0,-0.26431,-0.30614,-0.29199,-0.28626,-0.29217,-0.36938,-0.69914
T6-H5p-relaxed,6hTLdzZaaCjmqtn7RtaEMQsCbXT5Pg8q76tRViEGpump,2qWF4dn1JnqhCpAYJQnKVaKezzuUiG4xdnbnCSK1Pgcw,1790981217,1790994780,5.544805e-07,4.435844e-07,1790995200,5.099036e-07,negative_flow,0,-0.08039,-0.12726,-0.11292,-0.10774,-0.11737,-0.22932,-0.66087
T6-H5p-relaxed,BV3WYhhvaS3NzwksJmmupo53xs6Lrk37QEbECtqTpump,7pJGUYufbw4gEKC6EVnTa7PgrQ8e4yZdXigf5mKRhB4B,1790714974,1790728500,2.279241e-07,1.823393e-07,1790729160,1.951447e-07,negative_flow,0,-0.14382,-0.19011,-0.17598,-0.17175,-0.18615,-0.33353,-0.76325
T6-H5p-relaxed,EFW3VwqYPzoc58reVMy2GxEjv78xQ765pQy1JMdBVoB9,GCdb9dLYKoAzzTWkzDqvaTcevEgAz4AuivvRBD7FbnhE,1790252269,1790260740,7.002690e-07,5.602152e-07,1790261340,6.164766e-07,negative_flow,0,-0.11966,-0.16466,-0.1508,-0.14561,-0.15387,-0.2531,-0.65692
T6-H5p-relaxed,ChbVsh6prPJaLf1Gj3jgY74rg2NXryFwfkoijPwnSN15,DxbCu5NoCMKfG19MHKK8TP67SeDpd1yRYKvrxYwYRkes,1790969032,1790972640,1.906407e-07,1.525126e-07,1790973240,1.498479e-07,price_stop,0,-0.21398,-0.25827,-0.24429,-0.24011,-0.2544,-0.39821,-0.79483
T6-H5p-relaxed,DXQZL7ABuNDtQL4WRXCEDRgV3rQAQDAJTFWbrpTypzgM,GD5T4EJHqDd7fDJSqcUtuyzZArg7e5yAuMx7mtnyTHB1,1790476553,1790480880,6.786900e-07,5.429520e-07,1790480880,5.429520e-07,price_stop,0,-0.2,-0.24425,-0.22962,-0.22379,-0.23053,-0.31633,-0.67752
T6-H5p-relaxed,EtV9vmJXhV4gTgxzgzn7xpbjRX2ne2Vb8T58mwabpump,7qvv2vkJLVx49N2ow8p3Scncx2FNeFpZP63ZQdKHZf5i,1790682809,1790691300,7.646002e-07,6.116802e-07,1790691900,6.116802e-07,price_stop,0,-0.2,-0.2442,-0.22957,-0.22366,-0.22992,-0.31149,-0.66646
T6-H5p-relaxed,D3aMqZmgUAAJSgmDqvTc8Pkdr5QxahHtBo7gbFHHpump,AwVUgT5XPKt8xmiYEUFLMHUsBUnuAv9ecPUt2xD6ZjMS,1790488901,1790496060,2.227596e-07,1.782077e-07,1790496960,1.892236e-07,time_flat,0,-0.15055,-0.19777,-0.18295,-0.17825,-0.1919,-0.3342,-0.75924
T6-H5p-relaxed,B6833pbooyxuTH5ZBriapPrngkt6hiGNviKqkjncv88D,C3s6VhHqiVsVpCpr6sH72NTWEvZhdhYcHzxV3Ti9jZ4q,1790474548,1790484300,1.331899e-07,1.065519e-07,1790484960,1.759504e-07,trailing_stop,1,0.49268,0.42087,0.44003,0.44428,0.41616,-0.35852,-0.63884
T6-H5p-relaxed,7U9LREkxb89qZ29q7HoHoVuD7PSmDRTp3xDQQ9Q1pump,6eCCnVPDwZX248B22MSNbw3GRHGmePsoWhM1B8DdKBqU,1790155457,1790159580,2.970887e-07,2.376709e-07,1790160480,3.374436e-07,time_flat,0,0.13583,0.08277,0.09656,0.09989,0.08115,-0.10697,-0.67445
T6-H5p-relaxed,ELrh9rMDKTyzEs2wiyriwZr6v1ctXVbMZvtLb5NZpump,ApCE8T21XxoV9juL92YY4w5AymFzFScKueVYdYoRDNAH,1790884192,1790897040,1.319324e-07,1.055459e-07,1790897940,1.235261e-07,time_flat,0,-0.06372,-0.1122,-0.09837,-0.09559,-0.11743,-0.31834,-0.79218
T6-H5p-relaxed,AYRTq6bfnNzWMY5ACWTRUtMCwV8PAhux3wm84q5mpump,7Gb1hnYFcPEvePn1dskrXijxT5FFntPGSgUAxsLNyiEf,1790867045,1790877600,3.815341e-07,3.052272e-07,1790878920,3.222532e-07,negative_flow,0,-0.15538,-0.20119,-0.18697,-0.18202,-0.19263,-0.00859,-0.61751
T6-H5p-relaxed,64tUZQBCDKhkxPYNey9PXdV8Hz36ra28FuDhMMULpump,FQjKR5ANojed3skqDFpvM5PcHGQHvBsexhwd9qHcUowe,1790529503,1790537700,3.835583e-07,3.068467e-07,1790538300,3.002553e-07,price_stop,0,-0.21718,-0.26241,-0.24753,-0.24198,-0.25094,-0.35532,-0.73122
T6-H5p-relaxed,7cYaQc21w9dzKkGP6LgkqtmL5yzoK5UJE1GeamTRHwny,DZrcUWZy7WfKx1ktcJpaSNRWLgUFB8T5Hk7quj8coDNV,1790905861,1790909520,2.852482e-06,2.281986e-06,1790910180,2.238258e-06,price_stop,0,-0.21533,-0.25899,-0.24425,-0.23759,-0.23982,-0.28376,-0.54768
T6-H5p-relaxed,4LBPTZUaJdBNHEEBbzFeMXaaZzD5cggtsorwYaPtzbiZ,5kZLBoyQnpoiCkwMjv971MrkhuJBPW8cBfyz6G4uYkxU,1790393512,1790400600,1.714333e-06,1.371467e-06,1790400960,1.324838e-06,price_stop,0,-0.2272,-0.27067,-0.25593,-0.24946,-0.25278,-0.30725,-0.60059
T6-H5p-relaxed,7UfcTJD2RSRg9AJ4k2V2rs71Ew8Zy2avaU5roc8bpump,FZtCX2NjQKfaEDqCEyD5t1PNt5ssJuJr1e7LPZPEefko,1790693876,1790701980,1.185408e-06,9.483260e-07,1790702880,1.210214e-06,time_flat,0,0.02093,-0.02801,-0.01375,-0.00819,-0.01544,-0.10782,-0.54064
T6-H5p-relaxed,H61fq5HQGXAr5rJ3BCVRHfHDdoBgFR4Ttz8F8gjmFaV4,HfqpU2pqM3BSoAZQpH2xpRSWQVXBXZ21AY2cXrMyYidU,1790539327,1790544360,2.812977e-07,2.250381e-07,1790544900,2.117936e-07,price_stop,0,-0.24708,-0.2915,-0.27673,-0.27145,-0.28166,-0.39511,-0.76595
T6-H5p-relaxed,5sD8hmitvDkDxbAjZF4CrX1NX8eA5Cwn8kK67tp9DevH,GQADs9oy7uVQTNJ7DEew2y8YvcfusRVbspx4ve1vnBpq,1790814255,1790823360,1.027328e-06,8.218627e-07,1790823960,8.218627e-07,price_stop,0,-0.2,-0.24365,-0.2293,-0.22337,-0.2287,-0.30168,-0.64212
T6-H5p-relaxed,54bzG3hjWCwL6UoeobcPnrXK5qUjxHn9USpfDY1Zpump,7LwcYUjF8pVACHJtE4J2Te3jmxN83Vn3CnAFPPecwVeu,1790423465,1790427360,1.402426e-07,1.121940e-07,1790428260,1.431287e-07,time_flat,0,0.02058,-0.03045,-0.01642,-0.01382,-0.03714,-0.2522,-0.76898
T6-H5p-relaxed,CGfVJX4D35wE8kviKKE1XyKU9EHRXe4Zsw3R55ABpump,GCCQkq5YiqxqBrdQaBi83rrHSHEEex5YAaTF3rsCp6xE,1790566804,1790573820,1.944469e-07,1.555575e-07,1790573880,1.461749e-07,price_stop,0,-0.24825,-0.29194,-0.27775,-0.27326,-0.28635,-0.42055,-0.79916
T6-H5p-relaxed,A2Kz4oAJvg9yuQR9znDicg8QvFDgrxaHp68ih3HCpump,FrwmBmCoJ3EjA8gP4GKejP87pikZ1oFiBk5iq133G3rK,1790570802,1790574480,1.157174e-06,9.257390e-07,1790575020,6.879005e-07,price_stop,0,-0.40553,-0.44446,-0.42987,-0.42337,-0.42613,-0.474,-0.71428
T6-H5p-relaxed,4n8gJ4yP8U2TVAzx8R4qhJjSZcT2VQrHA5bHtK1kpump,6VwrbUvKXb4wiaSfzM3gc8D9zKRcbuUezeENAE493iVw,1790043897,1790050320,2.412636e-07,1.930109e-07,1790051220,2.236968e-07,time_flat,0,-0.07281,-0.12041,-0.23048,-0.22611,-0.11886,-0.27991,-0.7457
T6-H5p-relaxed,HFNSKQh7bHzEKzt5m6pe79FmGiZ14PJjJScBshts8Yd8,nLeBNhqVgStTozsf5m9jkx8tfgg9zJJTRHbb5QJFyW3,1790850160,1790854200,1.642889e-07,1.314311e-07,1790854560,1.216429e-07,price_stop,0,-0.25958,-0.30281,-0.28879,-0.28458,-0.29879,-0.44022,-0.81474
T6-H5p-relaxed,2FarsHaxNPpJN7Xpa86VHqExFmn9NnqHFRyXCuC3kcGk,3ij6oTVv1V3KG8qcYLCfThz1pHkAjCnGBaJKtRsg59CK,1790191551,1790195220,1.713480e-07,1.370784e-07,1790195340,1.330131e-07,price_stop,0,-0.22373,-0.2671,-0.25359,-0.24983,-0.26527,-0.4161,-0.80901
T6-H5p-relaxed,ELP7DpZvv41KzWewe513ZPBwTESsuxgzCJzh9zXn8WGd,7iNfGK8YqCEi3NNCvy8rGyvWrGb4iFgTuTqFkdDmpf9g,1790582906,1790589240,3.443471e-07,2.754777e-07,1790590140,2.986171e-07,time_flat,0,-0.1328,-0.17913,-0.17586,-0.17111,-0.17204,-0.29979,-0.72511
T6-H5p-relaxed,CjkD1qwNPVP9VKshVn2BzqxiPtmdSnwA8SNV9HJBpump,3kYRNXZVPa5euQ68BvwZoSaWz2QgCmHboZAUsQvJeVZq,1790189011,1790192820,2.084046e-07,1.667237e-07,1790193060,1.656236e-07,price_stop,0,-0.20528,-0.24925,-0.23559,-0.23154,-0.24574,-0.38895,-0.78951
T6-H5p-relaxed,tZNEqT2wBbWVJyCTkHvMMduGQt9KeQMXrNfP4adiD1G,3UuJzcGwSuKEFGUM7EKLqt6eq34Ti5fgrh94KK1Jm7vp,1790426626,1790431380,7.215358e-07,5.772286e-07,1790431380,5.557782e-07,price_stop,0,-0.22973,-0.27334,-0.25863,-0.25265,-0.25871,-0.33827,-0.68165
T6-H5p-relaxed,6zARscxs9vKhkPW8x5PB9hw55ScDyWLedUdJeffEpump,FwSRcZ4YPmayfuFLdAxLiCXdpPBBXbfa2CRZLBQJGzs4,1790482027,1790486100,2.968673e-07,2.374939e-07,1790486460,2.336381e-07,price_stop,0,-0.21299,-0.25797,-0.2434,-0.2383,-0.24903,-0.3672,-0.75458
T6-H5p-relaxed,4wYd4vPhzaUQs5vqUrEJ7CPtKg1qzXHhauERuh4MiNMB,FDfmFmtyvRhLsD1gFDZzFSnouSXZyDSki8GJtJvLER5y,1790125537,1790136960,1.153169e-06,9.225356e-07,1790140800,1.688669e-06,trailing_stop,1,0.47453,0.40545,0.42523,0.43331,0.42536,-0.07027,-0.52338
T6-H5p-relaxed,H84WaLY2dkqpc5ujpLHdmwLQzPPz4bsdGsgsK6pxeQBL,k27Z643KMQUigyqwerY4z9QDnhXzwrpAmuowK4qjjEy,1790213452,1790217120,2.727039e-07,2.181631e-07,1790217780,2.116695e-07,price_stop,0,-0.22381,-0.26732,-0.25352,-0.24899,-0.26078,-0.38597,-0.77243
T6-H5p-relaxed,5pSEZw1iytqYznD7crsGyKNek7q5JkjBqj2KmfqxUVZd,Dqta7KfZNJeBgd12jECpXKHBiNQM1pKB7vKwbpLXVfYH,1790268762,1790282700,7.302406e-07,5.841925e-07,1790284560,8.396375e-07,trailing_stop,1,0.31122,0.24667,0.266,0.27364,0.26442,-0.00643,-0.55047
T6-H5p-relaxed,nspzEbY9m1rLDaHMw19RjEv1cUfX8k2c9t1nxXVpump,49z1GFDhmvD2G1tuTfwTzqUHYDPa1aQtgKNrkAmiwjmm,1790563980,1790567640,1.492439e-07,1.193951e-07,1790568060,1.361211e-07,negative_flow,0,-0.08793,-0.13599,-0.12192,-0.11862,-0.13816,-0.32317,-0.78516
T6-H5p-relaxed,6weQ1xmYGVDnCe2R3CdRDX5BvXPDg4G2TJhABa8Vpump,9ZDCPk4UifwASL8siGtXPmRhhCih8PrF1brDpttnLv3n,1790798383,1790803860,3.198475e-07,2.558780e-07,1790804520,1.898373e-07,price_stop,0,-0.40648,-0.44579,-0.43153,-0.42594,-0.43296,-0.51702,-0.80593
T6-H5p-relaxed,CsGBrh4kBQ91AUhyrfnUcGYdGY1LZnDhKsRxEv6mpump,3ipzzAhc2shP1dVaMXozKVQ6JHsqq8YiuBfutpqQJstz,1790985610,1790989260,1.368276e-07,1.094621e-07,1790989380,1.091426e-07,price_stop,0,-0.20233,-0.24724,-0.23323,-0.22957,-0.24682,-0.41111,-0.81514
T6-H5p-relaxed,6UTgBWACzB1zX2GA2uEvVn6325XE99wNvkVTXv5qpump,qNadZjDebjUwHS5ZRcLTLtoGk4wAU15kydQLFSJGUUe,1790493124,1790502000,6.216046e-07,4.972837e-07,1790502180,4.905723e-07,price_stop,0,-0.2108,-0.25558,-0.24047,-0.2344,-0.24104,-0.32636,-0.68365
T6-H5p-relaxed,2e7TzGXZfJ72jxviM6kxqWVbH3dndh2TrHzwg3cZpump,GeHprCgwQrbWS97e4JZQZwBBHWy7zJtqx6ijKoeCorkQ,1790769450,1790776680,1.323711e-07,1.058968e-07,1790777640,2.179816e-07,negative_flow,1,0.56537,0.49154,0.20769,0.2131,0.48493,0.40916,-0.66576
T6-H5p-relaxed,AMqJDyt4gmcg7LqX1FTioKJ73H7Bz6jxHzBzTiXkqzoi,85aLoFTdvgpbzwMYUhcQAcNrvM4unZwZtqFXMMWjFckM,1790393001,1790398560,2.148341e-07,1.718673e-07,1790398560,1.718673e-07,price_stop,0,-0.2,-0.2452,-0.23083,-0.22629,-0.2396,-0.37729,-0.77881
T6-H5p-relaxed,7duL7tvFt2ri3MG6CF94gG3ffZpizp22RXdra3JEeRwr,3ysCEHiJpi2eJMYJbseV1Bh6RfVygSaZPXA3b5Ph5sAN,1790535981,1790539920,1.555056e-07,1.244045e-07,1790540940,1.049011e-07,price_stop,0,-0.32542,-0.36794,-0.35326,-0.34839,-0.36063,-0.13949,-0.72957
T6-H5p-relaxed,H3NJL31MZyELu2NyxtoJA4ej8ESEHtQfxZGDVwdjpump,3TC3rRAenGqSStn6mPx3MJGpjYmMUzUxYVuo3nqwkdcd,1790866046,1790870520,7.562395e-07,6.049916e-07,1790871720,5.926399e-07,price_stop,0,-0.21633,-0.25949,-0.24526,-0.23956,-0.24591,-0.32775,-0.56249
T6-H5p-relaxed,3Z18mQS4HbEL9bFBfYM7LV9aYm4UoHikVPqmQ5zgxBs7,DATsdRRayDtud6PXRjTpirk4hoQJqxu4Mi2F5pT7DuPG,1790933342,1790938740,1.750826e-07,1.400661e-07,1790939220,1.271949e-07,price_stop,0,-0.27351,-0.31719,-0.30262,-0.2979,-0.31071,-0.44235,-0.80868
T6-H5p-relaxed,8HnLRKJ6XkeGq1tpmKPqn3yB5ruqbSR5LR5nVCNAshop,6UNreUfUuNwX9EorTRcLgmJ29nH6gCVuQsJogsq569eN,1790513572,1790523660,1.595682e-06,1.276546e-06,1790523960,1.302313e-06,negative_flow,0,-0.18385,-0.22865,-0.21376,-0.20731,-0.21111,-0.27068,-0.58566
T6-H5p-relaxed,FVsZHrjBWRJA7nBk6XNJ2Jg9M8v4MPsVdprpg3EAgMHr,7McrNmv2mZ4u9XpdqSuPtm1iiTWhYjsUA7APZx6ZivuL,1790188414,1790193240,5.350919e-07,4.280735e-07,1790193960,4.257330e-07,price_stop,0,-0.20437,-0.24743,-0.23353,-0.22833,-0.23662,-0.33482,-0.70966
T6-H5p-relaxed,FHZjVnetL5QyenPh8x9Z8k8zik1BinnbuYhpu2s7vDJD,FboJRB4jgqUrXZcMGMLcpnEs7eGUwNyMCAY5S5o23Ma1,1790387937,1790394600,5.434220e-07,4.347376e-07,1790395860,5.877222e-07,negative_flow,0,0.08152,0.03044,0.04485,0.04962,0.03745,-0.04984,-0.5925
T6-H5p-relaxed,HiKS1Czq9x16ALXL7bHMirHBzT2MwkeuNojZHoikUqwu,HgQdjZhuMdCL6D7D9diitoAyDSvwHxVBk21FwAgfAtPr,1790806038,1790815320,2.893355e-07,2.314684e-07,1790816460,3.165407e-07,trailing_stop,1,0.26841,0.20316,0.21287,0.20202,0.20454,-0.36168,-0.63804
T6-H5p-relaxed,3sJLXbRoBgVgeDnCCfmdSZuJQRtuyPRsJmMTCZumWH9Y,btpnkVs4vbJvpvyUV259oPikLuUkVo2CeJ2Q36rdesJ,1790653549,1790662740,1.587415e-07,1.269932e-07,1790662860,1.269932e-07,price_stop,0,-0.2,-0.24497,-0.23089,-0.22695,-0.24291,-0.39883,-0.80379
T6-H5p-relaxed,2r1QzuF3qG3Xq5NTNYG5XkPTsbUF3zWrdTs2JvGHpump,C3UvH3qX9x54cTgb95YNBt2gksX3t8jBF69MGD4tXGSs,1790232241,1790240040,2.214422e-07,1.771538e-07,1790240940,1.873123e-07,negative_flow,0,-0.15413,-0.19916,-0.18567,-0.18187,-0.19703,-0.34883,-0.77503
T6-H5p-relaxed,C2bj2HbEsnv7bSqQe2bQ7uGrf7MHXNN4cSmEVRMQpump,9GV1Etzq1h76FXtBdC9nApYbYXmEv3NTtwDeuTuLQqGz,1790963493,1790974560,5.897982e-07,4.718385e-07,1790974620,4.654121e-07,price_stop,0,-0.2109,-0.2543,-0.24006,-0.23455,-0.24202,-0.33358,-0.69883
T6-H5p-relaxed,12qmDF3Jh5CxA1KczHsbmfqr7Hdjntfn93oKvkEfpump,3MCjLN7mUAh9GLwvARKmMcQPHpkyDnjEdGLuvhND5eyP,1790699684,1790704260,2.686747e-07,2.149398e-07,1790704560,2.149398e-07,price_stop,0,-0.2,-0.24458,-0.23052,-0.2259,-0.238,-0.3665,-0.76457
T6-H5p-relaxed,74yJPG3gqQByxMpKauwadXXzYGX71FX4P5AG894wFHWt,5MrfrSJEEoVRANgKNQnaVPzPBBTKv8tg6kZWtn3fqdBf,1790944387,1790948880,1.912140e-07,1.529712e-07,1790949240,1.837114e-07,trailing_stop,1,0.31785,0.25009,0.26991,0.276,0.25657,-0.38285,-0.751
T6-H5p-relaxed,G8TTWtBR6AqxzMC8nSwdVt7NCUDGvqjUEWRr5SXdpump,HDtqwX8psdRRcDiD6aGv9GCbJ4bUucFjFunCKvMbrSQC,1790201643,1790205300,6.823604e-07,5.458883e-07,1790206440,7.685523e-07,negative_flow,1,0.3769,0.31122,0.33022,0.22041,0.32684,0.19494,-0.53979
T6-H5p-relaxed,7mEhH5gsuwPeBC9n9C2XQJdXinWhKGfNhrt4r8db47Cn,5bYtv8P5197JM6oKwAt1hZBo1xJ8m7VTco1NArmqMv6B,1790857169,1790866440,3.002531e-07,2.402025e-07,1790867280,2.308749e-07,price_stop,0,-0.23107,-0.2748,-0.2607,-0.25584,-0.2666,-0.38404,-0.76365
T6-H5p-relaxed,8LHgAXXPbMVqd3wmAQbTu4NxuRRe3qowgUSLiKmFpump,AatUCcoFPRovvTrSLUzN8yfjuvnQHfVoThKQiyfsHvEr,1790280704,1790285880,9.871979e-07,7.897583e-07,1790286060,6.291202e-07,price_stop,0,-0.36272,-0.40235,-0.38799,-0.38178,-0.38548,-0.44211,-0.71059
T6-H5p-relaxed,5bC5qwmFiNf43ByZbjM9LyV5Lu4veGkPNHGdfG1zpump,3p7zq9fZJxRp6HE99S4cuBve9tteXMrYqWVHEztSYaUb,1790102161,1790105820,1.521592e-07,1.217273e-07,1790106300,1.254875e-07,negative_flow,0,-0.17529,-0.22081,-0.20683,-0.20314,-0.22024,-0.38485,-0.80253
T6-H5p-relaxed,2Huhr8rHzgsiVF9zB9dBjECKwF4Le9TzBCoye4qGpump,EKUhZ1vYttKxrQtXpJgKjAzthwSQtvdYJhudW1qZD7ZT,1790140642,1790144640,5.282194e-07,4.225755e-07,1790145840,8.694145e-07,trailing_stop,1,0.59664,0.52454,0.54403,0.55083,0.53629,0.47627,-0.32875
T6-H5p-relaxed,8eXxNU1Tmfhy4Wk47UMoap9z92KgjW7hJuUdxWNgpump,3zHDsYttqWAMnjWwiWRfSSuzEk2dVuJjEY7MQsSKS99S,1790477406,1790481240,9.228792e-07,7.383033e-07,1790481960,6.901591e-07,price_stop,0,-0.25217,-0.29513,-0.28042,-0.27425,-0.27916,-0.34827,-0.66818
T6-H5p-relaxed,3MPMS79faRVnM99tdHJFEwit6pRMeQQrWfmX32dmpump,8TqyBEPyFRNg3khB2Gr2uvDdUp6FGRYevwe66Z5QE47R,1790227038,1790232780,3.506794e-07,2.805435e-07,1790233020,2.764484e-07,price_stop,0,-0.21168,-0.25539,-0.24158,-0.2368,-0.24729,-0.36284,-0.74912
T6-H5p-relaxed,FEVYjz1uqrGxF5gUfbAb7hHUTGFv7hycLWywsanJtLhm,BZXt8t6r99tQDjHMEfcGaWA5hxD4b3D53S1eehonGS5g,1790860957,1790873760,1.080894e-07,8.647152e-08,1790874660,1.047436e-07,time_flat,0,-0.03095,-0.08001,-0.06654,-0.06465,-0.09042,-0.31706,-0.80459
T6-H5p-relaxed,B8A4bitd8bfsLYZQ67qbuwQxAZAY7D1UCXjJoYd2pump,5hiEDaJaVzGFfktmPLLCnPYznEwECS6TnKYoWTC9eFxF,1790452717,1790456460,2.580440e-07,2.064352e-07,1790456460,2.036537e-07,price_stop,0,-0.21078,-0.25584,-0.24131,-0.23639,-0.24806,-0.37346,-0.76554
T6-H5p-relaxed,DW79CfEpK5MLabxWUUAEqFff99hkkkiyQFhGPRZxpump,2hzLncp1rXrBNaoKEYkEK8b87jhMLNRrUj6dKCwUDZsP,1790415893,1790428860,2.296134e-07,1.836907e-07,1790429760,2.236810e-07,time_flat,0,-0.02584,-0.0755,-0.06124,-0.05737,-0.07424,-0.24364,-0.73307
T6-H5p-relaxed,7Xgc5RacHtGzfhw2HukUBk5V986yBbvshr7rrCoopump,4wbt5gf46kCt9dhzNFVtAEn5PnFr56U5HTpw27TVytvV,1790247790,1790256480,1.333731e-07,1.066985e-07,1790257200,9.226532e-08,price_stop,0,-0.30822,-0.34959,-0.336,-0.33214,-0.34714,-0.49111,-0.84146
T6-H5p-relaxed,ADh5bGPJ3vEL7Vds69sec8CzyxUPWguMfhmuH9Rmpump,6VZgPjmxyMmceMM33dwNEf9kV5Avv2ByJQGk6HDnFvvi,1790734285,1790744820,1.326317e-07,1.061054e-07,1790745720,1.475091e-07,time_flat,0,0.11217,0.0591,-0.25082,-0.24707,0.04713,-0.19808,-0.76025
T6-H5p-relaxed,4637zwiYPNMJwvG4E2c8k4yEwz9U6TkuvuWPqESSFkgE,99v1BdqbymodHD73esV4aRVowjKhrmvpXUZDV6fXfFv2,1790444553,1790454540,2.785872e-07,2.228698e-07,1790456640,2.115544e-07,price_stop,0,-0.24062,-0.28472,-0.27026,-0.26521,-0.27588,-0.14262,-0.68704
T6-H5p-relaxed,gBKgRzx2JZ3gSanVAN7aWDKNDbSTxSx4WTWNvywpump,AL8E3nwfLdMXpPrha9bhDgpRsTA9pymikjwp1BughfyK,1790328593,1790340060,9.223510e-07,7.378808e-07,1790341200,1.180341e-06,trailing_stop,1,0.40229,0.33456,0.29365,0.30186,0.29408,0.37325,-0.40718
T6-H5p-relaxed,arpmqKuWcVQ4Q9M4LPLaMPmvP55NdnLxdjecSPfRgv6,5jkov4tz6JraFiUf7dzk49Td2yUWpFrq39LBj5wQtnSf,1790375454,1790382720,2.424374e-07,1.939499e-07,1790383440,1.712629e-07,price_stop,0,-0.29358,-0.33656,-0.32197,-0.31679,-0.32708,-0.4397,-0.79085
T6-H5p-relaxed,4dBsoKgo7XypAQjKH8MYiddJ2VEhdK9kJpLYHJ6zpump,D2cumxJRpur9bPYdxsyphNu16JdQJbqWHiKBQEgUrpYu,1790459683,1790463360,2.302497e-06,1.841998e-06,1790463720,1.841998e-06,price_stop,0,-0.2,-0.24425,-0.2294,-0.22279,-0.22554,-0.27489,-0.55853
T6-H5p-relaxed,HFmqDN4HYT2Z1fA4ZCpa8JQbPqbwexZdkk6a8Y9gcKnW,2PbGERvZC1CRHTd7GfRKVHRGAYQ1eLzXSgFoko1CUbmK,1790914245,1790919120,4.203960e-07,3.363168e-07,1790919300,2.865782e-07,price_stop,0,-0.31831,-0.3604,-0.34559,-0.33972,-0.34666,-0.43254,-0.75543
T6-H5p-relaxed,6Mi8oc4mMCii1fF1jEbvNbR1jjVTwFazCTSPvWVupump,7LaiCzRbumUYpzunug3AWmi9QjAe1uXR43Tc2eSY2CJA,1790349753,1790357280,1.660408e-07,1.328326e-07,1790357280,1.328326e-07,price_stop,0,-0.2,-0.24532,-0.23099,-0.22682,-0.24212,-0.39376,-0.79827
T6-H5p-relaxed,563JVQQrNwonELv9svhGLQV8nDFoZLYyfmrcEVkiZLFt,32GNLvApTzMrwbuNWiB7CjVpBUPGvmCwGS8QbNhPjviZ,1790188096,1790191740,3.173647e-07,2.538917e-07,1790191800,2.119759e-07,price_stop,0,-0.33207,-0.37275,-0.35887,-0.35376,-0.36247,-0.46122,-0.78908
T6-H5p-relaxed,DMZtsWeDaPRGU4ziXxcEMuPbXh1BmDm5iR9LirT8ZoHG,A2ZBmfRQbkLH9KaGSfauCEhWMhmYADQYEST4hzjRcPZr,1790395582,1790401740,1.067562e-06,8.540499e-07,1790402520,8.204845e-07,price_stop,0,-0.23144,-0.27485,-0.26016,-0.25395,-0.25862,-0.32567,-0.64691
T6-H5p-relaxed,D4NvkcZ7U8TSkMnGGfgB24Dv2J6ZQX48ki3odCjQpump,3tbsUxhToRF8E3C7wUN7aVbQDRV6nQcwK2KmW2K7iCTC,1790282682,1790286300,4.877955e-07,3.902364e-07,1790286480,3.902364e-07,price_stop,0,-0.2,-0.24403,-0.22986,-0.22459,-0.23318,-0.33423,-0.71333
T6-H5p-relaxed,9Ck4YjVqZiAvZbie8LvnMTspd671qpM9hCDXRgTcpump,3QbEXvkAtWcnaEikV7D8w2vFGNs2ipXCHUpWP95VcDNa,1790744168,1790749620,1.024550e-07,8.196401e-08,1790749860,6.079065e-08,price_stop,0,-0.40666,-0.44629,-0.4322,-0.42785,-0.44136,-0.57088,-0.8709
T6-H5p-relaxed,D9QYds4z8vSyxM4t6GvjeKFkkLLLWS5m3LdJEThxKyzB,2vZ8xpjSgvF3wy9Vd11GirEEP7o4J6gArVs6nBzocjDK,1790501465,1790505360,1.062413e-06,8.499305e-07,1790505600,8.499305e-07,price_stop,0,-0.2,-0.24494,-0.22979,-0.22337,-0.22812,-0.29676,-0.62881
T6-H5p-relaxed,CwGLcEiTZJ2inndc8NBzKvsBBDGS1g613hWBFMxu3eiB,AU2ip9Rq1QmTPs3P18fm27VGZFQd4ZiAej68yKZCKFJj,1790148113,1790156040,1.835230e-07,1.468184e-07,1790156940,2.138975e-07,time_flat,0,0.16551,0.11164,0.31163,0.29043,0.102,-0.13181,-0.72214
T6-H5p-relaxed,3FjQtnV6LnW2bpLFbNBYiNes2dao56t9cBnZkqwGpump,Ho97YRAdDn2qJtPjPmExqxYUHyTbwcGPeM63GWz1V4VV,1790558401,1790562120,2.178159e-07,1.742527e-07,1790563020,2.104276e-07,time_flat,0,-0.03392,-0.08322,-0.06908,-0.06535,-0.08265,-0.25475,-0.74121
T6-H5p-relaxed,HMXe89qJWYDCH3VmN85JwvdDsW6v6GkJc7pobG4AnZct,6KR1iYuVYqRYWPYtLVs3WgPtQWZrMZtZN4aKuDXTsVmV,1790646516,1790660220,1.157172e-07,9.257375e-08,1790660400,8.868796e-08,price_stop,0,-0.23358,-0.27755,-0.26368,-0.26023,-0.27825,-0.44568,-0.83324
T6-H5p-relaxed,22NNkNNGK2xthvAayiuCt5aSCXjVEu4LFeFBPxiBpump,Dq8duGmHXKHuLbjXNGwtCB6UdqnRPznGQGAEqY1jpwYk,1790585323,1790592360,1.026317e-07,8.210532e-08,1790595120,8.210532e-08,price_stop,0,-0.2,-0.24498,-0.23113,0.15543,-0.24832,-0.09045,-0.75225
T6-H5p-relaxed,7GUnr7krtQhJwd6ASY2VUprd9t4c64zcgCsjdmZepump,BRjMA8UALNp3diTKHfdeAn5riQrYPoaYez7KhYWD4oEs,1790216955,1790230080,3.015417e-06,2.412333e-06,1790231400,4.203814e-06,trailing_stop,1,0.59896,0.52821,0.36104,0.3589,0.35506,0.47097,-0.257
T6-H5p-relaxed,5H7CxPsc7Pcjz6bjf9RJqG2ECYNyyPa2STwBZZSTpump,2vbb9b59EHEU2h9q7MwgBMn2ah3urQ1EcgQ9Hi4MXgkA,1790549718,1790553720,1.432642e-07,1.146114e-07,1790557140,3.614161e-07,trailing_stop,1,1.59731,1.49695,1.51536,1.51467,1.46038,-0.00868,-0.70279
T6-H5p-relaxed,3dMEcjM8s9PPPVsw9YxprmZnhYsnqKmhqghfaM1etA9q,G943i6c4uTQDxCPqazKifE8rUH1sxxBsGV6PL2QA3hm9,1790418682,1790425080,9.984980e-07,7.987984e-07,1790426040,1.149174e-06,trailing_stop,1,0.39507,0.32745,0.34749,0.3557,0.34781,0.23955,-0.42461
T6-H5p-relaxed,GtDd9j5kjNBCwsPJ3t4VvdFDiDutiWqL57xjRsmypump,3f5QT66trrPqqjv8rBR9ff6igGRZfq3msUGnAKkDXSRn,1790948438,1790952660,2.356524e-07,1.885219e-07,1790952780,1.885219e-07,price_stop,0,-0.2,-0.24512,-0.23076,-0.22612,-0.2388,-0.37189,-0.77185
T6-H5p-relaxed,XbhKhUGorimTA5PLANoMCkacquguY7Q5qhK5iUmpump,AZsHGyg66hRGmFkjNayLZ31T6sujVo1pJj2gQWcpUBDs,1790249333,1790254500,1.139325e-07,9.114601e-08,1790255160,8.460205e-08,price_stop,0,-0.25744,-0.29993,-0.2866,-0.28343,-0.30161,-0.46815,-0.84306
T6-H5p-relaxed,BQtbEDcZRciafnXk5t5pFFaAiDkBAGufsRV3Ms9GJbiU,FmPbnsKeb1e2iVYbCiz7ZxmNhD5jnzzDCn5exdZmiAAG,1790128632,1790133600,3.993292e-07,3.194633e-07,1790133900,3.194633e-07,price_stop,0,-0.2,-0.2449,-0.2305,-0.22525,-0.23468,-0.34274,-0.72804
T6-H5p-relaxed,DKdgCkjE3jnzfouzpTBB3CJAC1Y8viAHJUqzorG9fpmB,38CdHy924MyVdFaoFV1mrw2657UJ38g9sEu9Czp8TivF,1790351637,1790363460,3.257749e-07,2.606199e-07,1790365740,2.606199e-07,price_stop,0,-0.2,-0.24541,-0.23075,-0.22555,-0.23589,-0.0463,-0.63988
T6-H5p-relaxed,6XnC2YXRnvT8Nx16Kny61sz3UgGjWGRKsGomTDRe8haa,8tjbRCFEsHr8hiCeKFQHhQa39J76BneT4RWNE4RmuCxC,1790528738,1790541720,4.547134e-07,3.637707e-07,1790541720,3.637707e-07,price_stop,0,-0.2,-0.24514,-0.2303,-0.22467,-0.23308,-0.33329,-0.71158
T6-H5p-relaxed,E28eQFoCPndfLUPnxYgEWHhbnEVqSpyNPgAacoAEpump,FVc7EaaSg9a5BYz2y3nuemmjvfq2BRWXopjjocA1G593,1790037054,1790040660,8.956034e-07,7.164827e-07,1790040900,6.299450e-07,price_stop,0,-0.29663,-0.33793,-0.32357,-0.31753,-0.32224,-0.38867,-0.69214
T6-H5p-relaxed,3uJhcxrYEAzf7epifwYwaGDH32F27nzKyRH4kHixpump,EtvhcPGLMndbFVPpx31hb8sPV2bG8AmVHwNwWjs339HR,1790235974,1790243220,3.709766e-07,2.967813e-07,1790243340,2.761113e-07,price_stop,0,-0.25572,-0.29794,-0.28431,-0.27946,-0.28899,-0.39579,-0.75898
T6-H5p-relaxed,GJKZgTVHLGD7d31fDEkfbT4qgyThTREKHazwS6G4pump,BwqJAXf8gcqv5vmi7TtRFBKi2XpJF95chYgb6GBpRgHG,1790584601,1790588640,1.599046e-07,1.279236e-07,1790589540,1.543087e-07,time_flat,0,-0.03499,-0.08399,-0.07021,-0.06726,-0.088,-0.28321,-0.77202
T6-H5p-relaxed,mXrsF4j1M4SoLvUzq9MiPN2xpGE21kDR2bTSdZipump,AQcFvbNB8b3hBtxdz6sM7FPPswPwrm25rFLDF1zetpkE,1790786591,1790790660,2.024759e-07,1.619807e-07,1790791560,1.988245e-07,time_flat,0,-0.01803,-0.06763,-0.05362,-0.05016,-0.06868,-0.24987,-0.74564
T6-H5p-relaxed,4UMfNn34DQVnhh6TphH4dGYYuJWuVskq5mKNZ4ZMpump,GQxeZf5KKpMfeuNtwaSMmcFyt4qcUFR7mkZDMC4zXgia,1790565231,1790574660,1.229056e-07,9.832445e-08,1790575560,1.089483e-07,time_flat,0,-0.11356,-0.16081,-0.14693,-0.144,-0.16503,-0.35813,-0.80646
T6-H5p-relaxed,2x2Q2JH81iMqvFCSQAJVKhHcSBHko7TqYPXyM4eypump,6bfjhUYVgXXenfLzDTBD6rr3434yqWuAvbZJJxa5QDn7,1791005973,1791011580,2.200675e-07,1.760540e-07,1791013740,1.525242e-07,price_stop,0,-0.30692,-0.34927,-0.33488,-0.32989,-0.34066,-0.01437,-0.67004
T6-H5p-relaxed,26RJptVLvch6Zu2pm1Ftv6UYhbS1gLFUc7M7VP2Gpump,6fmEKZFSZcVS1CdQReCsrtRzVMXvXsbaantdH3f6mo9v,1790761207,1790774580,1.110743e-07,8.885944e-08,1790776320,1.442935e-07,trailing_stop,1,0.37019,0.30126,0.32055,0.32495,0.29744,-0.43482,-0.68743
T6-H5p-relaxed,HdVRDV4f5qcmGMK7Ag6gYHDwddcbuHLmuCUxCRDBsGti,2NErCmqxfZh9CPdTYbrxe4uoqn2x2JXCJCegGNSUjGfA,1790112509,1790117880,1.027258e-07,8.218063e-08,1790119020,8.034962e-08,price_stop,0,-0.21782,-0.2624,-0.24849,-0.2453,-0.26486,-0.39388,-0.82491
T6-H5p-relaxed,GuAyLSJKDaD6NWoJEyn774HobZnhQaqiskSfNvmLpump,2jQyVRTYEdL8BgQb45aFgAoSngp1aUHAqvMwRAsQSCCS,1790102890,1790113980,2.976113e-07,2.380891e-07,1790114880,2.851865e-07,time_flat,0,-0.04175,-0.09045,-0.07641,-0.07225,-0.08692,-0.23944,-0.7156
T6-H5p-relaxed,GATfTKNDEydqTJwTyDhhu6UDGkZS4iE4Vctv8nBspump,EKrE56iLY4qq2SkPYNhzQjXeiX61MkBEw9zHzz8tst6H,1790492127,1790496840,3.264036e-07,2.611229e-07,1790497740,3.344841e-07,time_flat,0,0.02476,-0.02684,-0.01204,-0.00748,-0.02188,-0.17495,-0.67881
T6-H5p-relaxed,DXrrBJMjK3xAV7YvuWAg42aeJHck3GmJmcN78HfDpump,GjTcKLhAALa5P3cN9GnU4hGQb1aCTfvjVe6X9vpjScC6,1790633893,1790644800,5.090944e-07,4.072755e-07,1790645700,4.469666e-07,time_flat,0,-0.12204,-0.16748,-0.1534,-0.14836,-0.15804,-0.26941,-0.68605
T6-H5p-relaxed,DRKGYsGALqr5p2aTcGLK9zqiPB5wk7JV78bJv4mPpump,6BZF1A29Pkke5bjkW2SM64HnaYYRWVFAHKNRK3emoCwe,1790451061,1790455320,2.720134e-06,2.176107e-06,1790455500,2.065715e-06,price_stop,0,-0.24058,-0.28372,-0.26892,-0.26223,-0.26437,-0.3074,-0.56457
T6-H5p-relaxed,ELtqqcoaM4b3otb6YdNNgUbke2wkh1o5TLctGWNB8sH,ARAvNv7eXpkxyHDRwF8LxJQR7yG5fEshsa6SzEQULbke,1790818593,1790822520,1.563209e-07,1.250567e-07,1790823000,1.250567e-07,price_stop,0,-0.2,-0.24473,-0.23081,-0.22701,-0.2433,-0.40127,-0.80636
T6-H5p-relaxed,2RFUG2WSvR3v4pGSGj5yNKiFrNM1EhyQWr4XvvHBpump,2aYPEYk6Mxguhqfv6frMkFpNhiPZZYVunLspuX7GRqBu,1790721759,1790727000,3.048747e-07,2.438997e-07,1790728740,4.412647e-07,trailing_stop,1,0.46719,0.39744,0.41676,0.42292,0.40518,-0.0375,-0.64816
T6-H5p-relaxed,14kH2osUyEJnqBZ7yFK4pLKJGuPZU4pr1enhi2ZLEmRw,4X3wyYcGk6GzVR8nmsfXeZcGniAehAE7yPiTALoUfRAy,1790455242,1790459040,3.292356e-07,2.633885e-07,1790459940,2.913814e-07,time_flat,0,-0.11498,-0.16243,-0.1479,-0.14304,-0.15502,-0.28542,-0.7195
T6-H5p-relaxed,AuHt7PrmWVS9hsgpy967rKXWiMvc8ZFMKvRgm5W5BMRp,7jtrRtcZiC679aPtSZeui6iUTaUyrTrQbD5d8GYnPK4Z,1790498431,1790502900,3.606808e-07,2.885447e-07,1790503440,3.064678e-07,negative_flow,0,-0.15031,-0.19747,-0.1825,-0.17715,-0.18751,-0.30473,-0.7159
T6-H5p-relaxed,FjiSfapjARg6j8JJdJiZdov7Z5bTjy56qqBFKNCApump,FUEAWLjj4uiWhNiCYTb8UiQnZk7yrVGYHT3EjzyEG7n2,1790267387,1790272380,1.622066e-07,1.297653e-07,1790273040,1.297653e-07,price_stop,0,-0.2,-0.24451,-0.23071,-0.22694,-0.24308,-0.39995,-0.80498
T6-H5p-relaxed,7qt6ZK9kA9rdYSvospoZAcGJu6rYS6ngZrSkAr5iwWc1,BMnWwgLmmdMFTQD5cntFAiuhngZkjrwEWeDp7E4oA2sX,1790687952,1790693280,2.394427e-07,1.915542e-07,1790693880,2.472940e-07,negative_flow,0,0.03279,-0.01829,-0.00411,-0.00047,-0.01841,-0.19753,-0.71628
T6-H5p-relaxed,41RgtUg6VDvAm37UeHEhopzuJYJFJmf4BCtHsf5ppump,EXdDpxugUUjJYSw59yNwKEUqbJoDiKfFSC9t3JceXqWr,1790260354,1790265060,4.529238e-07,3.623390e-07,1790265180,3.475152e-07,price_stop,0,-0.23273,-0.27572,-0.2617,-0.25648,-0.26504,-0.365,-0.73149
T6-H5p-relaxed,6Wr7KF4F1NZ3cMxCQzaSr3kEha2uLnCYKbEC3MD5pump,ARkwuoSLhDkkWMgx2LAvPvMtwysD5Y833LGWZ7oDtkEo,1790120623,1790128200,6.165103e-07,4.932083e-07,1790128380,4.419160e-07,price_stop,0,-0.2832,-0.32495,-0.31059,-0.30481,-0.31102,-0.39076,-0.71831
T6-H5p-relaxed,DF9oBsUXmzpLHD39Z2ep8A3FoajL9QhNL4ETfqz9pump,CNFHMW6cr6LgzBnc9CmMX5JdiKYcWq2pd2zhRtxG3zuF,1790212292,1790220720,1.082495e-06,8.659958e-07,1790221020,7.233517e-07,price_stop,0,-0.33177,-0.37162,-0.35759,-0.35157,-0.3555,-0.41419,-0.69433
T6-H5p-relaxed,DS6ePhDssKU2aW4Wyw424CRC7fYDHygmNu4cyMCc5vq4,3G8tvCiP7JnTWBr78WrgDFyTAS17VAcw9kDYDv7vmbrL,1790603769,1790617260,8.214821e-07,6.571857e-07,1790617560,7.104157e-07,negative_flow,0,-0.1352,-0.1808,-0.16629,-0.16054,-0.16738,-0.25478,-0.63723
T6-H5p-relaxed,9Xax6YJkh3MqE1BTtJ99K16xMFbeJ45mEeBZYG9Lpump,DzNSq5jnNZdP2L7cbptbPsbX4DF2Hobsd8ya3HADp3s3,1791002922,1791009300,2.032489e-07,1.625991e-07,1791010200,1.852212e-07,time_flat,0,-0.0887,-0.13658,-0.12244,-0.11858,-0.13518,-0.30024,-0.75973
T6-H5p-relaxed,DkQYd9q2p7VSruiKhj54wu4F9CbyqruCRKFewg3dpump,5Mp4Z17NNdanseQa2yqg2eEE5xVSognN3ffDgksWeCm1,1790812557,1790824080,2.374273e-06,1.899418e-06,1790824860,1.735907e-06,price_stop,0,-0.26887,-0.3109,-0.29637,-0.28984,-0.29217,-0.33666,-0.59411
T6-H5p-relaxed,CAELXnujtLuKSQPkxzQ3Siv8ShvT8sduZvBUNJ8WJ85C,8XaHRBqF6jGjsB7sMEzpNfvAJeCusTvhzK1WcF3AkUGw,1790387553,1790391180,8.011664e-07,6.409331e-07,1790391300,6.254849e-07,price_stop,0,-0.21928,-0.26328,-0.24847,-0.24238,-0.24811,-0.32496,-0.66704
T6-H5p-relaxed,5Az92KHhqxtudSbqZ2yrQ3LWfkS3ktKkER3FVVLzpump,ED82b4y5xcBTeD1HJRPdDg9d1oGMbZ6CbWt1EA9HWHNs,1790492800,1790496420,4.184372e-07,3.347497e-07,1790497080,4.733803e-07,negative_flow,0,0.13131,0.07762,0.09242,0.09698,0.08253,-0.07347,-0.62099
T6-H5p-relaxed,DHT1Ko1NcGu3wxmV3J8Vh5zbqWKxq5ustAgC2AWrpump,6TeiEwAHFuPCEgzAMvFTgpV7nfxpU8NB3Xh4d5wFGaXm,1790651707,1790656740,3.832911e-07,3.066329e-07,1790656800,2.807220e-07,price_stop,0,-0.2676,-0.31037,-0.29619,-0.29093,-0.29961,-0.39995,-0.75385
T6-H5p-relaxed,5677jqYHSWFdmaoue1J8KGV7WCjQv3Zrq76Bsy8y1a3S,EMyZjvbmZLAjx3apVcSMADBaH7XsoakmhciBS36dAkpx,1790461560,1790466900,9.176259e-07,7.341007e-07,1790467260,6.927591e-07,price_stop,0,-0.24505,-0.28833,-0.27354,-0.26734,-0.2723,-0.34201,-0.66488
T6-H5p-relaxed,3tzkdxJ1qVCaPAuWmd8FjRFKUbwMYpLUAq5gg4Vopump,B1zosT5SqjsEGRSU1cGbSVJrkVYL9zzFXDa9cmZWRhZt,1790207523,1790212140,1.105784e-06,8.846270e-07,1790212200,8.846270e-07,price_stop,0,-0.2,-0.24307,-0.22906,-0.22328,-0.22857,-0.30076,-0.63968
T6-H5p-relaxed,FdWgweu4TULjE6Vx9UDt44FZfpeVV3ixVFpthwtmWCWg,4kvXTSTqMNZRFBeen5NvF3wEGHYxG91ZXdB65avsXkCb,1790165779,1790169900,1.675003e-07,1.340003e-07,1790170140,1.080966e-07,price_stop,0,-0.35465,-0.39524,-0.38125,-0.37661,-0.38834,-0.50861,-0.83465
T6-H5p-relaxed,CvGrKzmaonHfXNTtjRx17Wq94LHhJJVdNKAAbbnNpump,EPdZgxb81JYiB5ronJTtzKWnUCi5makQZs2gQj98W6n8,1790348754,1790352360,1.808209e-07,1.446567e-07,1790352600,1.230602e-07,price_stop,0,-0.31944,-0.36182,-0.34727,-0.34233,-0.35387,-0.47472,-0.81733
T6-H5p-relaxed,GavQxkBXLg9Qwvxgni8SLJAnxLL592j55jVS2fnFpump,7wJSkAxZbKUEGcZPRUxBiQzwkPdmsepRvsvcJuyBWGwU,1790307923,1790316960,1.300250e-06,1.040200e-06,1790318520,1.116642e-06,negative_flow,0,-0.14121,-0.18596,-0.17178,-0.16592,-0.17115,0.05544,-0.4585
T6-H5p-relaxed,J6rYa7tX5UeFs3dSKiSLjgq4RE7ywaorkSSjpykqSiSL,CgWe8h6wW7j8ijhQeLe6i5a4mV4i5kdyXL3nijTEEBe2,1790438118,1790447760,5.649329e-07,4.519463e-07,1790449440,7.106061e-07,trailing_stop,1,0.36117,0.2942,0.31417,0.32184,0.31101,0.06941,-0.54258
T6-H5p-relaxed,2pa1wG5eV8GZeUreS1kau7Hxjupm2miVKW9TieYkEPum,2oj7tESB1SUf3eRo7xEEp1B3W74wTTh1CtwPVheZ5acH,1790887325,1790891100,1.931343e-07,1.545074e-07,1790891820,1.800662e-07,negative_flow,0,-0.06766,-0.11565,-0.10184,-0.09838,-0.11638,-0.29174,-0.76298
T6-H5p-relaxed,2FnCYnL5bmXXpqsjGwEysxUK5NRhKvMusq3qarM2pump,F4VYw2jboKTNpCd45TK3V8VxFX9W9DwKswmQqHy9VEMC,1790774372,1790779260,1.399603e-07,1.119682e-07,1790779680,1.070572e-07,price_stop,0,-0.23509,-0.2792,-0.26511,-0.2612,-0.27726,-0.43217,-0.81962
T6-H5p-relaxed,Dzxv15vQ3TYcPM8tySUqf872jquTZRAVW9bReBM8pump,G3aXEAqvdrQ5RJ9r8QZNK8CKgqWYmb7VD4HTYjwxrSzH,1790439065,1790443680,1.206458e-07,9.651666e-08,1790443980,9.651666e-08,price_stop,0,-0.2,-0.24548,-0.23121,-0.22758,-0.24567,-0.41573,-0.82071
T6-H5p-relaxed,7S1pH2coVoBgzr23gnMpU2nirjCJbrnJGR3g6zmZhzZc,Apxyd8rVyQBrDa9SPJBbXzszzKxwsHAMede5LD51u4H2,1790392080,1790399040,3.963868e-07,3.171094e-07,1790399760,3.618341e-07,negative_flow,0,-0.08717,-0.13509,-0.12066,-0.11575,-0.12713,-0.25342,-0.69539
T6-H5p-relaxed,BZGumNTekUArQmNi6DsY5uzoDrpKpe1CE8syzX9PJN7,EZtRY7H49e8JYyBTjfc4d9swv7MeHmeWBnXzTRvB9mFz,1790426769,1790434680,1.373738e-07,1.098990e-07,1790435040,1.143508e-07,negative_flow,0,-0.16759,-0.21382,-0.19957,-0.1959,-0.21377,-0.38404,-0.80568
T6-H5p-relaxed,9ZdLqWeyvgrHWVXW3wQGXg62RSxAp9RxbnWtC3gfpump,FFXwZMCRQy7jLr14KN1MqZTyX3ef3enTKD11a6psaZg7,1790473369,1790482080,1.287943e-06,1.030354e-06,1790482680,1.030354e-06,price_stop,0,-0.2,-0.24416,-0.22945,-0.22319,-0.22757,-0.29226,-0.61591
T6-H5p-relaxed,B5R7Xt9pXBHDAs2jkJ67nM2Wwch1napBsdzMxk56qpJk,G5sqxttkSJv5wcj47Y4CPRDuqsPCZy7jCLuBQ7MyXhJ9,1790624360,1790628480,2.982201e-07,2.385761e-07,1790628480,2.385761e-07,price_stop,0,-0.2,-0.24476,-0.23054,-0.22571,-0.237,-0.35946,-0.75455
T6-H5p-relaxed,ELXWi2EhoYbk1MuunPP1K4Fjov9AgQh6t1MQcptApump,6Kqu3Cwipb56wZoxXaXijuctwqkyaZjpnzsrGeQBLsds,1790758327,1790764080,1.558388e-07,1.246710e-07,1790764980,1.467667e-07,time_flat,0,-0.05821,-0.10693,-0.09294,-0.08976,-0.1098,-0.29945,-0.77648
T6-H5p-relaxed,F3S4WDfKUhe72EyuM3YQkEPTqE6aDzGzggj77JK1TQw2,JAGsdsCfnfmyF9bHVm3iA3McQxqX2bp7hfZyTmL88f4R,1790915369,1790919840,9.638183e-08,7.710547e-08,1790920140,7.700817e-08,price_stop,0,-0.20101,-0.24669,-0.23241,-0.22914,-0.24933,-0.4323,-0.83505
T6-H5p-relaxed,9DvtnrMoGWwGpBQUqMWhTxxtRjsuuBPE6Uu9ZNn5pump,3pzfLes3BE3KycXhxLsKzNNrxfT8dcEsaMApkPLLDu9v,1790107586,1790111220,1.287190e-07,1.029752e-07,1790112180,1.872966e-07,trailing_stop,1,0.51888,0.44699,0.46572,0.46945,0.43959,0.59963,-0.64109
T6-H5p-relaxed,6mEf9TXKfFwAd3xSGXRDq3cMb3q8H4R8wEqWsqWxpump,3jwZSgx2NuNdeWkSUtrRzPNmUPdDRSt2A8qSygxob3Mi,1790416879,1790427240,5.837548e-07,4.670038e-07,1790427420,4.587815e-07,price_stop,0,-0.21409,-0.25808,-0.24342,-0.23766,-0.24484,-0.33424,-0.69586
T6-H5p-relaxed,3x2NqY94bxePELsKqF3yn94iRSk8NvPd7MndeV1ypump,GcWjNuxysNJGb3kgZ46UmsjVSwuPNF6PwkEJNi81AL22,1790945949,1790953260,5.542678e-07,4.434143e-07,1790953260,4.434143e-07,price_stop,0,-0.2,-0.24417,-0.22964,-0.22403,-0.23173,-0.32567,-0.69729
T6-H5p-relaxed,8JGziVgRZKyrsjWZ2FbsLiF1YnZufmvuyNuLnrauiPzC,3yhTEhgiFXtFE8VZFUZ9M3gdWpFFvK1vhfNEagZEkmxb,1790590207,1790594940,3.373171e-07,2.698537e-07,1790595120,2.698537e-07,price_stop,0,-0.2,-0.24472,-0.23048,-0.22551,-0.23604,-0.35265,-0.74424
T6-H5p-relaxed,Gd28K8mXV6AsDyjpHnREdC6zetL3XVrLY2yk1urZpump,9xVi3514hnzQa8VCq3VfLeRqsyqd3havAu1efdnLxNoB,1790887562,1790893320,7.569922e-07,6.055938e-07,1790893440,6.055938e-07,price_stop,0,-0.2,-0.24373,-0.22939,-0.22367,-0.23016,-0.3135,-0.67114
T6-H5p-relaxed,ERu7vbTVrsevpuMoYmSk2zqBPrhHxU9itTc7FrKftTwr,Br9htS6a8u5YGxkeE8oc41ZbH89mVMHWgx69XfCWsR3F,1790928823,1790935800,1.223607e-07,9.788857e-08,1790936340,9.669203e-08,price_stop,0,-0.20978,-0.25516,-0.24078,-0.23698,-0.25451,-0.42052,-0.82067
T6-H5p-relaxed,GhAP9Tb8RADFhxpAbyz96VFG8vGUzhMaPLMa38DvQFn2,BuKG2ytP83oWiSdHF1YjKmHWZEHWXLbxyQjPHRTiUwyP,1790918950,1790922840,6.069043e-07,4.855235e-07,1790923140,4.403911e-07,price_stop,0,-0.27436,-0.31713,-0.30229,-0.29625,-0.30232,-0.38153,-0.71111
T6-H5p-relaxed,3ZSai4T7MGJYdSgAA3ro1bGnVLQGbtdjBu9o23zCojvu,FZE2M3irUmELtWBCi694S1XCX5HGcEZjXELMWmp4XsFv,1790706107,1790713440,2.806093e-07,2.244874e-07,1790713440,2.244874e-07,price_stop,0,-0.2,-0.24487,-0.23061,-0.22581,-0.23743,-0.36249,-0.75894
T6-H5p-relaxed,5sj7hGXQVG2DXFT2TketJV8k4NAPdWBimw7A7Uq87u2L,4QzmMrpEPy2b8uwvxYLwymcS7duJbGKFW52DhHPLGKrZ,1790179441,1790183160,1.545984e-07,1.236787e-07,1790184000,1.195624e-07,price_stop,0,-0.22663,-0.27005,-0.2565,-0.25287,-0.26901,-0.42449,-0.8162
T6-H5p-relaxed,WDUv4yF8QAdb2hFHKPzhswnts5kviUQhqHoTQP3pump,93eq9TrYKSpQmYwBHdzWwVLEAaiAxFt2ftKr7VDt4RTh,1790699686,1790703360,2.787126e-07,2.229701e-07,1790704380,2.312035e-07,negative_flow,0,-0.17046,-0.21579,-0.20173,-0.19719,-0.20967,-0.27147,-0.73146
T6-H5p-relaxed,HXYQJ3xXXCHtMDgA3FzrzpXMKkR3CVrfpMsusuAxLBPh,9LeVx1BRBS4WXzug5wWDrD3N675Ar7uu5wjjmNdZ5bPm,1790435201,1790440140,4.128743e-07,3.302995e-07,1790441640,3.061353e-07,price_stop,0,-0.25853,-0.30236,-0.28765,-0.28202,-0.29006,-0.0808,-0.62914
T6-H5p-relaxed,2GyjqZhMUWxpuiVgypqV6KZ1agbzgitEVUU16mSnpump,5AMiVtueS8hLsSd5hF9tYEQ8fUtZxrpRcTuSPjgkPxoT,1790612904,1790620260,2.971986e-07,2.377589e-07,1790621160,2.843297e-07,time_flat,0,-0.0433,-0.09238,-0.07807,-0.07373,-0.08807,-0.2383,-0.71271
T6-H5p-relaxed,BRBWnFefv91UJTifhJ91SHefgPB3S6wMTyEyniGMywVo,9n4XyHyTFuAEdhLNJtMkCyChW83w67jN9bB7xBGXQdqq,1790889393,1790893380,1.270205e-07,1.016164e-07,1790893740,9.542196e-08,price_stop,0,-0.24877,-0.29234,-0.27841,-0.27468,-0.29136,-0.44945,-0.82983
T6-H5p-relaxed,26GZYEWdhxiP8wEzVyj9reBo59tL6wTkoYPJ2c4Cpump,CwQRYv4iyze3zFxsF8YrF3pPZ5wiVfNPoSzieRU569eL,1790288555,1790293320,8.186208e-07,6.548966e-07,1790293500,6.547084e-07,price_stop,0,-0.20023,-0.24372,-0.22951,-0.22381,-0.23007,-0.31124,-0.66551
T6-H5p-relaxed,yqmDP7DVtL78nqmVH1jMYRxTR7LixpssPBgKFynpump,DTzSNGRGJSV2UDAPT16wimEnz6HZF7zdLjMvXc44Zs9W,1790450295,1790453940,2.239808e-07,1.791846e-07,1790454840,1.926970e-07,time_flat,0,-0.13967,-0.18638,-0.17207,-0.16774,-0.18217,-0.32996,-0.76167
T6-H5p-relaxed,2SVkGBPF3f7zfp7v7SiSf6PSnN6DEKbCDbSo7QNkpump,3Mneri3xJb4d8tA3AvAz8CMaT3B67bQT8w4mRVRUbWKQ,1790848043,1790853300,1.705474e-07,1.364380e-07,1790854320,1.898666e-07,negative_flow,0,0.11328,0.06052,0.22053,0.22609,0.20576,-0.13402,-0.72704
T6-H5p-relaxed,thummB4jC8Sp36HbZsvdw2czXQDcQ3VBTMwDdLJEbuC,B9AKkTcmFnPiaszSjfy1hQEPM5SaMyXsKG9xXWRGs4de,1790688477,1790692380,6.576418e-07,5.261135e-07,1790692500,5.193761e-07,price_stop,0,-0.21024,-0.25422,-0.2396,-0.23379,-0.24054,-0.32628,-0.68429
T6-H5p-relaxed,8xSiWmXU9LeD5vcPS6g4m2vq92RpM1xXnwC2hbZzpump,BqY4k9BqxGBMgqGorzkuGkpp8Q7tzpRL8rwud1Szfy7m,1790696272,1790700780,1.361494e-07,1.089195e-07,1790701560,1.349915e-07,negative_flow,0,-0.0085,-0.05819,-0.04455,-0.04214,-0.06557,-0.27943,-0.78111
T6-H5p-relaxed,FFrRBPP9yWtSqnKjXXM9C77MBdLztfdgSnRE858zpump,ECN4kZK2V53YfvCk9mgbozRmRUcxrLfMbDVv2hmJ3FL5,1790871366,1790883780,1.521690e-06,1.217352e-06,1790884020,1.197126e-06,price_stop,0,-0.21329,-0.25657,-0.24218,-0.23598,-0.23991,-0.29991,-0.60987
T6-H5p-relaxed,7VwUXYsVJ9i2Dwmq2XLTGqcFyBcnYdS8GsTezGcPf94a,3N5yP57g3RpvbjX2GBMpo24kXQKZGct8kdButPW6VHtW,1790477665,1790481420,1.432855e-07,1.146284e-07,1790483400,2.288038e-07,trailing_stop,1,0.52,0.44748,0.46669,0.44863,0.44344,0.36939,-0.64242
T6-H5p-relaxed,25WqFGy3G86FvhrHEW9C16CchKT7ehLKq3pUXAdYpump,HZwBrdN3MgThh2iSkv4N1roMDiTwMA3MWcYMVX3kTatr,1790122410,1790126040,3.674484e-07,2.939587e-07,1790126040,2.782965e-07,price_stop,0,-0.24262,-0.28617,-0.27193,-0.26675,-0.27603,-0.38179,-0.74928
T6-H5p-relaxed,35MmkVyoE3PHieNwxjV1wvmHHQqvc4fgkAXWtawtpump,FkYRV3CJhGDFfw3sSgWhPqjDKtRcAopnXDorUEfW56JU,1790404378,1790417400,1.036306e-07,8.290449e-08,1790424600,9.554599e-08,time_max,1,0.22733,0.16216,0.1344,0.13948,0.11574,-0.04654,-0.739
T6-H5p-relaxed,4TKQd8HG5SnHvaMvXezsJuqQTJWkX97kvRp86oAHReq1,7Rqqj1WigX1W5soc6GRjTD84GN1oZFyRqyTF9Mkop62d,1790463100,1790466840,1.691118e-07,1.352895e-07,1790467320,1.300498e-07,price_stop,0,-0.23098,-0.2756,-0.26118,-0.25678,-0.27104,-0.41434,-0.80284
T6-H5p-relaxed,EUKCWTog5EVazeyiTFFC5n5RcvvVmcznjRUrwHbxDri6,9hNS5pBk1FcrMuy3KiMV3thRGiz4BPaMaTgPZjZceHhv,1790698217,1790706540,2.279454e-07,1.823563e-07,1790707620,1.810159e-07,price_stop,0,-0.20588,-0.25065,-0.23643,-0.23189,-0.24482,-0.32182,-0.75936
T6-H5p-relaxed,JCM1oigEaGspKYrqjCsJbcYcWktCsohVE4u3ihhQpump,CP8F9L2TopkxF6QnyDK9XPbZ9rscLUJmLMtced2gveNk,1790731024,1790736780,1.114794e-07,8.918354e-08,1790737080,9.501502e-08,negative_flow,0,-0.14769,-0.19424,-0.18026,-0.17726,-0.19811,-0.38815,-0.81865
T6-H5p-relaxed,2xbQ9NRmkRn4uDP7Jt1VatMJTC4bFPWyTj4yoLzapump,EZmGLVowewAxG5m12D9fAvTVR8HMktBdWaRhNthE83RD,1790476050,1790479920,9.848471e-08,7.878777e-08,1790481600,5.162892e-08,price_stop,0,-0.47577,-0.51408,-0.49964,-0.49473,-0.50607,-0.16515,-0.77018
T6-H5p-relaxed,JCvGrCbiHc84qCEDowgeuue7iXNoGgpCQstgoGYhFUCK,CyXffDf2qgMdLkLrNWDn65irxGZorHs2bSM5kyF5Go5G,1790149511,1790155620,5.985786e-07,4.788629e-07,1790155800,3.800897e-07,price_stop,0,-0.36501,-0.40487,-0.39062,-0.38472,-0.38999,-0.46036,-0.75012
T6-H5p-relaxed,5PuMW1WfwGWdhkyis8Zji16WoEWVr7CcAFR9Uo1Dpump,CMaCdwGc432Q5ZY5ED1sUTCuKeXyeSNQXbq2mUMX652Q,1790869085,1790877600,5.003296e-07,4.002637e-07,1790878200,3.918821e-07,price_stop,0,-0.21675,-0.26059,-0.24627,-0.24083,-0.24892,-0.3456,-0.7145
T6-H5p-relaxed,H6MjER3jX3EbfBEMxsMKq1Z6jnFRwwKAbDL4JD72pump,76WE7XEPWAHNonNtCqMDnkSjeLajVYu1Af1Dn1ikXtyX,1790299610,1790303220,1.394756e-07,1.115805e-07,1790303340,1.106186e-07,price_stop,0,-0.2069,-0.25132,-0.23753,-0.23397,-0.25122,-0.41506,-0.81677
T6-H5p-relaxed,5aSt1VE6LmtQzMoeXyRL7WCBUTZd8DPCiitBRHDPpump,4G8CtdZ8TqKj7BLimcYpbBa6x2vy9N47V8TszBqdD5UR,1790128818,1790133060,1.003769e-07,8.030153e-08,1790134560,1.060626e-07,trailing_stop,1,0.27249,0.20643,0.22549,0.22989,0.20302,0.01013,-0.7296
T6-H5p-relaxed,7mP77b3RoMo69FJAh8xARRynAttK4DKzBKst2tqy2tiZ,FTPV5fM4HowUbVtJxC4LbC8JRbeCaeq5z5Su7VEDFsHp,1790619684,1790632800,1.791921e-07,1.433537e-07,1790633100,1.659711e-07,negative_flow,0,-0.07378,-0.1218,-0.1079,-0.10448,-0.12289,-0.30088,-0.76949
T6-H5p-relaxed,AEVjdvYXXDRBSkt4V7HJ8oL8qVSG3quWCTHvQ7LApump,48iVS1iRT3zkFceU43eRyvxd12qVNXvNf3u4AYC4mzTo,1790180148,1790186820,4.479082e-07,3.583266e-07,1790187300,3.521017e-07,price_stop,0,-0.2139,-0.25702,-0.24322,-0.23821,-0.24733,-0.35196,-0.7294
T6-H5p-relaxed,JCsKWhELRJ8MhEZjUDdCL49mntw8fx27bKAgCMgSGhcQ,FSX1VaQ8kWRmrY8S5SpCxU94Q6WKUWRP1yJkUS9GYwpK,1790944284,1790954580,6.464383e-07,5.171507e-07,1790955060,5.109192e-07,price_stop,0,-0.20964,-0.25356,-0.23899,-0.23322,-0.24008,-0.32675,-0.68621
T6-H5p-relaxed,eCFUC7MMpMBgWo9sAe6E7kmEC2jm4d6PAhUvcWMpump,BiX1kjfUCVC6wXXPFbUm7wWdMGArikKRM3A2YDHHj1gR,1790256605,1790260860,5.880293e-07,4.704234e-07,1790261760,5.846980e-07,time_flat,0,-0.00567,-0.05345,-0.0397,-0.03503,-0.04601,-0.16989,-0.63945
T6-H5p-relaxed,F4g5HVgZCvCZVp2h8ncXfVkUjrrgatHt7RXPLtztpump,GsqVninBrJ4oZTvfAHyA7dw7jYiva5YzqLp6eUmf4PTs,1790688104,1790693160,1.970741e-07,1.576592e-07,1790693640,1.496370e-07,price_stop,0,-0.24071,-0.28487,-0.2705,-0.2659,-0.27889,-0.4128,-0.79481
T6-H5p-relaxed,9NPmnDgL39NmoivaE1XfiFWm7o61repcfkVyvyv9pump,2RyKJCowXHSxxuSjAwVtKHgABaSDM5shyBgjKPnZU2YB,1790367949,1790375100,1.373207e-06,1.098566e-06,1790375700,1.419797e-06,negative_flow,0,0.03393,-0.01623,-0.00138,0.00462,-0.00173,-0.08666,-0.50761
T6-H5p-relaxed,GrXMbn56JtFngA2FgoXenJG5HeD1GhvFnjyFPWbfpump,BujrCFCvPo9wAJz58KAATWYeporERSp7b2ymgeSPHF7p,1790638967,1790647440,2.246489e-07,1.797192e-07,1790648460,1.597821e-07,price_stop,0,-0.28875,-0.33094,-0.31695,-0.31226,-0.32368,-0.35532,-0.77307
T6-H5p-relaxed,DWW2fZ5cBYXJ5qnSf2n2W7GdN5jSuxZ2g6eMj964pump,CRCgvWrhrfDQ3bMbRCs9yBJzSDPqhftH79KFBxjxJVrn,1790925933,1790929560,1.309121e-07,1.047297e-07,1790929740,9.649040e-08,price_stop,0,-0.26294,-0.30698,-0.29248,-0.28825,-0.30358,-0.45271,-0.82605
T6-H5p-relaxed,EtynTCfCambRrUZodfCjF6Xifp9acESEv69W1vwVpump,GqwKoKMKJi9wuAgLLHHNu4G2kyt4uBnh56stJPjtD78z,1790342183,1790345820,1.875761e-07,1.500609e-07,1790346180,1.500609e-07,price_stop,0,-0.2,-0.24517,-0.23088,-0.22657,-0.24096,-0.38628,-0.78975
T6-H5p-relaxed,2EUKLvNQ63YCmjSDyJ14Tzj7ASeHGXgseYWrKAa2mine,6iYoSjHFnBYLAoXAk9okj1GLDWhTtsCMUzr6WCDU7Lgm,1790606100,1790612460,7.400876e-07,5.920701e-07,1790612760,5.920701e-07,price_stop,0,-0.2,-0.24399,-0.2295,-0.2237,-0.23017,-0.31354,-0.67123
T6-H5p-relaxed,64xwhN5Rshirb1rB6KAC5Qw26zhYhPEXGPxLkpNmpump,ChXGE62na8CodVVSr8GUGMD4GtLWedpUc5RL169fHQ42,1790281284,1790285700,1.315518e-06,1.052414e-06,1790286180,1.026831e-06,price_stop,0,-0.21945,-0.26251,-0.24818,-0.24208,-0.24642,-0.31007,-0.62704
T6-H5p-relaxed,A3W3ujLaYiEHCUWJgRNkmoTTokBVg7A7jBXmdAo8pump,BNF6nNQ55pTiUBGVh44R6a5wyphxndoDoE1FpDsufQrc,1790770904,1790777580,1.966559e-07,1.573247e-07,1790778540,1.989156e-07,trailing_stop,1,0.23303,0.16832,0.18765,0.19376,0.1758,-0.20007,-0.73348
T6-H5p-relaxed,A1y5NQWAmtqQahPHP9Jm7sqezAzjgK5Atz3fM6aBc3zV,ArzhwpqAyV6P63fLbvak6KJQt3db4Nefa6KhnsyMJBiZ,1790671089,1790676600,1.556614e-07,1.245291e-07,1790678280,1.323686e-07,negative_flow,0,-0.14964,-0.19592,-0.18189,-0.17825,-0.19577,-0.34253,-0.78894
T6-H5p-relaxed,Fs4p664NY13ZXARqXPheBYVnopBjX3398Pz3tk5npump,G14K8wGzv8m3nAhhrrwsxkT4dDi6PAYtrxFsGKzFKNF4,1790829726,1790837580,5.396717e-07,4.317374e-07,1790838480,6.343369e-07,time_flat,0,0.17541,0.12228,0.18975,0.19745,0.18754,-0.0254,-0.58611
T6-H5p-relaxed,Gh6k5FNVRFk1eNUNhwLHbwf7854ioY16yZs9izUppump,HarXwdY6AFpaAvfYsAk7zs9SYu4G9YkXYgFBJPYkYK4Z,1790368207,1790374320,2.872262e-07,2.297809e-07,1790374560,2.297809e-07,price_stop,0,-0.2,-0.2455,-0.23083,-0.22575,-0.23684,-0.35823,-0.75272
T6-H5p-relaxed,Cgi54CNpHaYn4smqLH5tW8X5QxssMvi592My3tRoiHfX,6n1vyc7sRiqMsc1YAGAz3rQyyjK6muABPnxB8eGwysaS,1790536889,1790540820,1.492092e-06,1.193674e-06,1790541420,1.190734e-06,price_stop,0,-0.20197,-0.24655,-0.23153,-0.22501,-0.22878,-0.28808,-0.59873
T6-H5p-relaxed,GH1n1DhAYZ3EH9rPJTJDeR8c1L1zKAFTQ7DZcr4dpump,Cbw1XVqyHAQZJVgDzm1a4UQkd5ptX9qSHnK4u7iVZnGe,1790462454,1790471040,2.310262e-07,1.848209e-07,1790471760,3.006461e-07,trailing_stop,1,0.42412,0.35401,0.37366,0.37968,0.36026,0.35077,-0.66466
T6-H5p-relaxed,458eEcXufhsLoS1NWa6donw9Yh9USfWMCtBmyFTypump,5fyKn3vV2FG6zjKNtUhZCAS5Kym23zeEFaEJowoCreMa,1790886822,1790894040,1.840905e-07,1.472724e-07,1790894940,1.769184e-07,time_flat,0,-0.03896,-0.08781,-0.07397,-0.07071,-0.08984,-0.27425,-0.76046
T6-H5p-relaxed,k1jnShqQ15xBupKaQGKz6CHkcWc8zCi3g9ReBeWpump,FXmnXunTmFRLBkKCnGomwybPm8gvAmE5yZYnJhMfDAsk,1790342665,1790349480,2.327663e-07,1.862130e-07,1790350260,3.275756e-07,trailing_stop,1,0.46268,0.39199,0.41136,0.41709,0.39676,0.35413,-0.62319
T6-H5p-relaxed,8ZQFBbho5RVwGjoo6RLcBUYtuXh3wqQnH8pSkTsApump,CXnT1jLE4g7vEGiNuWZS6VHjvcvt5YKKSUhu2k4EL8z2,1790890368,1790894280,1.113991e-07,8.911927e-08,1790894940,8.844074e-08,price_stop,0,-0.20609,-0.2508,0.18332,0.18804,-0.25302,-0.42974,-0.83078
T6-H5p-relaxed,6tvUg9RWrYG37Tb7fVtMmHjRGRiXiGCk5svDdJUkSgBR,5gmyvPqmU4yKQjAf7jcD2AoM6n7pdteF4aH2VbXANLPq,1790832635,1790838360,1.794820e-07,1.435856e-07,1790839020,1.519457e-07,negative_flow,0,-0.15342,-0.19933,-0.1854,-0.18159,-0.19791,-0.35821,-0.78626
T6-H5p-relaxed,9dZDiEh3DQy2adYqwnoG6Hap3YNWgLWW7hqJxUPuZ6HS,arkLvtTrDCiVpGbBMn9PXfA2yNaUwKhBTy7unqEKyRg,1790250805,1790255640,4.434624e-07,3.547699e-07,1790255760,3.341576e-07,price_stop,0,-0.24648,-0.28885,-0.275,-0.26987,-0.27845,-0.37815,-0.73943
T6-H5p-relaxed,9oDtTSoFtFXrGKodNYBAXpowvBdW4P9VPV4Y4p5tYvJ,DbSQ2TATWVKCQhS5wP8gM2Mdo4EptmGanBUrTbAmvrLU,1790397168,1790401800,1.023714e-07,8.189714e-08,1790401860,7.581235e-08,price_stop,0,-0.25944,-0.30326,-0.2891,-0.28549,-0.30342,-0.46901,-0.84298
T6-H5p-relaxed,L2pnNX8eBbNLYYH2Sr3riBksJJSpauQueazTJ8epump,7xtpGvFTzKLKtVvV1kVgTL2ZyvGyxa3gRtXh6uZojGit,1790123910,1790128500,3.062193e-07,2.449754e-07,1790129580,2.131778e-07,price_stop,0,-0.30384,-0.34586,-0.33162,-0.32641,-0.33552,-0.12909,-0.67792
T6-H5p-relaxed,7YQGD6vjEHgSUT5tkHuaCu5TgHc6NMwjxXrhKkYHpump,GZvYTwbiae6hVPcwaeiJfQjkj74sKrkHLTw7wTZGEHYs,1790274845,1790285220,1.671012e-07,1.336810e-07,1790285460,9.341266e-08,price_stop,0,-0.44098,-0.47945,-0.46532,-0.46024,-0.46976,-0.57128,-0.85322
T6-H5p-relaxed,H4hRz96AMoMLZznhak5Lq2VEE5BHcKg2VBvsPcB1pump,J19KFuKCYr4zr4haAtXn6MbDnLRjRpzytsvsr4WNi9Ng,1790462017,1790465640,4.487850e-07,3.590280e-07,1790465880,3.215367e-07,price_stop,0,-0.28354,-0.32632,-0.31161,-0.30585,-0.31313,-0.40229,-0.74052
T6-H5p-relaxed,hxy2Ls6SV2gMVHjWGSHgHAhyZZ2fGUTiZVgYcGXStox,4ctfwFF9PBeRQ61ycWeEE3RT6tQy8gPr6rTio5FGXT2a,1790490604,1790496300,9.964899e-08,7.971920e-08,1790497200,1.065433e-07,time_flat,0,0.06919,0.0161,0.03033,0.03206,0.00334,-0.24791,-0.78557
T6-H5p-relaxed,6amZDV2TFYF6Qj6RGKE6FPedNLyVgVtmkX9iMDDrpump,JDZ2Ff5WWtYh5jThYt8C6CjX5DMH6DK1i3M1Jk34REea,1790598002,1790603220,1.266530e-07,1.013224e-07,1790604000,1.605875e-07,trailing_stop,1,0.37577,0.30701,0.3262,0.33082,0.30478,-0.09794,-0.73727
T6-H5p-relaxed,5js573e117ihF58qeg82ChJ1N5xz9SvTeWUps9k2CDS2,J7LUxEkv2xUeZmQ1f5mrs7RLjUjNP3zxDkjFcmJ6J9TA,1790445019,1790448660,2.253239e-07,1.802591e-07,1790449800,2.720128e-07,trailing_stop,1,0.41648,0.34656,0.3662,0.37217,0.35257,-0.10168,-0.6465
T6-H5p-relaxed,BKpPmVjnHmnRWUxVDgsFM8qfMDSG9fKPEDA9YRh1KMEs,eC6Q71YELnV1kNvNeRRWrmMqZsUJQYsh81trti5iRp6,1790601943,1790605560,3.583011e-07,2.866409e-07,1790605680,2.582317e-07,price_stop,0,-0.27929,-0.32188,-0.30765,-0.30237,-0.31112,-0.41192,-0.76176
T6-H5p-relaxed,fHF5ZPCmY1NHN4K4aD6dTyoFG9wE8TJU5qp6zPGpump,7dPEacEp8YBGb8VhjNxes8KGNYG4pGDMpKD7BAG7TofJ,1790968930,1790974200,1.430655e-07,1.144524e-07,1790974380,1.063069e-07,price_stop,0,-0.25694,-0.30019,-0.28626,-0.28232,-0.29779,-0.44763,-0.824
T6-H5p-relaxed,Fj886GvHFyxQhunb4pw7WLRPRASNh25LT8Zpv8qqr3Ab,3ZQgaXJ178jvp8pCmNhgdwiHoaFn7FYVwnADfRGJVyF6,1790390873,1790394480,5.858277e-07,4.686621e-07,1790394780,6.073994e-07,trailing_stop,1,0.24761,0.1836,0.2035,0.21138,0.20196,-0.32334,-0.69174
T6-H5p-relaxed,FdCQhzKRrADd5Ffmu1TPxzbUz9t89HpHm1U7YuTMpump,DaJBMxAUfZbAuc7Z3fJmfvEYzrBUo5ocaNUtcB7C9aTX,1790225561,1790229780,1.185952e-06,9.487615e-07,1790230680,8.640309e-07,price_stop,1,0.0854,0.02689,0.04605,0.05432,0.04923,-0.3595,-0.58137
T6-H5p-relaxed,6uEHgFosCJBLdfP4xF2PKMRKu7DFoM2tqJRsx2UBpump,727FdQ56sCTXRQmDznZv1tFSMCKXXLqG1i9rVVsj1Fh,1790459767,1790464020,5.275623e-07,4.220499e-07,1790464500,1.418183e-07,price_stop,0,-0.73118,-0.76289,-0.74793,-0.74091,-0.74156,-0.76764,-0.88522
T6-H5p-relaxed,9JQoUPkP943GNQ6qoS8uLuZReNfZPad3DcvgZm2Upump,9xzrQFLw8XMfnHYNNpowoLwp8FZhYM36sVNMd8BW5ZHK,1790801354,1790811120,1.740303e-07,1.392242e-07,1790811660,1.351630e-07,price_stop,0,-0.22334,-0.2675,-0.25348,-0.24936,-0.26406,-0.41038,-0.80298
T6-H5p-relaxed,67wZm2AsV5qYrUas73nJNExzo5Ja2Myjnk5fXQ6ceBqG,4afuCHnMVRHGHyDQuorXc43dD9RZpZhUo43EeDBDEEtq,1790547836,1790553600,1.931220e-07,1.544976e-07,1790555340,3.808498e-07,negative_flow,1,0.73883,0.66048,0.63408,0.63873,0.65662,0.68858,-0.50072
T6-H5p-relaxed,DpzZTX4UgqbX5hC4V5xVRzLiuzfeD52aCqsNfL7tpump,BCuhwaEB8KD3kTHLcgHap1Fgt9fb67XXcm4ZbDvdDesa,1790423452,1790432040,9.835665e-08,7.868532e-08,1790433180,1.154309e-07,trailing_stop,1,0.37645,0.30732,0.25531,0.2597,0.23215,-0.12599,-0.76064
T6-H5p-relaxed,4kYsZeMw45RXoeJg8BjyeZVtwoTQ2LAEoZckwK1kpump,ATqCNEuM5EP7Ki8NEQGaCSKbrceYYquBi2D7EpyccKdr,1790650493,1790656920,1.715363e-07,1.372290e-07,1790657160,1.335419e-07,price_stop,0,-0.22149,-0.26557,-0.25165,-0.24762,-0.26259,-0.41077,-0.80449
T6-H5p-relaxed,75sYy63BEjCCk6m48gx1wJBxKJ7yub9WhtzNLJrJpump,2t1HWKSg6UQzQanGUzjUmbtRDobT9hTCGAFSWrNCBpFA,1790661965,1790665620,1.709052e-07,1.367242e-07,1790666220,1.539181e-07,negative_flow,0,-0.09939,-0.14699,-0.13294,-0.12938,-0.14736,-0.32144,-0.77719
T6-H5p-relaxed,3HBE3vzPdwdTCpgN4sed9VPcepGLMUugahWSpbGhpump,8YAHe11ooEfPqZoxVwFn2RkvrpdnBEVsbCJXJ5fME5Pi,1790319375,1790323980,1.160727e-07,9.285815e-08,1790324880,1.157577e-07,time_flat,0,-0.00271,-0.05244,-0.03899,-0.03712,-0.06296,-0.29185,-0.79449
T6-H5p-relaxed,GmBgaMaafiwmVeNo3m5YMDqkBidnxmdFLJ8VTA6xYwow,GWoFVRsuiQxPsTYYcVuwjqtSGKWn35zZftfBCTMSpZ9v,1790484568,1790489100,3.953660e-07,3.162928e-07,1790489220,3.124397e-07,price_stop,0,-0.20975,-0.25476,-0.24013,-0.23472,-0.24384,-0.34945,-0.72911
T6-H5p-relaxed,HRgAXzTx4Kbbwx1oLVbjUAL67x9vP54S1QFTwFEvJcUF,78AtVsJWaKSEKjjga6ae7EPduquddRETyE4FdKwD18UM,1790539166,1790545680,2.968316e-07,2.374653e-07,1790546280,2.095457e-07,price_stop,0,-0.29406,-0.33728,-0.32246,-0.31695,-0.32593,-0.42874,-0.77427
T6-H5p-relaxed,Agr56DXmmYX7wHcqvSGJweXFrSwGv3d6wbjmVqkxpump,BHoWTvcnb28VXMig6UX4Skzi4Anh745rhF9NDGkdfNen,1790735280,1790744760,1.170973e-06,9.367786e-07,1790744880,9.257204e-07,price_stop,0,-0.20944,-0.25315,-0.2386,-0.23245,-0.23712,-0.30426,-0.63093
T6-H5p-relaxed,C8QfM1L8taAnKfUQbmEToEKYi2WeMPTykcrDuTd7Zuwq,2FvirzHQJmV95FuhCy99i1rFxxtmFtr6wxgC4K24gmV6,1790625454,1790633760,1.177079e-07,9.416634e-08,1790634660,1.043387e-07,time_flat,0,-0.11358,-0.1607,-0.14693,-0.14417,-0.16583,-0.3627,-0.81054
T6-H5p-relaxed,H6bdwt34zKNGmhUNa8xkEQWMVR4nj5Ncw13RCbH7moNr,ECUqb3RgHWhEaBe3UeUgVRw8vRnWdNnvbVimTpE5aQ1u,1790390123,1790403660,4.125245e-07,3.300196e-07,1790404080,2.576264e-07,price_stop,1,0.15313,0.0907,0.11049,0.11809,0.10732,-0.02394,-0.77678
T6-H5p-relaxed,AzMaYSmHBqoLPmRRg5AqBr2zsw1MiXmTNaYtkj3wtqNg,EyYRGbuYLqPuVMLNvV652e9U5sr5X6x6xarsrKqsmGgU,1790390406,1790394060,1.882273e-06,1.505818e-06,1790395620,1.505818e-06,price_stop,0,-0.2,-0.24414,0.13008,0.13906,0.13543,-0.28061,-0.30899
T6-H5p-relaxed,CRwv4LBK1gX1NeeGWjtuN7X9RTPk3MaAiKk6gYnggWej,DvNE6wWTQD9GnjvqKFRD12dktn9ywJXb9PneKVX5NNpq,1790907582,1790911200,1.463848e-07,1.171078e-07,1790911560,1.592930e-07,negative_flow,0,0.08818,0.03535,0.04937,0.05172,0.02695,-0.20094,-0.75202
T6-H5p-relaxed,eEGktGMDRroy52GyvBRcGofSMU7xSMdLN5hsKWh16ip,9mZk36yes47dKk2y6yuMxVGgFXD2m5zoYtJ4ESHk9Ch1,1790434314,1790438880,7.580765e-07,6.064612e-07,1790438940,6.064612e-07,price_stop,0,-0.2,-0.24445,-0.22967,-0.22368,-0.22987,-0.31103,-0.66539
T6-H5p-relaxed,EpzFGJXtXtabZnVzM8WFeXvgRFrWSQwGZvpgVJH1EuAZ,CAzLDRhe6v8taMbrqCrqgtdPhbrjHdoWrCE1hpoWRHrQ,1790934833,1790946240,9.313868e-07,7.451095e-07,1790946900,6.671374e-07,price_stop,0,-0.28372,-0.32626,-0.31133,-0.30496,-0.30937,-0.37388,-0.67725
T6-H5p-relaxed,G59zeXWwXMw2bb6UJD1ceELXRhNkLXHkYrtBYBV5agnt,Ac9V1XvCdyF7oreiHhQjZDwT1zy8kGKnhAcwk2U3kAvC,1790244859,1790257620,5.990839e-07,4.792671e-07,1790258040,4.792671e-07,price_stop,0,-0.2,-0.24308,-0.22921,-0.22393,-0.23178,-0.32621,-0.69839
T6-H5p-relaxed,B2kipu1WYBPBDQrCX5yv9p7dhjhG1FwwnxBjUDhSkbdG,GN5bbAjNeQUpQQiebWmuMwxFarg11UaajHHNc4eoQqXH,1790529919,1790539620,9.816625e-07,7.853300e-07,1790540280,6.790244e-07,price_stop,0,-0.30829,-0.35034,-0.33533,-0.32884,-0.3328,-0.393,-0.68192
T6-H5p-relaxed,EdYKmD6gwazdMQBeadHpSuSeTpjtnbxkpfXCax3Lpump,BZBT6eogfdBrnMScMJ18TzTzzjA6FpBwwuSXTXaF4ht1,1790637600,1790645580,8.963843e-07,7.171074e-07,1790646180,7.687645e-07,negative_flow,0,-0.14237,-0.18725,-0.17305,-0.16742,-0.17403,-0.25894,-0.63542
T6-H5p-relaxed,39N6nzt3m1wcAGnSPXbmFadhbsLNrxbNqmZWNRTkEshm,3uTm1C1YLXkBLtjzCrGT6fq1x72EzP99BVbvKWWjDJYy,1790516371,1790522640,2.958453e-07,2.366763e-07,1790523120,2.366763e-07,price_stop,0,-0.2,-0.24539,-0.23078,-0.22571,-0.23666,-0.35701,-0.75091
T6-H5p-relaxed,E5UqwtQsWMk2zdDdkehGrChAWMdq9Cbd5RUBwtTgJ4gA,7SNwGdXse6rhvhCCHJy6iYnmTiTNYBojGpzwx7gSYB5G,1790855760,1790859780,2.607763e-07,2.086211e-07,1790860440,2.086211e-07,price_stop,0,-0.2,-0.24466,-0.23056,-0.22595,-0.23821,-0.36793,-0.76654
T6-H5p-relaxed,31jzM3PwdA7YbZHNyK4DCvXqLANpj9eEUMjzmkS1pump,GwNuGGUWB6foGsqsZVFCnMkui9iDvE3Beg26BspWpjrN,1790138720,1790143680,1.500082e-07,1.200066e-07,1790144520,1.890476e-07,trailing_stop,1,0.40122,0.33213,0.35122,0.35605,0.33145,0.2699,-0.72236
T6-H5p-relaxed,LtWgiTGByaEakniBTvmwKt7EBnPHqWgphyafb6fzfpo,BraB6Zfqxw94sWv1R7RQonWgVduWgZ1erXdAN8SshNCR,1790086675,1790093940,1.307216e-07,1.045772e-07,1790094660,1.008700e-07,price_stop,0,-0.22836,-0.27239,-0.25851,-0.25488,-0.27196,-0.4337,-0.82445
T6-H5p-relaxed,gsDC8WbXwtyEmbh8f8HfvpPEJ7nG4FV4zX4GWXzSjyD,BwJhJsYc7ksJZpfopFnfrSvkYS52PkPMNiuGFpNDioyd,1790448864,1790452800,1.468300e-07,1.174640e-07,1790453940,1.955713e-07,trailing_stop,1,0.58057,0.50657,0.52571,0.52982,0.501,0.27964,-0.61549
T6-H5p-relaxed,7XoR4H5FGMtbbYGG5jypAnwsQStpJ8muAQVnotA27ecz,HTvV5z1tdnUYgeDgBwvoBtKWY7H5EnRQuSoQSXsmjibr,1790915440,1790919180,1.959653e-07,1.567723e-07,1790919240,1.567723e-07,price_stop,0,-0.2,-0.24554,-0.23099,-0.22645,-0.24024,-0.38149,-0.78402
T6-H5p-relaxed,C5CjDhwpVZULajo4kqPKa8pHysd2KxezwmQ4J6iqjHd9,3rbWfefnahK385Wr1d5xeizpD12qoKcJRPzREDgPdrPe,1790985823,1790989860,1.356508e-07,1.085206e-07,1790991960,1.575054e-07,trailing_stop,1,0.4037,0.33459,0.35357,0.35806,0.33189,-0.18426,-0.70837
T6-H5p-relaxed,BiFfzEETEN4wG1vCQLmKk7nBcAcDzVrTEgX3fDiLpump,CdEmNR3kUt4qLL5T67v3HUosovfBpXXBqS6HmYvGyXi5,1790723651,1790734380,1.546024e-06,1.236819e-06,1790735040,1.198114e-06,price_stop,0,-0.22504,-0.26845,-0.25379,-0.24742,-0.25107,-0.30864,-0.61029
T6-H5p-relaxed,wtfuykPojQmSVubPW8YQ5ewChCiXPz2EvEhse4Bpump,3oXp1KcbkscEEuJNxiZB4LQCQ8794scqJnQn9sNAbFR1,1790866911,1790875680,7.254070e-07,5.803256e-07,1790876580,8.389990e-07,time_flat,0,0.15659,0.1042,1.11074,1.11662,0.11142,-0.02144,-0.55495
T6-H5p-relaxed,7RCLLLq1767W4eo8md6Y6WLFU6XB8pdQdN5q5cqerNea,4DMq5nQKv1okhMrtct7L5CS5kTv9XiU82yS2xZSCnuhX,1790449513,1790453160,4.598777e-07,3.679021e-07,1790453760,3.385523e-07,price_stop,0,-0.26382,-0.3069,-0.29232,-0.28667,-0.29422,-0.38595,-0.7336
T6-H5p-relaxed,D9aqFYQEJzBqDnDscgBi6NRGKS2mSZdDN79spaitpump,75b4J2hvD8ecojGxA3dh7Paqbs7WXMNgdmaEijGSpccm,1790089565,1790094240,1.114878e-07,8.919022e-08,1790095140,1.235963e-07,time_flat,0,0.10861,0.05586,0.06922,0.07029,0.04011,-0.22169,-0.77889
T6-H5p-relaxed,GW5xNXBtW9usH62Uimis4L5T1Fi5ceeMa9dupjTVpxaD,HcvoKF2XajWwCzcLAvkeKNCUfSMTpu4jf65Um2bvgJPF,1790505906,1790516760,3.632257e-07,2.905806e-07,1790516880,2.483162e-07,price_stop,0,-0.31636,-0.35903,-0.34413,-0.33833,-0.34587,-0.43681,-0.76495
T6-H5p-relaxed,WApCdQftZcRUNHN9S2XvmrqeRtRASE3EZxnwuNJpump,6oFYqfsSqApyhS1XN4VBB9uA5GpdAMp7RjiPMszXbUJi,1790641667,1790645700,2.084201e-07,1.667361e-07,1790647800,2.072796e-07,negative_flow,0,-0.00547,-0.05492,-0.04121,-0.03797,-0.05695,-0.22533,-0.73913
T6-H5p-relaxed,92hjfSi5HrUgUpPWvgKtVrz2MQn2zJrAPQSRzdjmpump,3Tr5pyx3r6EmWyB3N78Y2vnv18QxqYWqR2S42mGPPheM,1790427742,1790433180,5.666154e-07,4.532923e-07,1790433300,4.532923e-07,price_stop,0,-0.2,-0.24436,-0.2297,-0.224,-0.23151,-0.32396,-0.69382
T6-H5p-relaxed,CM69VvR611vNwDVCQ7VhUXAv9kTNak9RxCSvYHSiCyBh,9mXmePZqTsBi1L4fR6KGyAPtUgmS6XdJy7LRFtFKENoL,1790933567,1790942700,1.384912e-07,1.107930e-07,1790942760,8.841612e-08,price_stop,0,-0.36158,-0.40314,-0.38849,-0.38361,-0.39573,-0.51895,-0.84201
T6-H5p-relaxed,ABNbjwfaiDLfomrLH21RzscZ8rnNkrDEHKfSC9vY7XZ6,DLkg3Ma5QFnKaxdP7APtNfhCca44jG7t9jMN4rLGTDWr,1790394423,1790398740,5.403192e-07,4.322553e-07,1790399400,4.212360e-07,price_stop,0,-0.22039,-0.26416,-0.24957,-0.24389,-0.25136,-0.34313,-0.70555
T6-H5p-relaxed,2dfWu1S1oiToSsnLoZFbMcHgMuy9W665YWzCvdof58zi,88vff5Cqwes7TbQZYV3TkwgoJSbgz3utngu579CT5qgv,1790481643,1790485860,3.838455e-07,3.070764e-07,1790485980,2.966147e-07,price_stop,0,-0.22725,-0.27183,-0.25719,-0.25176,-0.26073,-0.36482,-0.73677
T6-H5p-relaxed,HubpDh2xftViQumoXQrKWdABqmDWzkRpddrmfph6pump,AgyJt6zJsFDitR449KyLFAGpQJtts4KQrPqUdSNQZsRA,1790504250,1790513100,1.526210e-07,1.220968e-07,1790514000,1.299713e-07,negative_flow,0,-0.1484,-0.19564,-0.18103,-0.17702,-0.19399,-0.35952,-0.79055
T6-H5p-relaxed,8ypYfW5cjafrfAZij8TZj5SFHAbPNpiRio96LMzypDkn,MtD7C3bpRPP2LNim3DUfnoVTuRSQHBuCWhu9fKYKJqh,1790862752,1790866500,7.012340e-07,5.609872e-07,1790868180,7.509953e-07,trailing_stop,1,0.29107,0.22687,0.24628,0.25396,0.24475,0.16824,-0.4817
T6-H5p-relaxed,Fvto3QgSLbcWdq331BoR66RDkT7dZYgTS9JzbntMf7rD,65m5eb4WW7w18HJQ9CbzHR1gqUMor8RrmH1dKP2S8wLn,1790338815,1790346120,3.136675e-07,2.509340e-07,1790347020,2.681301e-07,time_flat,0,-0.14518,-0.19164,-0.17725,-0.17244,-0.18429,-0.3128,-0.73363
T6-H5p-relaxed,4ecSqqdPi5DZ5wpajg5kVUGDU13rjr19weBHLz2Kpump,AZvuEGCYsqAmezK9MxryDME5oVVu28Zqa6PUkLdt42P8,1790459710,1790466180,2.999879e-07,2.399903e-07,1790466600,2.582162e-07,negative_flow,0,-0.13924,-0.18608,-0.17157,-0.16675,-0.17889,-0.30989,-0.73455
T6-H5p-relaxed,FU36e3gRF3oJUgef7Xn18JPUQRuN548S8PhL65rECaYV,ALxHEmdDGZayJJVMqiL8ecm8rkRNH1wvJvoSj9kT8Tve,1790777589,1790784540,3.891733e-07,3.113387e-07,1790784660,3.087074e-07,price_stop,0,-0.20676,-0.25162,-0.23714,-0.23185,-0.24123,-0.34889,-0.73135
T6-H5p-relaxed,XrR9rqzFCBEcYoeyKrHV2uYFmEkwPCh6cxB3KuPCGd5,7RngyNPVmrZjCm34HksS5t7v2Uuq1APm5ELxNAJPQbng,1790554764,1790562840,2.410138e-07,1.928111e-07,1790563740,2.121463e-07,time_flat,0,-0.11978,-0.16687,-0.15262,-0.14831,-0.16269,-0.3108,-0.75145
T6-H5p-relaxed,83qtar4BCJrWEdD8cwmKjpu8dwPbqKdeHZo32PEjpump,GMpPGFkPpdbocxWBdeK8Qm6bxHtFr4XNpABBNrSsJrGc,1791003413,1791015720,2.090089e-07,1.672071e-07,1791016620,2.103465e-07,time_flat,0,0.0064,-0.04385,-0.02983,-0.02641,-0.04521,-0.2293,-0.73711
T6-H5p-relaxed,AbfLN7d1BdbV13NQv8kP5tHiZr1qKAEs7xMN1U2BvA3U,6CLFzoqjeP8SMWhX2AeJwQGot4cwfs86NCYnuVKzYXtk,1790543770,1790551620,2.563507e-07,2.050805e-07,1790552460,2.044463e-07,price_stop,0,-0.20247,-0.24789,-0.23327,-0.22835,-0.24015,-0.36686,-0.76307
T6-H5p-relaxed,CBG6wbS1mbsWpd51EHsjuaPPJhoc1LumWctckqKDyu7w,2xLV78GeTqRrgN98b5m4ahcEydLZuj3yrb9Z1shXYvb9,1790800328,1790808300,1.172306e-07,9.378447e-08,1790808840,9.184667e-08,price_stop,0,-0.21653,-0.26098,-0.2471,-0.24371,-0.26211,-0.43286,-0.82909
T6-H5p-relaxed,BQTovtV9LiVG9odt5gCVBhpfkfwsn16z41UVr2cbUG31,A2AXrj8eeztu8Rqzg1heFx73H3BfjknMXW3xGVytQapa,1790578521,1790582160,1.208978e-07,9.671824e-08,1790582460,1.072184e-07,negative_flow,0,-0.11315,-0.16027,-0.14649,-0.14367,-0.16505,-0.36023,-0.80853
T6-H5p-relaxed,Gq7CxioKLadnAVAMpH7WibfSMS4Qanz2CcUikKKfpump,C3UirNaAJKwAVqRy9WofmrnRCSdGrQktX6AxVjUW9mwn,1790724585,1790729580,2.562351e-07,2.049881e-07,1790729880,2.049881e-07,price_stop,0,-0.2,-0.24484,-0.23063,-0.22598,-0.23824,-0.36809,-0.76676
T6-H5p-relaxed,Am6SB1xhuwyv6hENfR2uHj2fvKeo87KN8vVw28RcrmEa,CeRmxAsiigonctygud7ict1dunHKrd3ztXfmTdQX9ZTz,1790954777,1790964420,7.039974e-07,5.631980e-07,1790965320,8.098082e-07,time_flat,0,0.1503,0.0981,-0.29602,-0.29019,-0.29609,-0.02879,-0.56154
T6-H5p-relaxed,FKQCt17wdmUokbMwNnn2Bs55TYvSWgikKcRCFEAFpump,9KTHkYoPBc8a3y259Cg7gyg5BgVfJkdAMA7gubocPgTt,1791003824,1791012180,5.803050e-07,4.642440e-07,1791012540,4.642440e-07,price_stop,0,-0.2,-0.24413,-0.22961,-0.22397,-0.23147,-0.32372,-0.69333
T6-H5p-relaxed,3NLfcS6P3RpVQ4i4he7xYp9amQScvTvoLMi5iY7cpump,B426apUrQMYC1ocQRkyfKDpyGV9dNQZ6TbgXugAUUgzd,1790649236,1790661480,1.136716e-07,9.093730e-08,1790662380,1.024928e-07,time_flat,0,-0.09834,-0.14579,-0.13211,-0.12956,-0.15221,-0.35598,-0.81098
T6-H5p-relaxed,GdBtzikYGDnZRWUoFVgmEXnf7kYGeFn5uri4BrSspump,7DoVrAgAfv63eK5hE3jfE4TgScpRXk2Qt9xDCA483nxz,1790704645,1790708280,1.550736e-07,1.240588e-07,1790708580,1.045841e-07,price_stop,0,-0.32558,-0.36737,-0.35315,-0.34859,-0.36131,-0.4899,-0.83101
T6-H5p-relaxed,CedSVzaBjbqniJ1GpUcTozB58S56yDX42nTXsz31zQUe,D9GQ5P3gZnctXFNp5HFrEc2biA78iFAZN6j5jmMoFGvA,1790543309,1790548740,3.206945e-07,2.565556e-07,1790548860,2.024971e-07,price_stop,0,-0.36857,-0.40967,-0.39492,-0.38915,-0.39648,-0.48436,-0.79058
T6-H5p-relaxed,EThAHDXisQrhvv9MPrv5DgZuRHkjUzNcTwnLzVjCpump,FSPhtif5wPhewj9kgkUSWEUrQxSAC7sGGioRkFZP82Eg,1790676501,1790685240,1.017698e-06,8.141586e-07,1790689380,1.482590e-06,trailing_stop,1,0.45556,0.38655,0.40654,0.41465,0.40634,-0.07905,-0.53832
T6-H5p-relaxed,C2YdnuDjX1GF79j6Wyaaz4gZ6DXDELwQwbpocrfApump,ESxMiAEtwAVuuw9kkZejfakBcRS7JcdkEct2MMe7gm7x,1790702292,1790707200,4.307637e-07,3.446110e-07,1790707620,3.428251e-07,price_stop,0,-0.20415,-0.24846,-0.23409,-0.22878,-0.23777,-0.34221,-0.72302
T6-H5p-relaxed,3hJGjgoHsjYuJAq4KZR6zXc9LEygXhWwEFJXVfULbF2Q,3fCct9twVcHzTfLt6FyueoAbqWhY9wmXdY1mghQ2VM8c,1790609271,1790616180,1.197331e-07,9.578647e-08,1790619180,1.121261e-07,negative_flow,1,0.19279,0.12881,0.14805,0.15331,0.1308,-0.34484,-0.80389
T6-H5p-relaxed,2o1vfBqdoCbVfdaVAKuCqmPKRrVRTR3hJ1QQryQjvjNV,5cWa4ps7ZbadFYCaoNQfFD4J3mbnnMjAxxPJuyM3RiBr,1790938884,1790945700,5.567461e-07,4.453969e-07,1790946060,5.762943e-07,negative_flow,0,0.03511,-0.01526,-0.00055,0.00457,-0.00645,-0.13239,-0.61805
T6-H5p-relaxed,HCy7vxTApN2Lcv6Rw1MZazXsEofXFLxWCVbJBhF8pump,3GK62iE8hWgHafvTjkqQiDpGV3e3ABPt8YxujH4zv1gC,1790531033,1790536800,2.978112e-07,2.382490e-07,1790537700,3.336539e-07,time_flat,0,0.12035,0.06653,-0.00301,0.00128,-0.01423,-0.11042,-0.66698
T6-H5p-relaxed,Gt5XyrVSACP9bDbo9QeuhgrqhThbomFkJiZRgCvVpump,4mAWyGE6BqZEY8P1gYP2ea5tCUWRJqDi4TJudJnLB4UB,1790976055,1790987400,1.432719e-07,1.146175e-07,1790989140,1.121254e-07,price_stop,0,-0.21739,-0.26202,-0.24791,-0.24402,-0.26032,-0.18557,-0.7516
T6-H5p-relaxed,FUuH1aufXBQQwUJGQPErV9Pa7d1dvv4iuRhrf1A3fvR3,56cvMnUZnZzVDa4c4bWctU1sMDiKApdFuDLXS1r5Q3Jv,1790765922,1790771820,9.171961e-07,7.337569e-07,1790771820,7.337569e-07,price_stop,0,-0.2,-0.24462,-0.22969,-0.22349,-0.22888,-0.30301,-0.64558
T6-H5p-relaxed,5cDPo1jjEEtxWf2y1HTx4WyMydVmErN3YnbYtxLVcmg9,GvCn5s1uHrnTThMAmUff8iQdhPoqhfhL1KmYi8LegMcv,1790550967,1790559840,1.767408e-07,1.413926e-07,1790560200,1.264056e-07,price_stop,0,-0.2848,-0.32796,-0.31352,-0.30882,-0.32143,-0.45108,-0.81174
T6-H5p-relaxed,3znS89gifim2Hhhu8wjb2PfSgaCDdma187D5NMkDpump,HnFhnuZP8WT3U2MFG5gWS8Hbkvd45rKcwoHn1i9BjYtk,1790294651,1790300820,2.697108e-06,2.157687e-06,1790301540,2.149092e-06,price_stop,0,-0.20319,-0.24659,-0.23219,-0.22576,-0.22833,-0.27529,-0.55089
T6-H5p-relaxed,AzEP9c7Kz1wm3RE35pG8g6yyetQqmZu2PSjVoiFAJrtt,7oNEXLQYpmBFLcsViDkW9fcaDUzRF99j9xw1MUGwa9Jf,1790076430,1790083320,4.737010e-07,3.789608e-07,1790083560,3.318647e-07,price_stop,0,-0.29942,-0.3411,-0.32681,-0.32122,-0.32831,-0.41522,-0.74567
T6-H5p-relaxed,67eRQqNM8YiXDBdUu264r56yQA7vXxTAevSHUnKspump,Fxhv8nPsmXQJiqLA91nsyzwerf5cLKN3VhXyhTyouugm,1790208046,1790212140,1.606364e-07,1.285091e-07,1790214600,1.059691e-07,price_stop,0,-0.34032,-0.38088,0.0006,0.00656,-0.0104,-0.21504,-0.7567
T6-H5p-relaxed,FkfQ9CQnLyyYMUZ2FEi2RviwsQe1qHF8VVQnCwTaEBhv,nRfBj5ZrKWUAJPXcbQfVDRr4FjwMWKV9XcgV2QoVrKC,1790043023,1790047560,3.194204e-07,2.555363e-07,1790047920,2.555363e-07,price_stop,0,-0.2,-0.24443,-0.2304,-0.22561,-0.23665,-0.35705,-0.75097
T6-H5p-relaxed,4LjJL18pN6oMxr6Z6bMUxXy7K5CbbZTjrQ5UsSjjpiNn,WXNCv7a7qxZ1Thd6Jrg2Ap62AFmGJsFNbmZyrB4MijW,1790915608,1790921460,1.776704e-07,1.421363e-07,1790923800,2.283907e-07,negative_flow,1,0.36379,0.29492,0.31463,0.3204,0.29939,-0.093,-0.70741
T6-H5p-relaxed,5R7EZqAQxm3AzxSVgCMcBLxPdkQbsX5MEJBybGvCQocf,5f6FYEkyGvBMEcrbbvcETAR87n84fkg1AXaWVsuQqMoN,1790946274,1790949900,2.141703e-07,1.713362e-07,1790950500,1.654377e-07,price_stop,0,-0.22754,-0.27197,-0.25762,-0.25299,-0.26572,-0.39825,-0.78582
T6-H5p-relaxed,DrK9ci66pPJxi9ig327XcVRs8cDzs7frXXoHWwwKvsN5,HSHCtiHwuL7qGQA9AFdU2Vp3GTvYMsMcvJy4teWdiWb2,1790050246,1790057820,6.476182e-07,5.180946e-07,1790058060,5.180946e-07,price_stop,0,-0.2,-0.24346,-0.22933,-0.22384,-0.23114,-0.32122,-0.68811
T6-H5p-relaxed,7PHFykj3zD4Cy1gerCdU9L44m12jUV6Dc57aCaeApump,FuoAdKjc1B2XeL6uKkXfeiyGTKuRgjtA4NtAkzhgnqu6,1790230942,1790236560,3.473607e-07,2.778886e-07,1790237340,3.859202e-07,trailing_stop,1,0.38766,0.32059,0.3394,0.21124,0.32967,0.18985,-0.65517
T6-H5p-relaxed,8tyaSHgK5HEi42qHvUwpWKE9t4NCyGxutLV8hACameta,68u1a7fh9hdy2d3MmujMGrkSdZx3Vqq19Q5M4qRMXCU7,1790934861,1790942100,9.883849e-07,7.907079e-07,1790942220,6.996505e-07,price_stop,0,-0.29213,-0.33444,-0.31951,-0.3131,-0.31724,-0.37923,-0.67564
T6-H5p-relaxed,7BN68PVzqWV6EjK8J8Y6Q1h5C8FFD5ZRZVscXyJDpump,GvdfErkq5mvvphEriajrjArakyqqUXXiyBWdzMoxS3Tk,1790492418,1790499660,9.232000e-07,7.385600e-07,1790500560,9.406343e-07,time_flat,0,0.01888,-0.03141,-0.01634,-0.01048,-0.01825,-0.11623,-0.55858
T6-H5p-relaxed,eSXQMKec2umnbkSiQKeq5B8ZfHfxTy8oxEx8ppwerps,Adik6geiQSwmgWwteGqXQ1iKN2vac17UtLaaDnaakVfU,1790818559,1790822160,1.035124e-07,8.280991e-08,1790822640,8.280991e-08,price_stop,0,-0.2,-0.24484,-0.23108,-0.22808,-0.24836,-0.43152,-0.83479
T6-H5p-relaxed,braiZ1pbCMTvXJ2edndcDsE6dogezr7jihPSrwKH1yy,GozNUt1xhhCE9xh1FdqRaYHnxvL2mc2BSZiZw8yNEiyv,1790619121,1790623260,2.576533e-07,2.061227e-07,1790624160,2.380733e-07,time_flat,0,-0.07599,-0.12386,-0.10983,-0.10576,-0.12085,-0.27537,-0.7376
T6-H5p-relaxed,CNohWHNTurS7PpB55czspwUJfpk9yy92uf1wXdweEGg9,3hSL3G9q4ZYZWLgyQVX2TCVM6hS2izKcDuweHTPzZgfV,1790914072,1790917680,2.772739e-06,2.218191e-06,1790919840,3.788389e-06,trailing_stop,1,0.43018,0.36151,0.34579,0.35492,0.35137,0.31869,-0.325
T6-H5p-relaxed,9uqPuKoiYKtgCy5D7cyEe9qoh4FjPtDU97nPhspDpump,6SpQUzMB93wkZtaXqXQwqdfG3xcergAPGh4sYcPLWAD4,1790575819,1790579520,1.157188e-07,9.257503e-08,1790580420,1.122601e-07,time_flat,0,-0.02989,-0.07916,-0.06552,-0.06334,-0.08801,-0.30825,-0.79763
T6-H5p-relaxed,Gu5rBKhDjHriv7F4LckF8oRAZxoAYgAXCJbtH8BwAmao,9XeuZEhwtifEpASg5TZ9cbRBRVzrdW1FexMwGhjcRrVN,1790908139,1790912580,1.990833e-07,1.592666e-07,1790912700,1.501846e-07,price_stop,0,-0.24562,-0.28984,-0.27535,-0.27063,-0.28331,-0.41489,-0.79403
T6-H5p-relaxed,FQwsXYgx1LpijkUyUukfbuk1Vpb5jLm36HJtPr6rpump,5qm1F1y56jA3Nt1Lx3gTa3X3U2QzCtQCdEByf4tH3ZwD,1790640965,1790645100,2.455533e-07,1.964427e-07,1790645520,1.964427e-07,price_stop,0,-0.2,-0.24446,-0.2305,-0.22608,-0.2389,-0.37267,-0.77287
T6-H5p-relaxed,6xTAiLG4Qp7Aokm6jX6XC4pyMxNT9cnJaCuvG83tAVsB,gDxu1HaCvdW4e9RyZhceL1eSY62KxXBfvhET4cCtrJs,1790189115,1790193060,3.831670e-07,3.065336e-07,1790194080,4.900570e-07,trailing_stop,1,0.39188,0.3251,0.34388,0.29209,0.33511,-0.1673,-0.53808
T6-H5p-relaxed,6ujCFTQY3mzrtt5wmprFrgfA3nYyPGid3SNvmiiGt7x6,GFW9GjQWFqRaQqUV7vKqkipSDUXhygSNyh832zTjJjwZ,1790957404,1790961720,5.124418e-07,4.099534e-07,1790962860,4.085483e-07,price_stop,0,-0.20274,-0.24719,0.12181,0.12964,0.1203,-0.33214,-0.67513
T6-H5p-relaxed,GjG4Xbbb4L8drRArwGUEfFmDnyQ6xT4QCq5PfMuKpump,94peqhqN7T91kPQXntgp9gCw6y95LzaqhVLCLLapzn1Y,1790638818,1790650500,1.406993e-07,1.125595e-07,1790652960,9.689763e-08,price_stop,0,-0.31131,-0.35302,-0.33914,-0.33499,-0.34917,-0.29022,-0.78307
T6-H5p-relaxed,J4yqaoHpq6VWKSHgnaU6qEM2ncoCCtNAVWxdF77Bpump,FEHMt7WQFJCLTebdWGMBGJiiUhRQHSrYn9Xm1ZWhfHx2,1790254430,1790259120,2.268237e-07,1.814589e-07,1790260020,2.310189e-07,negative_flow,0,0.0185,-0.03109,-0.01766,-0.01459,-0.03376,-0.22042,-0.7344
T6-H5p-relaxed,4AT4FHoc8LE5EMXCX7mgcTSvGM9NFKZW8RsiA6oxvkjv,2p63ooyr1XVyXREhvg4tE6aSQWutijPD5V5vmiA52tQA,1790915044,1790923500,3.164560e-07,2.531648e-07,1790923620,2.505118e-07,price_stop,0,-0.20838,-0.25362,-0.23894,-0.23373,-0.24407,-0.35946,-0.74696
T6-H5p-relaxed,BfK1fZuZjcgtxpdKowafwDzFTywdVzyQb5mRYAdHpump,8SqkELHc1hFBEnhqepxDDdbTVb3NPjFyZAUxWnNLecz8,1790614484,1790618220,4.965163e-07,3.972130e-07,1790618640,3.972130e-07,price_stop,0,-0.2,-0.24449,-0.23003,-0.22456,-0.23284,-0.33153,-0.70826
T6-H5p-relaxed,EC1eBL3b16AN6zb26RcrE5CEnhuiUZR44NmR2Nqjpump,EywkPNTCrAVxZtWghyrBMms3vvdktLBjoYbgqRL1ZZyA,1790844327,1790847960,1.335817e-07,1.068653e-07,1790850900,2.758336e-07,trailing_stop,1,1.02638,0.94166,0.68624,0.68888,0.65356,-0.3159,-0.79188
T6-H5p-relaxed,EbJJKtnawGPhfgthRrwsyDgrCc1smGUUYbK5WNAK5E1N,EvXgqzUT6sGd4iz7mE8nYH32WZK1aDEr9hWXhoGkXfmZ,1790762968,1790767200,3.887533e-07,3.110026e-07,1790767800,4.414194e-07,negative_flow,1,0.31915,0.25295,0.27255,0.27962,0.26637,-0.08183,-0.63855
T6-H5p-relaxed,2pki9gZ4BGjYjD8eLeyrw8Y6ZxJtsKo8XoXbUovkn1Js,8wrqNam5rYkwh2DY8x6TqKPkVYV1jXLaMDZ821AGgc7y,1790947939,1790953980,1.149884e-07,9.199072e-08,1790954220,1.976478e-07,trailing_stop,1,0.59305,0.51872,0.53763,0.54087,0.50774,0.56227,-0.73089
T6-H5p-relaxed,HJnaT5oeSH4L8TGJPLLBYQ1zzmpLbYuMAbTbpiBkpump,EWVKsAS9AC5bQvbBgUu6QkD7hknqxiNPnLRiw7MBDMu5,1790678077,1790685960,1.402101e-07,1.121681e-07,1790686860,1.371413e-07,time_flat,0,-0.02189,-0.07178,-0.05774,-0.0549,-0.07697,-0.28177,-0.7771
T6-H5p-relaxed,8HQgEcbhR5Xoh735zvndAocCLd7wdAYJfWHV55J8pump,95WhUbKGxbWEjj9UgZtcEAMXoBmTSmHRAFiAxPLFf1FJ,1791000628,1791004320,2.233537e-07,1.786830e-07,1791004320,1.786830e-07,price_stop,0,-0.2,-0.24497,-0.23073,-0.22623,-0.2394,-0.37598,-0.77715
T6-H5p-relaxed,D3NEdubh9ma4qXyhrA8LenGjNVnFkkeBEopr1Vunpump,CJaAtUiLMYgm79N9wtqGG4JNvEaByckgG4AErZdMNuUy,1790360566,1790368740,1.860460e-07,1.488368e-07,1790369640,1.682121e-07,time_flat,0,-0.09586,-0.14403,-0.12963,-0.12569,-0.14254,-0.30929,-0.76576
T6-H5p-relaxed,3i43bRLKSomUXyin1jgGsd3y9MgBW1cdX3nh43YD3W4R,BKfCLvEgu526TexE4HuQRBgs3Xggbj91WbJF2ARxLJHj,1790123283,1790129820,2.425405e-07,1.940324e-07,1790129940,1.753687e-07,price_stop,0,-0.27695,-0.31975,-0.30555,-0.30068,-0.31168,-0.42976,-0.79038
T6-H5p-relaxed,EFvdLptvhf8nG9rzzgtuVMguHvSKjLH5Gmt1bZp77kVA,GKfxKpbDJiCWyxfZoJbzgUrsisc7g5Krv9SxpfEWPMTv,1790935266,1790947380,1.373083e-07,1.098466e-07,1790949720,1.650952e-07,trailing_stop,1,0.41009,0.33989,0.35947,0.36442,0.33915,-0.15876,-0.74431
T6-H5p-relaxed,Bd9thw3PAeyHeBGSi4R1ARBuptpG5rM4fhB8BRWJkq1e,7brshHG5ijCodns6PUiA4qWMjqDLowtQE7x1ghwrDZag,1790671701,1790675400,1.538510e-07,1.230808e-07,1790676240,1.931582e-07,negative_flow,0,0.25549,0.19868,0.28213,0.28743,0.2736,-0.08366,-0.7192
T6-H5p-relaxed,hycYxx4mSKC1df6EJq18migjZ5sfBY3a2xHYjmhpump,BrYbNvS89AddtkmeQmGpLYdXEUPDWWQPNr1sLaiSnhC6,1790254758,1790258700,2.971771e-07,2.377417e-07,1790258820,2.245123e-07,price_stop,0,-0.24452,-0.28735,-0.2736,-0.26893,-0.27981,-0.39749,-0.77167
T6-H5p-relaxed,6d82cCtC1LktWWgjUz5h3vMenFj5EDHLMBFvcpmvrRi,8RdbS9dStwL1HK4tVzkgwG84TmREU947BRBXf6fQRJus,1790895893,1790908260,2.302070e-07,1.841656e-07,1790909040,9.882452e-08,price_stop,0,-0.57071,-0.60639,-0.59176,-0.58565,-0.59065,-0.65526,-0.86674
T6-H5p-relaxed,f9t9ZtbmonrKiJP1GECP2HZoFM3sQrpPzs2pAqfpump,G4U559n8t9FnR7dRT2Mn2z1BbhnsJ3Hre6dCeaXc6nf4,1790889206,1790893620,9.497159e-07,7.597727e-07,1790893740,7.552859e-07,price_stop,0,-0.20472,-0.24832,-0.23394,-0.22804,-0.23358,-0.30849,-0.65118
T6-H5p-relaxed,AMdQEMoysxXdtBCsNmnaTsa4h93SB7GDxHAVzaay8fTw,HJxW131pJXUuEjiFX6Q5xK3pUcCV9BAXkYS2MjNV921Y,1790820788,1790825880,4.833013e-07,3.866411e-07,1790826480,3.866411e-07,price_stop,0,-0.2,-0.24423,-0.22994,-0.2246,-0.23314,-0.33387,-0.71267
T6-H5p-relaxed,GJNoDukcP1cwMNgx84c8ibaTAkgnXxQDwAf2U3zjA3C3,EAbygutpwRG7r2Lu7xrwf7ykmQVmva1Y6f3jT5aW9sPU,1790751582,1790762400,2.908713e-07,2.326970e-07,1790763300,2.931862e-07,time_flat,0,0.00796,-0.04229,-0.02812,-0.02409,-0.03981,-0.20184,-0.70342
T6-H5p-relaxed,Cmrq8EkYn8qhjtq6iYfqrfzet3q4aC5F38tLQGUvearn,DBKNh5amypLurhDGSwUgni8JeoMPpe1QS2cUs4Z9dZDj,1790534914,1790538540,7.810313e-07,6.248251e-07,1790538600,6.055058e-07,price_stop,0,-0.22474,-0.26892,-0.25391,-0.24772,-0.25336,-0.32958,-0.66913
T6-H5p-relaxed,C5YjyjnbJhPmW41mXZWiFJF3FSHtUu5Z8sefqhmGpump,4jMQ6JYVSdp15C98AdyBAVuWf9e2QZzz5MXHPUqqzUu5,1790527577,1790538540,1.857179e-07,1.485743e-07,1790539440,1.772327e-07,time_flat,0,-0.04569,-0.09541,-0.08088,-0.07708,-0.09502,-0.27151,-0.75339
T6-H5p-relaxed,84D3VopU3g5qo7jUwzQK4P4BnVPQWr2MzeaRCFkHpump,9Laz2p55TfBxoiDRWZQNU8SKzr9534ZKHW9hmZPDXZ7E,1790676981,1790683080,7.557492e-07,6.045994e-07,1790683080,6.045994e-07,price_stop,0,-0.2,-0.24419,-0.22957,-0.22368,-0.22998,-0.31202,-0.6677
T6-H5p-relaxed,6sEf597zqUxoJeW1znjtx8MUPsXFFF7zjjH2KSG8zF9y,GCQW4cgDHGV3cgEzxesC9MazExYC8P2NBQU27BmH1XE,1790313390,1790323860,3.595197e-07,2.876158e-07,1790324760,3.250828e-07,time_flat,0,-0.09579,-0.14284,-0.12885,-0.12431,-0.13662,-0.26952,-0.71279
T6-H5p-relaxed,J141JCiXKGcrhDCgWUTCL9qz7h943iCibNiLNfqZpump,8R4DDi9X3RBLr876hhRJCv4Gvsy8d9SkABgb8YiHapo9,1790333122,1790338800,1.233953e-06,9.871621e-07,1790340900,9.871621e-07,price_stop,0,-0.2,-0.24421,-0.22948,-0.22322,-0.22772,-0.29356,-0.40151
T6-H5p-relaxed,C8uxabhTZdLds3qWYW99MN4v6Y7p8wrEpK3buWX2pump,4Yqn7SorX6oT4GoE3rcpAUi47HV6gL72mwLwGP91A59k,1790640409,1790644260,8.612103e-07,6.889682e-07,1790644560,6.735959e-07,price_stop,0,-0.21785,-0.26091,-0.24668,-0.2409,-0.24674,-0.32402,-0.66716
T6-H5p-relaxed,4ioYUvNC89Ygp5gd2xu3WYbwPhczFQKwz8bjtwTXpons,GNzAZtCK44MKk3Z6cFRyPRTjEP8Y8e2BVcQMipz37EpS,1790690948,1790696760,9.504588e-07,7.603670e-07,1790698380,5.958422e-07,price_stop,0,-0.3731,-0.41267,-0.3982,-0.39192,-0.39555,0.04061,-0.49872
T6-H5p-relaxed,AdZd56X3ZMshpb4ejsE1AKkxgBrqKLV3HmhGpMjxpump,GRopJwAV6FmmdP3Jd5cLhJeY5qTudVatHgUYW1yqVsf2,1790204621,1790208360,4.747680e-07,3.798144e-07,1790208900,3.692156e-07,price_stop,0,-0.22232,-0.26532,-0.25145,-0.24632,-0.25493,-0.35542,-0.72611
T6-H5p-relaxed,6sCEG5jEaa2SjGTV7skz7EKuRD5RtAnNW8PzSnk4Hhq8,za1rhs6mnNUweZUpoRntg7wpMiaqee4pJBgh3KagcRA,1790917573,1790923440,5.338782e-07,4.271026e-07,1790923980,4.721605e-07,negative_flow,0,-0.1156,-0.16223,-0.1475,-0.14202,-0.15098,-0.25724,-0.67075
T6-H5p-relaxed,5iqjhP5ig6JWdXQf6hYAwojZeMf11pTCvH87gCQtpump,359UV3H3g2ZVff14AnZTWGeKaykLGdd7Ze3Kar68n6xR,1790296706,1790300340,1.142516e-06,9.140124e-07,1790301600,1.320809e-06,trailing_stop,1,0.43582,0.36823,0.38767,0.39559,0.38765,0.27932,-0.29925
T6-H5p-relaxed,DSuUxGLk2AJHj3XniUDaz8faGYVWwZS6CpUxdKQn3MPB,3SoeTKySbRMDRxdcNWJdd2wS25soqaT8GjCxKpt8uCHb,1790790742,1790797980,2.179379e-07,1.743503e-07,1790799120,1.736258e-07,price_stop,0,-0.20332,-0.24774,0.10952,0.10576,-0.24314,-0.00744,-0.67324
T6-H5p-relaxed,9WsnqeW3pCVbATd6xx4r3f8CJaXxsXXvY9t29Z4CY1UN,8RKoxyMocBuw4tJgP7sCcDdJr215xYYz7F1hyceVRaEe,1790384747,1790389680,2.666974e-07,2.133579e-07,1790390040,2.132622e-07,price_stop,0,-0.20036,-0.24576,-0.23117,-0.22623,-0.23785,-0.36325,-0.75972
T6-H5p-relaxed,Hd6U8SfLWCZCREYrT5XfwK2Nzat5QB3B8pbBvST4Tg5X,EB8MDKHHdwZbfHcQQeXVUyGh35zr9mJorTaSi1YKa8PR,1790468590,1790478120,5.075180e-07,4.060144e-07,1790482320,1.693954e-06,trailing_stop,1,1.46916,1.37552,1.39476,1.39926,1.37206,1.10838,-0.63428
T6-H5p-relaxed,Ew2gmuMt4W5tjqoc4bUdWrcPBgBp6MYXUBFiD1TTpump,E9vC5WedxRCmZMpAbRJCdqJUkC3xNEehqi9BuZL1inGA,1790629952,1790635140,1.558379e-07,1.246703e-07,1790635560,1.240712e-07,price_stop,0,-0.20384,-0.24858,-0.23459,-0.23073,-0.24685,-0.40364,-0.80676
T6-H5p-relaxed,CNTAufyFmtdij6FFPXNFCgWx2iGuMs9fjF7AJELYhQ7Y,8gKa3LbpvmJJgnQLPWhGiNohTffaVjJzaX726RWkpn9r,1790915093,1790919120,3.472044e-07,2.777635e-07,1790919240,2.777635e-07,price_stop,0,-0.2,-0.24544,-0.23074,-0.22545,-0.23539,-0.34789,-0.73665
T6-H5p-relaxed,GWDAwqnTrrcLnxf49Mc1DHB7oEY7gQw2tbiRrqqee4N1,Akwr1Ms4UTj6JAeBfceaXqQSyCX4pQGrxresqB3ynV61,1790916611,1790920260,2.804022e-07,2.243218e-07,1790921160,3.341850e-07,trailing_stop,1,0.40667,0.33723,0.3571,0.36365,0.34662,0.54365,-0.6057
T6-H5p-relaxed,CWM9pa47KtTkswXwpbs5SJTAqwsBNgvNQ8bLhP7ipump,Bb9BiGz4JCYDUe1Fm45hPohu7RZC8FENKpYVvePwdkQq,1790609170,1790613000,1.840787e-07,1.472629e-07,1790614200,1.382424e-07,price_stop,0,-0.249,-0.29275,-0.27853,-0.27409,-0.28752,-0.20493,-0.73932
T6-H5p-relaxed,9BSBzdxfaC4BTPFmCLMxjaTwMMz8LXiVZoMyNMPWhcvu,89iJxkmq9iSr9ivpfqn8sEn7SW1nMk1YqhNQaKikWXzw,1790600993,1790606400,4.927440e-07,3.941952e-07,1790607720,5.663660e-07,trailing_stop,1,0.31649,0.25146,0.27087,0.27812,0.26644,0.00631,-0.58663
T6-H5p-relaxed,HgoScXAo4zFv5kDb6axGrwuz95FaVEcLskyDVZfo297z,FdL11Uu5YRNCybePTpa3T2vqjUqi4Qo1uzj4pvKUqj4d,1790491919,1790497380,1.218219e-06,9.745756e-07,1790499180,1.010200e-06,negative_flow,0,-0.17076,-0.21642,-0.20125,-0.19479,-0.19937,-0.0362,-0.49298
T6-H5p-relaxed,8iX67wnJuJkDk2Hvsdd4nBdwNQC2hc6TNiHK2gE5svCF,48wgbxsfc5kb6csMcjaQPMC9d5QuE5GFKnme4PyAZufZ,1790809860,1790814360,3.063237e-07,2.450590e-07,1790815260,3.084797e-07,time_flat,0,0.00704,-0.04287,-0.02888,-0.02489,-0.04038,-0.20052,-0.70084
T6-H5p-relaxed,7NDC4UXwdPNTV6MTSWtNenS7rQY92vkJzoBAzeikpump,3fV8S6Cm9dRLBXmtY8dqzBwFokzUef3pdN1XU2hkUHJN,1790095854,1790099520,7.403906e-07,5.923125e-07,1790100420,7.913165e-07,time_flat,0,0.06878,0.01851,0.03272,0.03774,0.02748,-0.09202,-0.58095
T6-H5p-relaxed,APLwmQEyK1oYptMboQ2iFbAiqhomaz9H2vQQF8J2pump,3XkT4MRE5Rs2dcAGUCRnzVEmWS4hd9BHcMbN2xuK3sRC,1790623152,1790627280,1.114965e-07,8.919723e-08,1790627340,8.500794e-08,price_stop,0,-0.23757,-0.28159,-0.26764,-0.26417,-0.2823,-0.45023,-0.83561
T6-H5p-relaxed,EctWxLaSn6gMzchCrpZtazJnQDZTWb8438gXwxZZUJz8,AJUfZC7RhbzEULEvXLJ3SjiKFeAH3k2vKB7jn91YGbTs,1790979294,1790983980,2.826439e-07,2.261151e-07,1790985060,2.894757e-07,negative_flow,0,0.02417,-0.02637,-0.01231,-0.00845,-0.02488,-0.11076,-0.67778
T6-H5p-relaxed,EEGtwsf5wLWDG4THEu4TdFKTTRpsEoxArWZsetWZpump,8MxvegL1C14ddbBczqpfMLdBvnmDDPGqqTJWqJAYKuhP,1790826457,1790830680,6.918153e-07,5.534522e-07,1790830920,5.534522e-07,price_stop,0,-0.2,-0.24393,-0.22949,-0.22377,-0.23056,-0.31662,-0.67817
T6-H5p-relaxed,syTGJo5ujjMN1qSC6RsufTTukaWf9Hw51GcXuwkq123,6X4LUham2xFcyGDWUvnWSxKBb8HntpoRpvDXmmdVC8YK,1790699951,1790704200,1.701889e-07,1.361511e-07,1790705700,1.352294e-07,price_stop,0,-0.20542,-0.24996,-0.23602,-0.23206,-0.2475,-0.37238,-0.79366
T6-H5p-relaxed,8DwNVMzpcc3mq7Tk4gyWeTkvmFhnXcnDDCLayFFhXvex,55y7dKFPXNqzHevBxUKZJFD11JYG1yoNoSEskJnBCh1W,1790461110,1790464800,2.626257e-06,2.101005e-06,1790464800,2.101005e-06,price_stop,0,-0.2,-0.24429,-0.2294,-0.22271,-0.22516,-0.27148,-0.54557
T6-H5p-relaxed,AmaM7N43JBicpcHDbVKyGeuTjtnNhJ2yZTdWqoZpCX8b,zxdzbJo51KApX6UijLQgS5rJ5ziBAZDe1RHxqZVczYX,1790555032,1790563620,9.369287e-07,7.495430e-07,1790564100,7.806277e-07,negative_flow,0,-0.16682,-0.2117,-0.19712,-0.19117,-0.19707,-0.27574,-0.63507
T6-H5p-relaxed,2nJpGnrkX6pDPstr4JELcWnGsjiN57vajfR89iZkpump,ENCjfNPwv94kmzc483qmA6GQwMDrQrCbhpSknGgWD9Zt,1790414827,1790418540,4.174075e-06,3.339260e-06,1790418540,3.339260e-06,price_stop,0,-0.2,-0.24411,-0.22928,-0.22247,-0.22404,-0.26148,-0.50367
T6-H5p-relaxed,8tPHPus7JpBFcNoAsK2dawE32Ad7WWuJT6cVDV5ReDuF,C3EnP7Lwo3tE4UmG8ettzysgY3QcsN8fVgC37EehLxXk,1790934244,1790941080,1.360288e-07,1.088230e-07,1790941440,9.588648e-08,price_stop,0,-0.2951,-0.3383,-0.32377,-0.3193,-0.33341,-0.473,-0.82995
T6-H5p-relaxed,FvxhMLwNwRpi5YNhPcfz4AJzvLr5J3Hcw3QTK8mDpump,5XKev7PdhrgTKAWu4puMSa4wrNUFcMacnTyQ67finKnk,1790748478,1790753460,1.705743e-07,1.364594e-07,1790754360,1.699655e-07,time_flat,0,-0.00357,-0.05348,-0.03962,-0.03664,-0.05744,-0.25466,-0.75924
T6-H5p-relaxed,9GW1GMaVeV41yiYYzfgQdnEf8ocGFenX8AsgvhWEARLY,Em9Ru5DrybRSZL161CtKVSCF7tEwUyJ5GaWpgTFGiBPS,1790827778,1790831400,1.006789e-07,8.054308e-08,1790834820,3.604887e-07,trailing_stop,1,1.60095,1.50089,1.4257,1.42257,1.44654,-0.26418,-0.79377
T6-H5p-relaxed,7F8EHMBLttDXbx3kWqzCMTxeyP8ExMxWj5DUJUyTpump,AQ24ke1G8Ww3RC3ZHD76pHsWKYPdTof5am7WQe8vRrmA,1790276057,1790279700,2.026130e-07,1.620904e-07,1790281440,3.066583e-07,trailing_stop,1,0.47555,0.4052,0.40908,0.41418,0.40631,0.4219,-0.48381
T6-H5p-relaxed,8jpcHKbGtcwyYvo2FrkjStGpwXXpEJtrB91aWaRBpump,5NQt4hYTM9U6mG5uQbegDdHgVyAT8bLFB9typTcR6mdm,1790211863,1790215980,1.616941e-07,1.293553e-07,1790218860,1.956926e-07,negative_flow,1,0.36037,0.29339,0.31188,0.3166,0.29298,0.06397,-0.68355
T6-H5p-relaxed,2vjvmoA3i2dZTn3Z8FAPhKcGEH9F5LGhK4iS7v61pump,BM73amPfB722wKTrkrKNfShXXvg44G4RYkoZJQFpuEmw,1790135201,1790138940,1.866379e-07,1.493103e-07,1790139900,1.864450e-07,trailing_stop,1,0.28012,0.2141,0.23344,0.23929,0.21986,-0.38751,-0.72165
T6-H5p-relaxed,BatqzS6y6VoYMdz7xt1MBKvMtBxyTFTpLmqk1BQTvtPr,3Ygyn5EgoxiQpjmQagbxes9jaFTTS367zbJDPFbuvnzC,1790385729,1790390160,1.846843e-07,1.477475e-07,1790391000,2.361155e-07,negative_flow,1,0.37799,0.30886,0.32852,0.33428,0.31335,-0.0436,-0.69102
T6-H5p-relaxed,DpYkieBVTDjibpNqSa7qcfREip5RCrpdoguK6shkJqx5,FZ4hx1ND1tsYncyLGeuAb5PmRnYktyYUkMhbJ5ZxSyxh,1790228325,1790231940,2.088239e-07,1.670591e-07,1790232300,1.586922e-07,price_stop,0,-0.24007,-0.28315,-0.26945,-0.26524,-0.27857,-0.41433,-0.79709
T6-H5p-relaxed,8XeBzEqjBpgZWCdY5WqNiN8j3qbx5WyojSAGTFHTvfui,F22ZrHKGjkkhq3ZrA6Gz3g1rKVqbfos9tPTeBh54yukF,1790926340,1790933580,1.004129e-07,8.033036e-08,1790935620,1.204032e-07,negative_flow,0,0.19908,0.14314,0.15685,0.15739,0.12335,-0.25027,-0.78805
T6-H5p-relaxed,2ehUrYoFpForVNHnsMzdtPKiSBJV8YVSCqXbyL3Bboxq,FQLuhyeLeLQNZLPvcwN3RABYUB9W44sPwjqpHMRWmCd6,1790209649,1790215980,2.084859e-07,1.667888e-07,1790216580,1.631752e-07,price_stop,0,-0.21733,-0.26105,-0.24734,-0.24321,-0.25707,-0.39744,-0.79177
T6-H5p-relaxed,4NU72sJZTxPPhGaYPUyeYpMBnE86Bh8H24tJJSwibWZr,41NyeneZWZ6cH5w8VUDyK6zYasez9Bp5npAvX6TUHuBN,1790387302,1790392080,1.149961e-07,9.199690e-08,1790392800,8.901485e-08,price_stop,0,-0.22593,-0.2706,-0.25642,-0.2528,-0.27068,-0.43794,-0.82956
T6-H5p-relaxed,C47MWp6h3pmMVMkzLcyKQ92z1wyjr7kmF1BwuWYupump,52upZ2HCKU9PXjT3NSkAfQmWUbCNebeRSHwJrh9s9QBT,1790504863,1790510220,1.568031e-07,1.254425e-07,1790510760,1.230954e-07,price_stop,0,-0.21497,-0.26053,-0.24581,-0.2414,-0.25631,-0.40505,-0.80198
T6-H5p-relaxed,3mTqyvxZiEB7stf4NpAh8BcZifTEEyzzxd4F7dCap929,83miXHemgsgutu74NHUbtmxLJr1jRAypeD1pTgAjYQvF,1790124137,1790127900,1.323992e-07,1.059193e-07,1790128800,1.424427e-07,time_flat,0,0.07586,0.02395,0.0375,0.03933,0.01286,-0.22468,-0.76845
T6-H5p-relaxed,9bZQPrSbzNQhMnsmT5rMXhGodx5DwT5eXCGySZFKpump,DWE8GcFr35zcCsPmfEBvVMqzDgnm9dsRu2jaBmi5SQb4,1790466256,1790476080,1.408840e-07,1.127072e-07,1790476980,1.511137e-07,time_flat,0,0.07261,0.02018,-0.26173,-0.25763,0.01173,-0.21555,-0.7586
T6-H5p-relaxed,EQfxT91QExKEG7j1yEip15v9P1ybmWEAdqUn2Gqqpump,DUqmnEMRw1dcKsenjPohRfSoqtc71kwafxazYCJH7eJz,1790587807,1790598120,6.717232e-07,5.373785e-07,1790598900,5.269541e-07,price_stop,0,-0.21552,-0.25929,-0.24471,-0.2389,-0.24552,-0.33001,-0.6847
T6-H5p-relaxed,DT3t4sKiJViZDiL5jx4mbwuyouTkfhDh3GBh2SQNpump,3fe9hkDDUhanZY38J1RPn884k4dgy2w6wccY4Mu25EHD,1790436011,1790441220,1.354739e-06,1.083791e-06,1790441280,9.659113e-07,price_stop,0,-0.28701,-0.32931,-0.31442,-0.30789,-0.31122,-0.36569,-0.64696
T6-H5p-relaxed,4c9ecKB6AN7ofM7KQ3g5XxvgEU74rMbHRLZyvCfKpump,2FVxxRg9N18GPbRdDsteYoZobWnoXde2jZtYgqESLwf4,1790822055,1790827260,1.597197e-07,1.277757e-07,1790827680,2.309183e-07,negative_flow,1,0.73815,0.66055,0.67935,0.68281,0.65119,0.34417,-0.68315
T6-H5p-relaxed,XQvVFz2jrrqFvhdG4NRd2o9xCQci9Xn9nGYVumBpump,6iT9bJYQRCi6Hu4xAqFm9iuKqG6tAiNn74BVHhauWahU,1790196721,1790207520,6.935946e-06,5.548756e-06,1790208780,2.017501e-06,price_stop,1,-0.09774,-0.15182,-0.17672,-0.18796,-0.1878,-0.15179,-0.00045
T6-H5p-relaxed,34izpwCZcRwaMULTjBNdheEKm7qV4kAhUc5Q18Jyby5M,6z6mEkLfWogwB5Rw5kYif8z7WQbFcERCCBik2x7xEskv,1790174599,1790182200,1.363185e-07,1.090548e-07,1790182680,1.085949e-07,price_stop,0,-0.20337,-0.24732,-0.23392,-0.23069,-0.24876,-0.41782,-0.82111
T6-H5p-relaxed,3myTmnz8aNNuqebrrB5DSJrkYLPGfibGRwnH54Bv4hUC,A6wir3PBcWP5Qc2EahKPk5bc95gDxpwqsxhUyErhbHjt,1790123862,1790129520,3.244852e-07,2.595881e-07,1790130420,2.921207e-07,time_flat,0,-0.09974,-0.14699,-0.13285,-0.12832,-0.14109,-0.27764,-0.72151
T6-H5p-relaxed,6GgwJpDqUy4gunPs3HyAbFM7KLu559hNb3isUgPeEgtc,88VYjJZ2JLqBpjgaN4aNimqKxMG5kAqkRwmzt49nmoxp,1790403098,1790406720,1.369207e-07,1.095365e-07,1790408040,1.364780e-07,negative_flow,0,-0.00323,-0.0536,-0.0396,-0.03693,-0.05987,-0.10835,-0.73348
T6-H5p-relaxed,BBEuXn2iMJojebUERJ5tnNhcbWP9FdXDXHz6CmQ9MsmP,4hxd2VJDeF4A5Ad8peJpaYQgn6pBvoWNV6g6wUk5yzST,1790933757,1790943900,1.436452e-07,1.149162e-07,1790951100,1.571957e-07,time_max,1,0.27285,0.20609,0.22586,0.23156,0.21006,-0.1324,-0.7339
T6-H5p-relaxed,U2DcbVJm1FVkogaL9Ti2vU5XN7g1shvCFei3RjSpump,9fnKXpZ4Em6UEn2Et8SnJdbw7Mdqxsxxnv7d3xPRkMrv,1790415599,1790421240,2.433444e-07,1.946755e-07,1790422140,2.651908e-07,time_flat,0,0.08978,0.03706,-0.31259,-0.30745,-0.31794,-0.15289,-0.70017
T6-H5p-relaxed,CvNHhUfq5v2AavoDbeobmCnbegWvZrzU9Atvx7tUAdv3,6S2vpwt5LygYmitiAUHqkSBLUHBGBWoCXuG1MD2xKeWw,1790385423,1790396040,2.085242e-07,1.668194e-07,1790396160,1.585158e-07,price_stop,0,-0.23982,-0.28401,-0.26962,-0.26494,-0.27753,-0.40864,-0.79026
T6-H5p-relaxed,6RufsEXSv9Nd4YUmUGah8MeMXZT2rxn3kriGiBcSpump,Ep4PkMyu5BkVaP8RXEJvdu8QFomBjdEsK6g8hUNFH55X,1790913361,1790926680,1.071158e-06,8.569260e-07,1790926920,8.408147e-07,price_stop,0,-0.21504,-0.2591,-0.24426,-0.23799,-0.24273,-0.3108,-0.63803
T6-H5p-relaxed,4kL41egpnLvEBFq5GnTa74oLMwMhjnK4C1rqXf8qpump,BqUhxPhJFTNd89uVWsYJBsQ34mo5wXPhqmuqp2ZKM2W5,1790485951,1790491860,3.799739e-07,3.039791e-07,1790492760,3.404063e-07,time_flat,0,-0.10413,-0.15183,-0.13728,-0.13227,-0.14351,-0.26833,-0.70276
T6-H5p-relaxed,5xxnT772vG9jMGJp7XNXkKzdErUFBnzGdszGL5mVpump,5XSP6ffQypEHLGPr5zWtjDEw2EVxQ8oLrXLtMZmjPX6n,1790156899,1790160540,1.850734e-07,1.480587e-07,1790161800,1.679454e-07,negative_flow,0,-0.09255,-0.13992,-0.12609,-0.12259,-0.14032,-0.27164,-0.75996
T6-H5p-relaxed,H3vfXFZfFQnba2NV2seTMBdY92yLK2VJHsppUzYv6ua,HnFFnT64a5YYSUgNYt4Kr6qvVFr4FxbYLMngTU7kjWLH,1790767464,1790778900,7.572410e-07,6.057928e-07,1790779800,7.655472e-07,time_flat,0,0.01097,-0.03807,-0.02371,-0.01845,-0.02768,-0.13762,-0.59599
T6-H5p-relaxed,3d4K8PGBcnJ4sApcx1VX6yiWjnx9oCYYjjgSB4hZPJFY,iHUk34q3C97c61edpqwtmESucdqWRKpmXKrGfsG1fsa,1790121964,1790126640,4.010647e-07,3.208518e-07,1790126880,2.875923e-07,price_stop,0,-0.28293,-0.32544,-0.31116,-0.30575,-0.31386,-0.40941,-0.7537
