set,slot,block_time,mint,leader,leader_sol,leader_tok,stream_seq
S1,452954093,1791036000,2UUjEpgbz15MuYn8NieQCDVVMb53UDfmA6t5VjEnpump,BwWK17cbHxwWBKZkUYvzxLcNQ1YVyaFezduWbtm2de6s,0.071500,3968467784358,1281638
S1,452954103,1791036002,8eeLv56Gy4xGFtEBRryTWu29hfyNEyz4jvDzBcDJpump,9dVSVwrUJfnFqRZ8ChaGExowQbxWBSRgQbtgEQecCkis,1.750000,27134030640281,1282436
S1,452954122,1791036008,JAt9tpNixVvmyXXdPpZ57i8NjsCWaBdeqrEDMnK3pump,BwWK17cbHxwWBKZkUYvzxLcNQ1YVyaFezduWbtm2de6s,0.086144,2995325149928,1284300
S1,452954141,1791036013,3ARb5aveY2bpn3jkDF6cUd8ug4vj6Y1cU5mkc26Fpump,J3gZFpvsCsmA5zwqXgUpyqNLBoGGcJzmnfRwbHFR6KfU,0.500000,9879245865956,1285775
S1,452954143,1791036014,DLJuEVgqKbqDDEkPm5Dq2Xf1kqpn3Ct4twDKj1Q6pump,ENg3PH1kTHPGwPrat7G3rUJuaxyMEWgFYvqLaXQwSH7F,0.501637,10242727267449,1285936
S1,452954145,1791036014,6HvpthWUXJwmvkV4JyJgDBHvssCxWyPV7TXK5v9Xpump,BwWK17cbHxwWBKZkUYvzxLcNQ1YVyaFezduWbtm2de6s,0.604509,19103075047708,1286065
S1,452954243,1791036040,2GdJADhDxz1RmZRAarnFWFEiDBGTDRoFG4XMtSmSpump,BwWK17cbHxwWBKZkUYvzxLcNQ1YVyaFezduWbtm2de6s,0.073273,4648066510649,1294002
S1,452954264,1791036045,9Wv34ajSsvXuhdGXSvWRza1VLftjdQbLKiMX7i7Wpump,BwWK17cbHxwWBKZkUYvzxLcNQ1YVyaFezduWbtm2de6s,0.484351,28911278979360,1295914
S1,452954414,1791036086,C9ZTxtLyHx5LpzXu9rhnv6rx5AkQiMJa1cN6RB8vpump,GvT9aod9E9ENDyUGzk3r4LymjS81GXLPtd5zCGvTMAAF,1.010000,34085321099253,1309433
S1,452954433,1791036091,257jyQdu79bYXX3Hwuq8tFPCjUf3QxRutz1zA1RYpump,BwWK17cbHxwWBKZkUYvzxLcNQ1YVyaFezduWbtm2de6s,0.428208,13157897627803,1311201
S1,452954436,1791036092,5ryjhDdpjXG1ULMuvrQQY2GAN4d1UTQRm9AwpJ4LWo1o,FNvLdMfo2aB9xf14x4TFN3dr2TDpKz78Rji1k8bTx4bs,1.900000,26512734594872,1311569
S1,452954475,1791036102,4His4egfGCaxA2Xo7Lzm72u9Yt3rYAvzVKWoQck9pump,BwWK17cbHxwWBKZkUYvzxLcNQ1YVyaFezduWbtm2de6s,0.068753,2272721116047,1315755
S1,452954506,1791036110,C14pX5h3833PY4P1UNpL2xbLXM2epR29i14hqyVopump,BwWK17cbHxwWBKZkUYvzxLcNQ1YVyaFezduWbtm2de6s,0.057341,1989245237444,1319341
S1,452954603,1791036136,Bst6XwRbkgUYSXQgbLdpiwDFJs4wEi8kx8JKAvWPpump,BwWK17cbHxwWBKZkUYvzxLcNQ1YVyaFezduWbtm2de6s,1.042846,27909516006907,1329453
S1,452954651,1791036149,6CUtkXRm2NedqJ6AmGW7oaujjypbgAgE8PNCWPobpump,BwWK17cbHxwWBKZkUYvzxLcNQ1YVyaFezduWbtm2de6s,0.205474,18014795099428,1335099
S1,452954659,1791036151,7VertkgF9KLhxxJXHX6uaWuoYZTP9LdGj2bWmVXVpump,8zkgFGVZrDLieViwqiXFCydSX6WL5hsxmUu55yBdsNsZ,13.908694,842367100947,1336092
S1,452954666,1791036153,AVguNiFmWccwc7cEh8caAHQmnD46LynE2VhrY4dxHcTr,9dVSVwrUJfnFqRZ8ChaGExowQbxWBSRgQbtgEQecCkis,2.000000,39948370160981,1336803
S1,452954676,1791036156,AvngNMhJoBinX6jtg161XzofWL8zrgcdchQPxTa5pump,BwWK17cbHxwWBKZkUYvzxLcNQ1YVyaFezduWbtm2de6s,0.193776,6380161140894,1337948
S1,452954709,1791036165,4MWHLwgqtTooG4HqKV3ienrNhpKM81Uyt29Sb2nm9JZ5,6aXFYXbFob1ZKAEDCcqZnX2vooA3TgEqDoy5dAQbeWoV,1.214400,8013991080720,1341379
S1,452954712,1791036165,5x6jq2tq25HyPpfZw3aUrp7YgaLYQJ7iF15qavGMpump,BwWK17cbHxwWBKZkUYvzxLcNQ1YVyaFezduWbtm2de6s,0.216494,8812936499677,1341763
S1,452954718,1791036167,9yPC5eSb68BThniMchYMv2G8zkbFBfNV8s3FGwEipump,BwWK17cbHxwWBKZkUYvzxLcNQ1YVyaFezduWbtm2de6s,0.111339,5802394129613,1342470
S1,452954815,1791036193,GSUZDFeSVMfBpZtQLjHHfmtzyeN6LxYrTMbsneMFpump,BwWK17cbHxwWBKZkUYvzxLcNQ1YVyaFezduWbtm2de6s,0.307126,10084127466816,1350435
S1,452954829,1791036197,EUvfkFTWvoKLVZ66YuTpLRqZJgnmYmmszmCqMe7Fpump,9LXWa7V3AE15VfBupcx5gDts2ix3Y9NzbcKZKjkkq6hV,2.000000,21750611410674,1352047
S1,452954830,1791036197,2Pjoxem35fbuuEpW4gvtUZn5Bij5AFkNuJ3N3D3vpump,BwWK17cbHxwWBKZkUYvzxLcNQ1YVyaFezduWbtm2de6s,0.299581,9011193293961,1352197
S1,452954835,1791036198,CRKo4jCt2CGhym93RHJjNjVmacBndpusPe2JeFGApump,BwWK17cbHxwWBKZkUYvzxLcNQ1YVyaFezduWbtm2de6s,0.166983,5678119948349,1352602
S1,452954848,1791036202,P25or4yuYYdvxQP8EdcEKkW4KUoMC1q5tGSM7tFNZhk,9dVSVwrUJfnFqRZ8ChaGExowQbxWBSRgQbtgEQecCkis,0.750000,20837523389400,1354071
S1,452954916,1791036220,FxbqgULNB9BYuP8RdHUUfKM3NN41u28j6b85i8Nspump,BwWK17cbHxwWBKZkUYvzxLcNQ1YVyaFezduWbtm2de6s,0.187928,10016119645757,1361622
S1,452954938,1791036226,CXExkNXm85zxYL5znKG7kEw8smXSoPXrS7n1jo4Pgmva,6UcanEPgy9t6aJxpvaU62CmmXpnAp5ny5e8XeoFr1q9b,4.000000,20564633795378,1363411
S1,452954968,1791036233,Bf9i7oG8We16XBtgeAnNB9rDBnmCZPW37P7b6a9Hpump,8zkgFGVZrDLieViwqiXFCydSX6WL5hsxmUu55yBdsNsZ,2.540880,2803923062088,1365628
S1,452954978,1791036237,7Vc6LLiydCktFkmGEZwsi3hoCus281nJPBaHU546pump,GvT9aod9E9ENDyUGzk3r4LymjS81GXLPtd5zCGvTMAAF,1.010000,33438284943664,1366601
S1,452955002,1791036243,2BLW5fRmC8XMnpQVjmUJJtQaDqFox2BNj5zesR1Gpump,BwWK17cbHxwWBKZkUYvzxLcNQ1YVyaFezduWbtm2de6s,0.288881,9482951619352,1368164
S1,452955044,1791036254,9t2JTfTUHZqbVYDQE64TzD3hX1tLei4VrvpRWXbYpump,FNvLdMfo2aB9xf14x4TFN3dr2TDpKz78Rji1k8bTx4bs,2.400000,50233537213295,1371298
S1,452955110,1791036272,ByhVmj9nmhMQkyg2H5ajvL6YRpESSSEcCPEKC9gwJQjX,4Aktn51cRBEYXMrn2SDACPwXrKyz5oyXh4EUhCdiCjcG,1.000000,23602997222651,1377246
S1,452955111,1791036273,CscZaq5twomhUkvCY8Jdd1tge32L4Yj9FbkFFEZQpump,7JVQMwRj82STgsG57spj6vpE6XY3RqG8B64PczVc7jJr,1.512885,2544521489258,1377358
S1,452955135,1791036279,78tA6MgEhLtnjv8kntzhMxwwExPx4HNM8H4bU3i6pump,BwWK17cbHxwWBKZkUYvzxLcNQ1YVyaFezduWbtm2de6s,0.100496,3489414782089,1379110
S1,452955158,1791036285,CgZiVPJqphG1DRvwnoNAQ2MMYnophLe2gW7JDc5zpump,BwWK17cbHxwWBKZkUYvzxLcNQ1YVyaFezduWbtm2de6s,0.364200,11927807514715,1380895
S1,452955186,1791036293,B3B7timRC8XT79badxg2TPKSJaHUryUrE66ZwsgGwEtq,FRbDranCv1Upm38FzhekK56cjcsRUbE9CgsK2tFaV1zb,3.500000,65439161343266,1383141
S1,452955221,1791036302,4XFMbqvHFXy3QGPPk4usP7x8nWo8TWoac5RSsw8Zpump,BwWK17cbHxwWBKZkUYvzxLcNQ1YVyaFezduWbtm2de6s,0.247414,8394096962362,1385866
S1,452955246,1791036309,GJKNGiJexoXYcKeFaNbaJzsT3FRCLe4JqMkb2dggpump,GvT9aod9E9ENDyUGzk3r4LymjS81GXLPtd5zCGvTMAAF,1.010000,33506271375862,1387997
S1,452955299,1791036323,FGxJrEyT2WTEeckbrq9Z79vUikhD7MkN5z49rZo7pump,BwWK17cbHxwWBKZkUYvzxLcNQ1YVyaFezduWbtm2de6s,0.946331,25395687567319,1392197
S1,452955306,1791036325,BAckSB1yXLhwoHALbwmpkTf2sFgJhg9VBVtogLrXpump,BwWK17cbHxwWBKZkUYvzxLcNQ1YVyaFezduWbtm2de6s,0.107533,3441097244345,1392717
S1,452955329,1791036331,EE6yG9vdjWSrQqjJbeh5hS8xqMcvZsbUFZLysEt1pump,BwWK17cbHxwWBKZkUYvzxLcNQ1YVyaFezduWbtm2de6s,0.410450,14702657163076,1394597
S1,452955344,1791036334,6GnMyyx2Hc12W6WpcycB8pJXs8zi1oNv15v8d6umzMWc,FNvLdMfo2aB9xf14x4TFN3dr2TDpKz78Rji1k8bTx4bs,2.400000,54660797398742,1395767
S1,452955358,1791036338,66SVWEYtabTHacDypYgA1FpyFGtBJbxiDZkRf5bipsWo,BuekUk3YMmm7Agnb4ni1qMCmShVpeBTdQZYNyihyzr7u,4.000000,73152830467448,1396722
S1,452955387,1791036345,Cc2RA2tFodXPTd6UE8oXr4Lxf1d8t8j7xV42NWhzpump,75PFdn38N1nVeRkGTaqfRzu56yroAfY7ZsT8F9ixU5qc,0.600000,12971203581835,1399000
S1,452955450,1791036362,5irMe47bj8GRjARWr34aCKPV6WA5iUkDJbefJKUWpump,9LXWa7V3AE15VfBupcx5gDts2ix3Y9NzbcKZKjkkq6hV,1.500000,37596275204222,1404041
S1,452955469,1791036367,4BnHxKbxghbGLWpnraKrGVGTSd79k3pFW5y74nHxpump,BwWK17cbHxwWBKZkUYvzxLcNQ1YVyaFezduWbtm2de6s,0.062086,4248772529231,1405509
S1,452955491,1791036373,46dXRuXfjW3viv6wUPNzqdpbpRy92fP365Hjv5yapump,4Aktn51cRBEYXMrn2SDACPwXrKyz5oyXh4EUhCdiCjcG,2.800000,67911590126205,1407491
S1,452955542,1791036387,26WbCohvdHDRcQFSmY9f5ABb9kqH2yowpW6KsXEipump,BwWK17cbHxwWBKZkUYvzxLcNQ1YVyaFezduWbtm2de6s,0.069533,2903187626737,1413054
S1,452955623,1791036409,AUabb5D4yTD2DbsrSPQWLBju2r2ZXsGWtWJQ3zw9WQRa,6aXFYXbFob1ZKAEDCcqZnX2vooA3TgEqDoy5dAQbeWoV,1.214400,9662793334774,1420709
S1,452955624,1791036409,8AzQXo7yZ8Ge2rVszcMH7LACqVWkesbsnd7jpiB8pump,BwWK17cbHxwWBKZkUYvzxLcNQ1YVyaFezduWbtm2de6s,0.109582,3772456563430,1420800
S1,452955642,1791036413,CfNuqPS2kARNCd6bpM1AojMP32xnNp93DPNHip8Cqa1b,7QBQLNXfCHNhuCsvzBWH3kMMh6NAiKyZSfb1NYjfVXNi,2.506014,81778286957919,1422267
S1,452955645,1791036414,EdYKmD6gwazdMQBeadHpSuSeTpjtnbxkpfXCax3Lpump,8zkgFGVZrDLieViwqiXFCydSX6WL5hsxmUu55yBdsNsZ,1.188626,6267098818595,1422563
S1,452955669,1791036420,H7U7GqMqNb4rqbUqeaqXr7Bab2Wr3uU6opgsTFD4pump,BwWK17cbHxwWBKZkUYvzxLcNQ1YVyaFezduWbtm2de6s,0.380118,12417900318840,1424399
S1,452955736,1791036439,2baCaTzp331yz4F41jHvgCU1j45z5ujdsporMq2Kpump,BwWK17cbHxwWBKZkUYvzxLcNQ1YVyaFezduWbtm2de6s,0.398504,11945325997370,1430443
S1,452955737,1791036439,5mY9drEuUchvWUVYM5HKH8ThFAUKvH4CXgJrdPbEC42s,J3gZFpvsCsmA5zwqXgUpyqNLBoGGcJzmnfRwbHFR6KfU,1.000000,30510942465071,1430641
S1,452955751,1791036443,71BeTwVveCkmaYQtTMCGGv4qmvPJV4J7Vvkcuyszpump,J3gZFpvsCsmA5zwqXgUpyqNLBoGGcJzmnfRwbHFR6KfU,0.500000,12678011705901,1431971
S1,452955764,1791036446,EET4VAvWZ7Li71GwyV3QFPyfohpsyCmCSch5zGpwfK8m,6aXFYXbFob1ZKAEDCcqZnX2vooA3TgEqDoy5dAQbeWoV,1.214400,27260378120843,1432847
S1,452955839,1791036467,7F3EReXssjgzPxy6jwHEZhvAeVnnRQPNpdZ16thrpump,BuekUk3YMmm7Agnb4ni1qMCmShVpeBTdQZYNyihyzr7u,2.500000,41627126891726,1439771
S1,452955841,1791036467,CLLT9oHDV32GuCfHCRGpHVuWGcPKFUK15jmxqhiZpump,BwWK17cbHxwWBKZkUYvzxLcNQ1YVyaFezduWbtm2de6s,0.076241,4371257341580,1439980
S1,452955849,1791036469,9bNM5Bvp3cvw1dbbKfEtDo36m5zFQthPBn5gssHBLWJu,BuekUk3YMmm7Agnb4ni1qMCmShVpeBTdQZYNyihyzr7u,4.000000,61285142068092,1440624
S1,452955867,1791036474,E4pWoRew1ogGxFK8WdBM3HaQJBEJo94i72X5xc2rpump,BwWK17cbHxwWBKZkUYvzxLcNQ1YVyaFezduWbtm2de6s,0.051350,1798760572993,1442149
S1,452955895,1791036482,FGEcsTvboVps4a6beH8H9uFDnNUwtEr7EPebB4ijpump,BwWK17cbHxwWBKZkUYvzxLcNQ1YVyaFezduWbtm2de6s,0.053298,2553315394940,1444394
S1,452955951,1791036496,BuE2ncGWwQH8ZHGdAV3aYziMNtqdSmtWnYVpgGaCpump,BwWK17cbHxwWBKZkUYvzxLcNQ1YVyaFezduWbtm2de6s,0.446228,22899496994020,1448713
S1,452955978,1791036503,JSYQF7WwVEP4D3crpUJoKbrFMgc6X5gZ9fsJLeppump,FqpxzuAAUZjd14pFNU2CWyKGQZtbeuT5DwSVgg9cfDb,1.256655,23240164748511,1450957
S1,452955992,1791036507,F9Z7qAnZavKCYwUgdU1uiknDPEEEsp9jE6t8d8scpump,BwWK17cbHxwWBKZkUYvzxLcNQ1YVyaFezduWbtm2de6s,0.050101,1831364143506,1452292
S1,452956016,1791036514,zYiF3rA8aWYUuDek3Z3po9NF4V5UDky5nji7Wr6pump,8zkgFGVZrDLieViwqiXFCydSX6WL5hsxmUu55yBdsNsZ,1.637284,4388412585989,1454588
S1,452956031,1791036518,HJ1C6PWwczDfhnLoCAuBGeuteVXKWXxNZoXc9Qqppump,BwWK17cbHxwWBKZkUYvzxLcNQ1YVyaFezduWbtm2de6s,0.228124,7692207633009,1455712
S1,452956047,1791036523,GegVob8xbexG85guBLzT3LnU7FxATaU7VzAib7jJpump,BwWK17cbHxwWBKZkUYvzxLcNQ1YVyaFezduWbtm2de6s,0.457831,24727338853837,1457110
S1,452956058,1791036526,4VsyjKm2LH8eULCpP8GW2xbRhxx35rKYepJxuHErW5dy,61HoKprundX9b1tKC18tpSa63o51m1h4tn37RntavPRt,0.099000,1030760030137,1457972
S1,452956103,1791036538,GjuLs3pKNBswg3nyMFaYrqmM5Qj1JRYSprFBkUacpump,GvT9aod9E9ENDyUGzk3r4LymjS81GXLPtd5zCGvTMAAF,1.011000,34563276517939,1461508
S1,452956139,1791036547,8MchZGWYErD8oJaGrsn5d1h47DiQRnd6yqC2Jog3Qs6B,J3gZFpvsCsmA5zwqXgUpyqNLBoGGcJzmnfRwbHFR6KfU,1.000000,15898271889354,1464464
S1,452956220,1791036569,26WbLGUi3eFWuJVbaxWHK37B2owYzniJbVbuN2cKpump,4Aktn51cRBEYXMrn2SDACPwXrKyz5oyXh4EUhCdiCjcG,0.500000,13478896314752,1471153
S1,452956256,1791036579,762CxYzrmzmgZTvQAuEiknPjebEeTBCpH1DMFjc5pump,BwWK17cbHxwWBKZkUYvzxLcNQ1YVyaFezduWbtm2de6s,0.124562,4533411644317,1474077
S1,452956286,1791036587,5UggyBagdq7DMJkmjLsNhZkXTmaHzHkxqzvyW4zEpump,6aXFYXbFob1ZKAEDCcqZnX2vooA3TgEqDoy5dAQbeWoV,0.910800,10213680412734,1476597
S1,452956287,1791036587,4GL3FCwubKaK7Vk8WAQC7fAuAHhdQQjp3FThfemppump,BwWK17cbHxwWBKZkUYvzxLcNQ1YVyaFezduWbtm2de6s,0.789899,22957148743162,1476605
S1,452956365,1791036608,aPA9ACLNHEH7h5eb9YYEfbsKCk2Nnfcm1qSAEabpump,GvT9aod9E9ENDyUGzk3r4LymjS81GXLPtd5zCGvTMAAF,1.021660,35426911464,1483114
S1,452956385,1791036613,26WbkGTp7oWpA7fGPFyff3AFxbvqRQ5gdkuGkLQApump,BwWK17cbHxwWBKZkUYvzxLcNQ1YVyaFezduWbtm2de6s,0.068852,2394939717754,1484861
S1,452956392,1791036615,FFjDjy5E5P29daPmAL5WkiXoKtDULMu8PaM9PFf5pump,BwWK17cbHxwWBKZkUYvzxLcNQ1YVyaFezduWbtm2de6s,0.067388,2336860462662,1485375
S1,452956424,1791036623,F4uydPZEKrxVeDbDrNvdT8s6NrC7dJiJa6ED3uceC83W,J3gZFpvsCsmA5zwqXgUpyqNLBoGGcJzmnfRwbHFR6KfU,1.000000,23008336934249,1487993
S1,452956451,1791036630,H7XydJrQ7zxR24BkqoDXRt9edWVEVW9ep5jS61napump,J3gZFpvsCsmA5zwqXgUpyqNLBoGGcJzmnfRwbHFR6KfU,0.500000,15790194300039,1490143
S1,452956456,1791036631,9ntZkDUBYETCzuxjcGjok8Cqv5NhmMnmAvjtqZWipump,FqpxzuAAUZjd14pFNU2CWyKGQZtbeuT5DwSVgg9cfDb,1.256655,33013651246369,1490520
S1,452956480,1791036638,HoGHV4cdLgESDBWdGJcjacCwocktYe7xCz2aEhiCpump,BwWK17cbHxwWBKZkUYvzxLcNQ1YVyaFezduWbtm2de6s,0.468797,13553515865410,1492508
S1,452956547,1791036656,AfhDgS1LQch2RiifpTBFXsD9FivMLJGNcG6X5n9WgYFN,9dVSVwrUJfnFqRZ8ChaGExowQbxWBSRgQbtgEQecCkis,1.000000,15921459126324,1498220
S1,452956575,1791036663,DgHayEJeeMwrt4sPitysRuC9DyNhpFH4VWuwFJQapump,BwWK17cbHxwWBKZkUYvzxLcNQ1YVyaFezduWbtm2de6s,0.117509,3999609450503,1500423
S1,452956612,1791036673,5dc4PRx7TpGBTbpvkfdkH2gdzTs1RLwNdHsXxB7Xpump,SF9TGdsfTPcA3ZVmPdPtYphgzRg6ZqUY4hnjPgjD1MW,0.500000,10016111316730,1503487
S1,452956649,1791036683,J57TGs6cx7CvyP5jJA4D92Ezt9VPerGEe6rsbDcMFBhn,6aXFYXbFob1ZKAEDCcqZnX2vooA3TgEqDoy5dAQbeWoV,1.821600,30982411083203,1506381
S1,452956664,1791036687,9cgW5JeeA7z4oSQxQemVh5mxb1iakfjxaYSCKW7mpump,BwWK17cbHxwWBKZkUYvzxLcNQ1YVyaFezduWbtm2de6s,0.195508,9319178270457,1507555
S1,452956686,1791036693,9GRyomkASbFcDnShVeGqdVkv6K4Xi8PaT65qm4cfpump,BwWK17cbHxwWBKZkUYvzxLcNQ1YVyaFezduWbtm2de6s,0.088199,3046649851041,1509442
S1,452956730,1791036705,9LpN4E25dBm9hNYMDHtA3yAajz9ixJVsY1cBc3CUpump,GvT9aod9E9ENDyUGzk3r4LymjS81GXLPtd5zCGvTMAAF,1.010000,34530189534206,1513177
S1,452956757,1791036712,CwBWEd3WMaS22uBdecbJt2L2WyWbnnjmxYXksvuBpump,922M9fBTzwGfC4Gqu3WxB8S89WHaTfVAUZKwK5PNtZpk,2.046008,1848971252913,1515378
S1,452956792,1791036721,J9d68or9ZrCLAw6eYFo56KgykEnHkPkqnvZQnTLQfKUm,BAuuRTihTeK82E5hQE8wYjdrXSEbUMeVhyDmjY8VoQQj,0.209741,771528452603,1518200
S1,452956810,1791036726,EnUweLhW11giLcJGTF9kHt1ST9zA1CmkDReLdV2fpump,4Aktn51cRBEYXMrn2SDACPwXrKyz5oyXh4EUhCdiCjcG,1.000000,17458380022979,1519933
S1,452956874,1791036743,Cpy45amypDoECXrSgucDg6JnvCZftEgV3Be7STRypump,BwWK17cbHxwWBKZkUYvzxLcNQ1YVyaFezduWbtm2de6s,0.054222,1886882167233,1525671
S1,452956928,1791036758,A2HKmKqgeiJx9DK7K7US64J6xhFKKSLMZVPP6anWpump,9LXWa7V3AE15VfBupcx5gDts2ix3Y9NzbcKZKjkkq6hV,1.300000,28434058935145,1530498
S1,452956942,1791036761,FMcNzQSX9jbSjBm48ThLjcRi3QWjTMv1bqTsjRfypump,BwWK17cbHxwWBKZkUYvzxLcNQ1YVyaFezduWbtm2de6s,0.115071,4231805405328,1531729
S1,452957001,1791036777,EGEfnBp8jpLrFFsr8nWkkUEGdDQ1aFcxGM8tRwK2pump,FqpxzuAAUZjd14pFNU2CWyKGQZtbeuT5DwSVgg9cfDb,1.256655,27890378036225,1536830
S1,452957013,1791036780,26WcxnFgF9cq9CDwWLyqj5W6xByRhFbNCM8nk1cQpump,BwWK17cbHxwWBKZkUYvzxLcNQ1YVyaFezduWbtm2de6s,0.053417,1859006858042,1537866
S1,452957032,1791036785,GWDAwqnTrrcLnxf49Mc1DHB7oEY7gQw2tbiRrqqee4N1,6UcanEPgy9t6aJxpvaU62CmmXpnAp5ny5e8XeoFr1q9b,3.950617,21520447600099,1539527
S1,452957141,1791036816,33tPjybyrDq27XbUfxxYiUrTRE3q2epCzPFVQRmCpump,BwWK17cbHxwWBKZkUYvzxLcNQ1YVyaFezduWbtm2de6s,0.151847,6364274699822,1550712
S1,452957143,1791036816,7375cu6K5FiaTfQZYWCAdCcoD4fuFvJsuohEBriQpump,4Aktn51cRBEYXMrn2SDACPwXrKyz5oyXh4EUhCdiCjcG,1.000000,26659523745160,1550973
S1,452957179,1791036826,FKYbooFr2wEqkChLNN7JjQ3vKbp3A2cTHotGmQ8opump,2npiwsPoymCm5Qnh25BPtmc5enngp5M8r8GDqNMeDdXz,1.063281,1828290763728,1554575
S1,452957190,1791036829,EWmq71sDmHXAA3pqCwJ9m1NTGTAfstXHSt7pJz1AkVqe,BuekUk3YMmm7Agnb4ni1qMCmShVpeBTdQZYNyihyzr7u,4.000000,26111935831978,1555732
S1,452957210,1791036834,26Wd3N6rhukUzB5WZB4Yhyc4XRs2S8xM8wCGDGdMpump,GvT9aod9E9ENDyUGzk3r4LymjS81GXLPtd5zCGvTMAAF,1.010000,34530189539776,1557766
S1,452957233,1791036840,FtortHc86T4QGYHFhYxXDFJqrwraEUhFaEPNftpHpump,BwWK17cbHxwWBKZkUYvzxLcNQ1YVyaFezduWbtm2de6s,0.121568,5126813543036,1559918
S1,452957362,1791036874,AeyEzUPjc7m3125TgoQbJATvua7LqMyVjo6sRtVWdTvL,7DPqnafeB7ibg6gboC9jTUhLmhFpBMSEEfqDTzZncozy,0.939266,16944437016442,1571619
S1,452957369,1791036876,3Qd9WHXJVzX6rpSYGKuVoSLDW6D13S5cbCuxmpfNpump,BwWK17cbHxwWBKZkUYvzxLcNQ1YVyaFezduWbtm2de6s,0.058584,2750317050814,1572225
S1,452957478,1791036905,9Bn1UUGToEUJF6TGt6bRGnoFG5TJKszRqmGFoA3eLp3h,4Aktn51cRBEYXMrn2SDACPwXrKyz5oyXh4EUhCdiCjcG,0.500000,10414812581173,1581055
S1,452957497,1791036911,8tAmS4NPckNwFt7W4eB2PRM2skoGEftXyhgZBCnrpump,BwWK17cbHxwWBKZkUYvzxLcNQ1YVyaFezduWbtm2de6s,0.060329,2103155152695,1582934
S1,452957571,1791036931,Db84zuEkYV3rVvYD9vNC21K5xEabPEvuZp7N4yBjrnVF,4Aktn51cRBEYXMrn2SDACPwXrKyz5oyXh4EUhCdiCjcG,1.000000,14282155651507,1588963
S1,452957632,1791036947,26WdhnHks9FaTPY7T3vfHWb1TPBwiTwd2XQXzYhPpump,BwWK17cbHxwWBKZkUYvzxLcNQ1YVyaFezduWbtm2de6s,0.107217,3167534379311,1591593
S1,452957635,1791036947,ES5e4c14egwVeVomg7yxfNSHAAWQdv7xn2muFoQG2U5t,J3gZFpvsCsmA5zwqXgUpyqNLBoGGcJzmnfRwbHFR6KfU,1.000000,27825172300068,1591894
S1,452957674,1791036958,AoVUJmvL5fEYjk6qwEJxU6GUXfP5t3jUT4sL71PPdvXc,TWiNYzgnpqKYePVgLxZ3W6epLg7FbC4KmGZZ1S93oms,0.909562,26693401285829,1595614
S1,452957676,1791036958,924cezh4TPeKTWRCnqnSxFKeUTmXX536sxc5FLchpump,FqpxzuAAUZjd14pFNU2CWyKGQZtbeuT5DwSVgg9cfDb,1.256655,23093828848658,1595828
S1,452957677,1791036959,2xJgM5F4VyVoaQ3r2CK9kwzMpVu6p7FttKbtBCQLpump,75PFdn38N1nVeRkGTaqfRzu56yroAfY7ZsT8F9ixU5qc,0.700000,8974276802642,1595925
S1,452957729,1791036972,Ewf2itATjh5jesswsc8J9GocP1gXtekYg6SthW1nJy91,TWiNYzgnpqKYePVgLxZ3W6epLg7FbC4KmGZZ1S93oms,0.909562,18573729316205,1600044
S1,452957776,1791036984,4h1j6o9dunwdZM4ymm2F1BwEWfFxh9xwhWW6wWcDpump,72NWWbchKdRJKvhG6U4f9363psUttkeEkE4yk15imy8u,0.521008,6195622296360,1603770
S1,452957779,1791036985,EJTPPYcmUTjDGyp5GN4EUPu796B6HgDwRagtDXJjpump,BAuuRTihTeK82E5hQE8wYjdrXSEbUMeVhyDmjY8VoQQj,0.419503,2967017137241,1604045
S1,452957795,1791036990,9rZagPi1UcEbTmCDEYGG3UiCNS6icPg32u6hNgripump,72NWWbchKdRJKvhG6U4f9363psUttkeEkE4yk15imy8u,0.499997,6455975612697,1605594
S1,452957808,1791036994,Eo5Tago9NLH55uX6hmAkVtnsbYGu4NHcrYKWgTPipump,BwWK17cbHxwWBKZkUYvzxLcNQ1YVyaFezduWbtm2de6s,0.074086,4450588018783,1606858
S1,452957842,1791037003,DVTKvmWZ2KgnAGC7RLxsopa2VyyTx1CDZG2c9neVpump,BwWK17cbHxwWBKZkUYvzxLcNQ1YVyaFezduWbtm2de6s,0.078419,3099683761087,1609562
S1,452957842,1791037003,26WduBSEwAo2S5UCsxkzEWvZSLCefYbPC3Laq5Kwpump,BwWK17cbHxwWBKZkUYvzxLcNQ1YVyaFezduWbtm2de6s,0.069294,2630942643751,1609574
S1,452957850,1791037005,GqRXbwAEuBDUezYUPtVyKExp9dey3qq6vVQWpgaYpump,BwWK17cbHxwWBKZkUYvzxLcNQ1YVyaFezduWbtm2de6s,0.396731,12202389891051,1610039
S1,452958010,1791037048,9HHiABAhrKYL7LzMHAu7W95wd6jPwvnkRx788PHZgJRF,72NWWbchKdRJKvhG6U4f9363psUttkeEkE4yk15imy8u,0.408054,7910645051829,1622109
S1,452958016,1791037049,25LPsdLW9aA4QYipcGvTutB1n5AhQ4xyYqg3bUkbpump,BwWK17cbHxwWBKZkUYvzxLcNQ1YVyaFezduWbtm2de6s,0.051894,2211433900129,1622589
S1,452958029,1791037052,3RRGi7ZcodyqNRNDJEySgCuteuE9AV5MsYjXiZLQpCJH,HicFqmdYCxDLAPCszK5iyNZM2YkVHwJhFSJy9asgsr9m,2.000000,29978070711546,1623561
S1,452958067,1791037062,4RZSpXoAKoxQwtNr5NfechsFeMM9UqfNsf3Enk1iH2vr,72NWWbchKdRJKvhG6U4f9363psUttkeEkE4yk15imy8u,0.432489,7607884426991,1626675
S1,452958124,1791037077,D5j8DDFLBPhThffdJRrvBrX5iDKa29HuTm9Ae9dVpump,BwWK17cbHxwWBKZkUYvzxLcNQ1YVyaFezduWbtm2de6s,0.107908,3630359362127,1631422
S1,452958175,1791037091,D69eVDZays9ya6uncTDTBFT3oaGMGvrwdiBWEJ2Zpump,BwWK17cbHxwWBKZkUYvzxLcNQ1YVyaFezduWbtm2de6s,0.070453,2901227789855,1635844
S1,452958196,1791037097,GPiMBn7y1CbEcPiCAGXKwXSSaQahSv1EtCTs21nLzDfL,FqpxzuAAUZjd14pFNU2CWyKGQZtbeuT5DwSVgg9cfDb,1.256655,20748696485085,1637767
S1,452958209,1791037100,GPDnvKFzVvrCYbbGpPjnkQzhoJaCVY9TjydGbV2qpump,BwWK17cbHxwWBKZkUYvzxLcNQ1YVyaFezduWbtm2de6s,0.244054,35660775568749,1638878
S1,452958256,1791037113,GWtL16X7SpEJbQgHuszUNVLhR22iEJM9L7x7Rkwvpump,BuekUk3YMmm7Agnb4ni1qMCmShVpeBTdQZYNyihyzr7u,3.500000,75130366352621,1643947
S1,452958262,1791037115,2ZoiMe6J7XJ2DTSE13Cv7yDiSJpcDgBiCGm7XGYypump,72NWWbchKdRJKvhG6U4f9363psUttkeEkE4yk15imy8u,0.834402,3868602546645,1644714
S1,452958288,1791037122,HwAz5UMcANqqmmCnAgmw7Wt8BSAPMxU2Gq7A9iw1Z9bJ,72NWWbchKdRJKvhG6U4f9363psUttkeEkE4yk15imy8u,0.428318,7483488431658,1647994
S1,452958342,1791037137,9grT1sAsZsZqnS5XnZHJyacLb6mBhPgqj7wQgLFCpump,BwWK17cbHxwWBKZkUYvzxLcNQ1YVyaFezduWbtm2de6s,0.157361,5257355350089,1653885
S1,452958374,1791037145,CSLFSPXCWaWZcKLk6qwZgyyRe27iq7drEwoDT2H3pump,BwWK17cbHxwWBKZkUYvzxLcNQ1YVyaFezduWbtm2de6s,0.157814,5202040462437,1656921
S1,452958381,1791037147,DA3os8LeYyyYXXDb3KuQEmuTyL5EHLb1SmqzMrVcpump,BwWK17cbHxwWBKZkUYvzxLcNQ1YVyaFezduWbtm2de6s,0.052404,1818158546467,1657595
S1,452958396,1791037151,AoHPknazJrezyQLKemrhqfsco9cX1DXbpqvCKAaBpump,6WFGCAc9dhms5CEF39rLxxcULu4nXcVgjwm1ZakzTuZL,0.953979,18591238683779,1659132
S1,452958452,1791037165,8HjcCM9iKj2jHKmkFuSdG97wi2H6guXKTM3fr4uwpump,BwWK17cbHxwWBKZkUYvzxLcNQ1YVyaFezduWbtm2de6s,0.072237,1466593296981,1661279
S1,452958500,1791037177,6QaEdau4rSC8mCttwDyVNnFha8Y78oYtbA8j4qyoitdd,9dVSVwrUJfnFqRZ8ChaGExowQbxWBSRgQbtgEQecCkis,0.750000,8580846290041,1664833
S1,452958504,1791037179,HVm64R9vUbEdm4bzSutFduESg7JLHQkxtsNPcpCYEToW,72NWWbchKdRJKvhG6U4f9363psUttkeEkE4yk15imy8u,0.414873,7931763587284,1665051
S1,452958541,1791037189,2pJrLp4R3bH7TosrgG9B3gWRUwvm8RfLoMCknTMepump,FqpxzuAAUZjd14pFNU2CWyKGQZtbeuT5DwSVgg9cfDb,1.256655,30593596409560,1667949
S1,452958543,1791037189,6nKGywRUAiQs1US1zDjvHpcp4cpv8H5R4xom5iWhJPMf,9j8KaE2m68rwUeWxWQukcfiPRdAFGrWMD2Gb8JQYhzcn,1.237500,36950868101433,1668170
S1,452958554,1791037192,76dABjXT8aAMYLSyKHPbUakVbVCihcuRAD2y7nt4pump,BwWK17cbHxwWBKZkUYvzxLcNQ1YVyaFezduWbtm2de6s,0.130734,5326669666762,1668967
S1,452958591,1791037202,5eEAyHGD5yGnwxaJLzjhUdGrZE1S2tzySE5BKi3Sf4Po,BuekUk3YMmm7Agnb4ni1qMCmShVpeBTdQZYNyihyzr7u,4.000000,85327004713342,1672644
S1,452958613,1791037208,Hh6peQ7XHpzaobRPjppS2dDryk11krMSdPp9AJ8ypump,J3gZFpvsCsmA5zwqXgUpyqNLBoGGcJzmnfRwbHFR6KfU,1.000000,15834056077048,1674318
S1,452958665,1791037222,3yZiYqyVwnPQcY9DNRfvFRhwRcHdyuvNL54xXrdKpump,72NWWbchKdRJKvhG6U4f9363psUttkeEkE4yk15imy8u,0.402982,9465819018111,1678040
S1,452958693,1791037229,asHzn3rzLUBLMU7ftEfdhrMU1RJBATfvx7yRFEvbred,72NWWbchKdRJKvhG6U4f9363psUttkeEkE4yk15imy8u,0.986751,3271312250029,1680064
S1,452958699,1791037231,GmSLxgPMkPnidej4YDDWZ59V26eVdFxmi6FE9VEVpump,BwWK17cbHxwWBKZkUYvzxLcNQ1YVyaFezduWbtm2de6s,0.123136,4193056922809,1680489
S1,452958834,1791037267,2ZSKMrzgL1aPzvyzfM9Xk8zG7bZfvdZkNrn47bos2uCV,6aXFYXbFob1ZKAEDCcqZnX2vooA3TgEqDoy5dAQbeWoV,1.214400,21249071014201,1690551
S1,452958891,1791037282,G7nDuu3w34a95iDwbAU2AQChhXTc2acXrp1Ro18N4fi3,9dVSVwrUJfnFqRZ8ChaGExowQbxWBSRgQbtgEQecCkis,0.750000,10037111118763,1695021
S1,452958901,1791037284,EfwjViV2snVQb6AY9iAgJh9mJPy8YDZcTaPmi9rppump,BwWK17cbHxwWBKZkUYvzxLcNQ1YVyaFezduWbtm2de6s,0.276002,9063873961754,1695799
S1,452958927,1791037291,B46R1aimRwajLVCWWef8wzn7UruYhwsAyPoSYFWxpump,FNvLdMfo2aB9xf14x4TFN3dr2TDpKz78Rji1k8bTx4bs,1.900000,26240423619477,1697874
S1,452958965,1791037301,8TM1q4NibVSqcscvuWCqvFod83vMqk5HJcm9qFZZUCgU,7JVQMwRj82STgsG57spj6vpE6XY3RqG8B64PczVc7jJr,1.241812,3094779374742,1698416
S1,452958984,1791037306,9E3MjCMXXaALkCbnTXs9yGYbxGocNMuxr7BnrPCwpump,BwWK17cbHxwWBKZkUYvzxLcNQ1YVyaFezduWbtm2de6s,0.614498,18775469044166,1700042
S1,452958992,1791037308,Hhm8swd9GV12GddXToEsgRqJtUEr9sy35ujsSoHLpump,6aXFYXbFob1ZKAEDCcqZnX2vooA3TgEqDoy5dAQbeWoV,1.214400,22829972805401,1700672
S1,452959034,1791037319,7DGYyozLH4H2HAf1dBAAvtaX6DYeQbLH1vAniYZ5pump,4Aktn51cRBEYXMrn2SDACPwXrKyz5oyXh4EUhCdiCjcG,1.000000,27457439436174,1703882
S1,452959051,1791037324,Do7yNadJcRZxMJ4QX98at26LfHqmRXsSiZnbZSZEpump,BwWK17cbHxwWBKZkUYvzxLcNQ1YVyaFezduWbtm2de6s,0.118777,4065677938202,1705181
S1,452959129,1791037344,9wtJ9u8WAkXmbP5mDrXnqRuoac7j6xrzXr8GFb1opump,BwWK17cbHxwWBKZkUYvzxLcNQ1YVyaFezduWbtm2de6s,0.140324,4744990994261,1710977
S1,452959135,1791037346,9DRDSZs3umD4YWNKDumRWbXwvX3HGrpAVmppf3Gjpump,BwWK17cbHxwWBKZkUYvzxLcNQ1YVyaFezduWbtm2de6s,0.463177,15829957565211,1711427
S1,452959168,1791037354,DFktQqq2w3QKdXiuqPnUKXMg77ioKjXJihdo8qWMpump,BwWK17cbHxwWBKZkUYvzxLcNQ1YVyaFezduWbtm2de6s,0.131165,4327262426138,1714173
S1,452959180,1791037357,DaXGqP381rw6ZqvhpKHAWUesuFpDcrK3fYj3qTDDpump,BwWK17cbHxwWBKZkUYvzxLcNQ1YVyaFezduWbtm2de6s,0.080690,2740897006935,1715126
S1,452959237,1791037373,CNSjVMbjrbHymXi4AuGneqwQBaXS3cfewqiupUaspump,HicFqmdYCxDLAPCszK5iyNZM2YkVHwJhFSJy9asgsr9m,2.000000,45242051492353,1717084
S1,452959247,1791037376,5QPBcxZ9ahSPpkMxsn5EzoNcGkEYz6tPnvwf6jtWpump,BwWK17cbHxwWBKZkUYvzxLcNQ1YVyaFezduWbtm2de6s,0.146811,5715017989448,1717767
S1,452959251,1791037377,ALijm8MMnWTfSLZMJsr5tojU7s8hJEp5S7A3qfdtpump,BwWK17cbHxwWBKZkUYvzxLcNQ1YVyaFezduWbtm2de6s,0.871317,56223013278284,1718156
S1,452959254,1791037378,BW9dHvupY7AjnNP25ivxvjpRZTC5M22fEG9yKyuppump,4Aktn51cRBEYXMrn2SDACPwXrKyz5oyXh4EUhCdiCjcG,1.000000,24208377666394,1718482
S1,452959267,1791037381,2JjZiRudrg3m4P7eaaKW43r939doeocEdgQguhBLpump,DRWPSrUbp1rnjCVjAb5rQU4ZfGsf1sgW3QFfAAxG23Gf,2.000000,30179618693409,1719399
S1,452959275,1791037383,svYGMWiBXiTuyQYmdWroFngtByJvRCZPsKBjXDYpump,2eh9qJNKUTyzrkyV7Dt2B89oZPw2YA2Vc3ZNwiYrUTb8,1.150996,8270737788048,1720150
S1,452959309,1791037392,6wS4DzEd95sBu2i9zbw6DhJNK6Wxd7hjttwSmcCepump,BwWK17cbHxwWBKZkUYvzxLcNQ1YVyaFezduWbtm2de6s,0.443269,15129784933297,1722824
S1,452959326,1791037397,26Wef521wA3S87W3VqxSFWLF2X6NZN7F2DvBFPWSpump,4WxE3GAiFG6EofdSF4N3DWXg5na9V3BQJJN5LuE5dzhP,1.000000,17407602371901,1724112
S1,452959342,1791037401,44dQzoftm1i2ho7XZA5iKsioMQTximSTYK2vzMafpump,4Aktn51cRBEYXMrn2SDACPwXrKyz5oyXh4EUhCdiCjcG,1.000000,22627607321122,1725440
S1,452959351,1791037403,GKCLHM7F4Q7BC7tnueJrsijrRGzGCWP61zTbVGfxpump,BwWK17cbHxwWBKZkUYvzxLcNQ1YVyaFezduWbtm2de6s,0.258322,8325275673130,1726141
S1,452959428,1791037424,9Twcpm7bRdhTnjMTKWwL3TTb8fMWS9uRmJiLMQ2fpump,7QBQLNXfCHNhuCsvzBWH3kMMh6NAiKyZSfb1NYjfVXNi,2.505992,81777623746152,1732061
S1,452959442,1791037428,En7EQxwDeR7UZeUisxsKQYYbzGsFTyNUv3qbXM6pump,FqpxzuAAUZjd14pFNU2CWyKGQZtbeuT5DwSVgg9cfDb,0.167574,1765207749633,1733186
S1,452959491,1791037440,2DBMzN8pkKYVht6UszBQjPkJB1KkNVokzYAQqktRpump,2CzXSZe8577hmjo1Xi1WQBtSBJc93fD4U2dt7jnJ313Y,0.500000,8962619514898,1737030
S1,452959513,1791037446,E4819dfKV9hu15FgM84k2BENh5Ewp4HumSyvwt3Wpump,BwWK17cbHxwWBKZkUYvzxLcNQ1YVyaFezduWbtm2de6s,0.054204,1849877389363,1738924
S1,452959527,1791037450,3q5sCMoL1kyCJK8w1M2BXhzF8EGg1ZzaoZTiDngPpump,BwWK17cbHxwWBKZkUYvzxLcNQ1YVyaFezduWbtm2de6s,0.538332,17533419900449,1740253
S1,452959590,1791037468,6t7eEP5HPLZT3kWgxia8xiH6oQYfa9QVkCw6grKkpump,BwWK17cbHxwWBKZkUYvzxLcNQ1YVyaFezduWbtm2de6s,0.198459,6545909951577,1745804
S1,452959628,1791037478,FoAqz5AzzKk4YgAqSjZ237p5hCmP6dXmAqJ9rTfEpump,4Aktn51cRBEYXMrn2SDACPwXrKyz5oyXh4EUhCdiCjcG,1.000000,16050587654210,1748605
S1,452959667,1791037489,2FoCyMneaAQEMW5xrzzAGyW4nGDVxF6YEbA2BoVnpump,BwWK17cbHxwWBKZkUYvzxLcNQ1YVyaFezduWbtm2de6s,0.128161,6755234678784,1751686
S1,452959724,1791037503,6kmsAngxWkscnTxVmpqGKFth12wAu29oVV9BTsqNpump,BwWK17cbHxwWBKZkUYvzxLcNQ1YVyaFezduWbtm2de6s,0.134224,7477278848157,1755896
S1,452959725,1791037504,9kd4sBdDm3JGGYzPGKzSPFB6fkEbHtzrzu2sLitwpump,C3A52EvMkxYKXuTREHufNNZ7r6WRKVRzzhssYpoV1Unr,0.536272,10873426664517,1755925
S1,452959730,1791037505,4EZ4P7z8SAhKbdtJaa4TtMVscAjGs2A4Yaudbg6ypump,C3A52EvMkxYKXuTREHufNNZ7r6WRKVRzzhssYpoV1Unr,0.486555,8302326886170,1756272
S1,452959737,1791037507,2quwygNbREuVEjfKkUjHUwQVtoJsVm5VLvKhxfcCHi4K,7DPqnafeB7ibg6gboC9jTUhLmhFpBMSEEfqDTzZncozy,0.643324,6871936650494,1756798
S1,452959749,1791037510,HZ4nTSFU4NhchwGhdDrHirEsutySjSsG2G1ZfacCpump,BwWK17cbHxwWBKZkUYvzxLcNQ1YVyaFezduWbtm2de6s,0.321503,9911329315981,1757674
S1,452959777,1791037517,FcY32GuEqznyM9jxwW1nMumWG3pxFeNmwLbMaDY1BLKa,4WxE3GAiFG6EofdSF4N3DWXg5na9V3BQJJN5LuE5dzhP,0.500000,10876203820323,1759680
S1,452959790,1791037521,EQ28Mda9yu44u69ocSXrMXWQesTqHRNStoCanxNHK5dT,4Aktn51cRBEYXMrn2SDACPwXrKyz5oyXh4EUhCdiCjcG,1.000000,18080748102795,1760621
S1,452959865,1791037541,GRnhunbsCcUahhtitfBPc7a9jhuR9oiFMg97Gmovpump,BwWK17cbHxwWBKZkUYvzxLcNQ1YVyaFezduWbtm2de6s,0.058299,2002018815829,1766384
S1,452959888,1791037547,HG2YwSk9DBFsjSWGcwTcbJUZMgTyPaWcbaWjg4dCpump,BwWK17cbHxwWBKZkUYvzxLcNQ1YVyaFezduWbtm2de6s,0.077263,4530000497198,1768203
S1,452959901,1791037551,GPLRAZREP9ohN46KgDSHCnxsMxmQfb2BgJeUbhsmJESp,C3A52EvMkxYKXuTREHufNNZ7r6WRKVRzzhssYpoV1Unr,1.000000,22946795025367,1769356
S1,452959917,1791037555,H1irtLC6wbj1PRypwkxAJoebjiyCutAXeRaFcgGopump,BwWK17cbHxwWBKZkUYvzxLcNQ1YVyaFezduWbtm2de6s,0.117067,3961523008516,1770464
S1,452959940,1791037561,8UJyLmZy4GnaA7FRQbzpdbmyXS4LzHvrxTCqd3vspump,BwWK17cbHxwWBKZkUYvzxLcNQ1YVyaFezduWbtm2de6s,0.050198,1758747273979,1772084
S1,452959949,1791037563,JCsKWhELRJ8MhEZjUDdCL49mntw8fx27bKAgCMgSGhcQ,8zkgFGVZrDLieViwqiXFCydSX6WL5hsxmUu55yBdsNsZ,3.545497,2011989111258,1772758
S1,452960087,1791037599,H8XUG8ZtK4hVYf2cuTZtetxmVddVgAWUTLVMGwJppump,BwWK17cbHxwWBKZkUYvzxLcNQ1YVyaFezduWbtm2de6s,0.122383,7018433895211,1782275
S1,452960129,1791037610,FGoqTnMpT2YTkRiGXELyHNnqGH8RKPTGv1H4enCGpump,BwWK17cbHxwWBKZkUYvzxLcNQ1YVyaFezduWbtm2de6s,0.079937,2764185254538,1785252
S1,452960219,1791037634,7SAeCrHeN8xXw9BBvFEHYXFW4SofnHNr8yXDgcovpump,HicFqmdYCxDLAPCszK5iyNZM2YkVHwJhFSJy9asgsr9m,2.000000,35680920427803,1791845
S1,452960234,1791037638,7a8wUCnr1bjkB8gKvtRmmokgTaZXZWnoauwUWmsFoP7m,6aXFYXbFob1ZKAEDCcqZnX2vooA3TgEqDoy5dAQbeWoV,1.214400,35378509283393,1792994
S1,452960302,1791037657,696th4oYaP5JZQp5LgKk76fSjwRvFj9cxSa9CdGEpump,J3gZFpvsCsmA5zwqXgUpyqNLBoGGcJzmnfRwbHFR6KfU,1.000000,26060260842018,1798279
S1,452960309,1791037659,3tsdUrLgnra9LdKS3RN8b6qoz4GbYA5juGXWNFk5pump,BwWK17cbHxwWBKZkUYvzxLcNQ1YVyaFezduWbtm2de6s,0.360753,14961289705904,1798844
S1,452960383,1791037678,GZ8Ah2fZFKd4cL54nj2jcdsdWbDX1gBMfip9Pb4qpump,BwWK17cbHxwWBKZkUYvzxLcNQ1YVyaFezduWbtm2de6s,0.416385,25822545679468,1803741
S1,452960432,1791037691,FpiozzgxzwdTPV2vuer8BpoX8cMVsw24Sbm2GCNbpump,4Aktn51cRBEYXMrn2SDACPwXrKyz5oyXh4EUhCdiCjcG,0.500000,12190980015340,1807079
S1,452960439,1791037693,E1wcAjHhxtXupCLLfyZmjKSB8Cycn9xnRHC6xNrhpump,BwWK17cbHxwWBKZkUYvzxLcNQ1YVyaFezduWbtm2de6s,0.052447,2418126324672,1807740
S1,452960527,1791037718,6vW3rkvah1eT8GFoqKkr1hXtkDEA4rd93GzwKDpLm6HV,9LXWa7V3AE15VfBupcx5gDts2ix3Y9NzbcKZKjkkq6hV,1.000000,30820293242404,1813934
S1,452960562,1791037727,GUX3Qhj4V88ABb5X9dWMwWSGM2kZyDPzQ9MaahgWpump,BwWK17cbHxwWBKZkUYvzxLcNQ1YVyaFezduWbtm2de6s,0.076012,2570684696973,1816319
S1,452960587,1791037734,BSXaprpgkxNNEj928eUb9XPDkMnfhFSpeMjQHVGjpump,BwWK17cbHxwWBKZkUYvzxLcNQ1YVyaFezduWbtm2de6s,0.215830,8693468040485,1818183
S1,452960615,1791037741,5BEKZ7rmr7estRRbTG7bSYEmJTQrHBmPyQmfc8w1pump,BwWK17cbHxwWBKZkUYvzxLcNQ1YVyaFezduWbtm2de6s,0.053292,2905625144777,1820252
S1,452960642,1791037748,68eM7hLffp9y43onkvZxjnjHuEMPCcHHfuGBa31Apump,2eh9qJNKUTyzrkyV7Dt2B89oZPw2YA2Vc3ZNwiYrUTb8,0.894220,9431016007436,1822393
S1,452960653,1791037751,94zZp2PLZgNWJ3mGZPNgdGPmF4rH8bNKhsMy7dBnpump,52NUhyYcpwwycY2To1bLMtp6pjDjtUMFeUqQxZfBJgAt,1.561134,45590990556537,1823101
S1,452960688,1791037760,ACN5KScYZ8gV15mKcKbWc855S3CmXS8gen1QTjYUpump,BwWK17cbHxwWBKZkUYvzxLcNQ1YVyaFezduWbtm2de6s,0.060356,2093486323491,1825308
S1,452960883,1791037812,7sPUjkj3zvqrFcy4Rutu1cPsoBUch3dNDESjgLZjpump,BwWK17cbHxwWBKZkUYvzxLcNQ1YVyaFezduWbtm2de6s,0.137046,4664255057849,1839444
S1,452960893,1791037815,GrTw82Y7KjdWPJyk8TmQVVXoqUN6FnTEE17Do4pypump,BwWK17cbHxwWBKZkUYvzxLcNQ1YVyaFezduWbtm2de6s,0.136125,4659358454000,1840108
S1,452960912,1791037820,6vRweJ3RW5VDGHvuDHP4f1RiYnPuiYwyogGhQ4DBpump,C3A52EvMkxYKXuTREHufNNZ7r6WRKVRzzhssYpoV1Unr,0.465302,10621004887077,1841443
S1,452960930,1791037825,H49xNgg1hMV6LqXK6if2g8CYnrvp7CxQ5SJTnDRwPoS,2npiwsPoymCm5Qnh25BPtmc5enngp5M8r8GDqNMeDdXz,0.493827,4755480429620,1842679
S1,452960941,1791037828,3KJTCBDrLuuVe4t1naxJ6XDuYZPxAQYqNEzzNe42pump,BwWK17cbHxwWBKZkUYvzxLcNQ1YVyaFezduWbtm2de6s,0.090444,3063245057752,1843418
S1,452960944,1791037829,DGWTr1Mv6E3XAVg9sZ69V51fDeoLn11bGyvhttxvpump,BwWK17cbHxwWBKZkUYvzxLcNQ1YVyaFezduWbtm2de6s,0.082884,3004191286085,1843601
S1,452961080,1791037865,C7cQnga6ACRzUg6b2rj6a1tKVJS5VnR7xXFKAy1Jpump,4Aktn51cRBEYXMrn2SDACPwXrKyz5oyXh4EUhCdiCjcG,1.000000,18620837766951,1852937
S1,452961082,1791037865,9aqmJjCnnMQv42TXLk921ceUkN35nea2QP969n1caqjj,8zkgFGVZrDLieViwqiXFCydSX6WL5hsxmUu55yBdsNsZ,10.257793,1326930517505,1853000
S1,452961108,1791037872,Ct3EwuXRCPtjoRW2hPQ2caMhE5mbkLC1SEQrD47azYjk,4WxE3GAiFG6EofdSF4N3DWXg5na9V3BQJJN5LuE5dzhP,0.500000,15258105886272,1854670
S1,452961116,1791037874,gL9Q3xjXM1BdopmHn1R7Kb3Eim5NAQ1eWGNaTj3pump,8zkgFGVZrDLieViwqiXFCydSX6WL5hsxmUu55yBdsNsZ,3.207658,2125639539943,1855146
S1,452961168,1791037888,97G3MebfNA7aqvABP3uZLp3CjgQT1PaFYDvejV6ypump,C3A52EvMkxYKXuTREHufNNZ7r6WRKVRzzhssYpoV1Unr,1.500000,8084438862423,1859276
S1,452961206,1791037898,835NmmWyy84pPNaPAVHwWEG7VNAPu9hX7eHdpZELqEPo,7QBQLNXfCHNhuCsvzBWH3kMMh6NAiKyZSfb1NYjfVXNi,2.506825,81802728251399,1862681
S1,452961207,1791037898,AMAk42nJAzxdgr1Yt2yJyD3MbhdWBjZ4T9rZzRR7pump,BwWK17cbHxwWBKZkUYvzxLcNQ1YVyaFezduWbtm2de6s,0.128455,6908285064631,1862771
S1,452961209,1791037898,HUow7u6gn8MNZJSvhKRBFSpJpN7KEsqzBVqR4mGUpump,BwWK17cbHxwWBKZkUYvzxLcNQ1YVyaFezduWbtm2de6s,0.050094,3482303454017,1862970
S1,452961290,1791037921,72sVBcH51M8BWigCHM8LuFmYuXnxPzr4sEnCWsixpump,BwWK17cbHxwWBKZkUYvzxLcNQ1YVyaFezduWbtm2de6s,0.051502,1746508872706,1868831
S1,452961311,1791037926,HfcknRngFMfu1oNqsfDfN2AePrgoPV4YHb8FpWL1uMH7,9LXWa7V3AE15VfBupcx5gDts2ix3Y9NzbcKZKjkkq6hV,1.000000,34199203120618,1870140
S1,452961346,1791037935,4u2DLcFtmJsTmJg4cAjhVJLAwmp2foUPSF8BMzAxJupM,4Aktn51cRBEYXMrn2SDACPwXrKyz5oyXh4EUhCdiCjcG,0.500000,14684751505019,1872372
S1,452961383,1791037945,9m9ELtY4HuBmkdf5V2nRtutAcyjZo6fLcDBdgRYmpump,FqpxzuAAUZjd14pFNU2CWyKGQZtbeuT5DwSVgg9cfDb,1.255914,36801543210226,1874828
S1,452961405,1791037951,u9b2GNjQ9RWPAYpbWkEYfBxtBh3QFKn5L8bgtZvpump,BwWK17cbHxwWBKZkUYvzxLcNQ1YVyaFezduWbtm2de6s,0.054005,2405933711661,1876187
S1,452961544,1791037987,CPVoPUnaW8hE4x63hbgrrrhwhTvHiXE5sUXyE2A2pump,BwWK17cbHxwWBKZkUYvzxLcNQ1YVyaFezduWbtm2de6s,0.217981,7917277358455,1884224
S1,452961634,1791038012,ASPp6SJQwpRueiNFjsaQPbkRj4Z1bkM4NPyumTP1pump,BwWK17cbHxwWBKZkUYvzxLcNQ1YVyaFezduWbtm2de6s,0.059957,2997012546031,1889293
S1,452961644,1791038014,DBqs762NMqjK7AkQbZUFj4RowzsYGEn5wEGwGiyYpump,BuekUk3YMmm7Agnb4ni1qMCmShVpeBTdQZYNyihyzr7u,2.500000,55266397617161,1890013
S1,452961646,1791038015,ELE4dCCn1WbQ91ZJ7DFdnNHLYrrgo7mdEDxrccdupump,BwWK17cbHxwWBKZkUYvzxLcNQ1YVyaFezduWbtm2de6s,0.093202,3534394370715,1890142
S1,452961664,1791038020,Ek6DNDbriSjPkN9Rr6N6fo3bzEc9kFqxAxCoA6ywpump,BwWK17cbHxwWBKZkUYvzxLcNQ1YVyaFezduWbtm2de6s,0.469188,14399114517339,1891446
S1,452961733,1791038038,8aM79CN2sN1pgRpLLmH7W7qS9fFCzHkWYgM7y2Jnpump,BwWK17cbHxwWBKZkUYvzxLcNQ1YVyaFezduWbtm2de6s,0.232613,14131989695813,1897008
S1,452961916,1791038086,DdbndSBJtoSBDedDCWDuRCS3cCndZvPW4w1LYnbTpump,BwWK17cbHxwWBKZkUYvzxLcNQ1YVyaFezduWbtm2de6s,0.055228,1872635878534,1908919
S1,452961954,1791038096,32gyBkC4XAB7UoDGhf7zbFQArfxhUmZHiSDCTvFkpump,BwWK17cbHxwWBKZkUYvzxLcNQ1YVyaFezduWbtm2de6s,0.361295,11124492415812,1911228
S1,452961964,1791038099,2dsEo6adEC5M6WtyKbXiZcD9oFJQdocXmoywZ3DECUbh,52NUhyYcpwwycY2To1bLMtp6pjDjtUMFeUqQxZfBJgAt,1.346352,23722557446898,1911860
S1,452962079,1791038129,CMKXa1HeSUK2DSF1PfNScw4arjQrzNr1Yr3vcA9Epump,BwWK17cbHxwWBKZkUYvzxLcNQ1YVyaFezduWbtm2de6s,0.075149,3342393942773,1918934
S1,452962144,1791038146,4YH6qqDBL9oERJV47quFs9H7fLQVP6M3GzhDWJQ9pump,BwWK17cbHxwWBKZkUYvzxLcNQ1YVyaFezduWbtm2de6s,0.144737,4772966229801,1923033
S1,452962220,1791038167,B6uA2LtvQGyzp7JYDYDoPVdTZsxeFvUgYzdF74Sppump,BwWK17cbHxwWBKZkUYvzxLcNQ1YVyaFezduWbtm2de6s,0.090427,6510276680233,1927929
S1,452962366,1791038206,EMawf2RC5JQnWtCjhVB3ASmXySigTFZPEmsFqEZspump,BwWK17cbHxwWBKZkUYvzxLcNQ1YVyaFezduWbtm2de6s,0.136810,4728076611964,1938408
S1,452962381,1791038210,BVd5611FffrzV3thRweW1oACpWgAEcfJh9oCPzJ6pump,BwWK17cbHxwWBKZkUYvzxLcNQ1YVyaFezduWbtm2de6s,0.174886,9477487674843,1939389
S1,452962488,1791038239,GtEU3eTdVnWhqiQiYs7gHNn5xC3XAUjEnSysPMJjpump,2eh9qJNKUTyzrkyV7Dt2B89oZPw2YA2Vc3ZNwiYrUTb8,0.099000,524601208064,1945783
S1,452962564,1791038260,MEME4F1UP2hpEHdV1YyhEqmPWcr5ayU1sybtuWk84sZ,9dVSVwrUJfnFqRZ8ChaGExowQbxWBSRgQbtgEQecCkis,1.000000,18414967404330,1950239
S1,452962637,1791038278,MvX8h84XgbS97kQykwdNZmCxNTuPP3xzPJ5wsP5pump,BwWK17cbHxwWBKZkUYvzxLcNQ1YVyaFezduWbtm2de6s,0.464437,14255364184439,1954435
S1,452962668,1791038287,DwCPQqihKmMcxQkNTW6M4BuJoWhihMxnCnkTMU8ypump,BwWK17cbHxwWBKZkUYvzxLcNQ1YVyaFezduWbtm2de6s,0.377914,15716079360661,1956215
S1,452962748,1791038309,8CgEt4xg8pq418MyybpwDMRBqoZtSdDUxRmWaNbspump,BwWK17cbHxwWBKZkUYvzxLcNQ1YVyaFezduWbtm2de6s,0.424905,16348249681055,1961253
S1,452962827,1791038330,DA7ThrmZwetSbC5GCdNSQX5NsQuwEdY3tATREpMWpump,2CzXSZe8577hmjo1Xi1WQBtSBJc93fD4U2dt7jnJ313Y,0.500000,8190683254303,1965993
S1,452962832,1791038331,57EH2xo5i9NwGDpkDbYkgXkMYZpzqotjLju2Kukapump,2CzXSZe8577hmjo1Xi1WQBtSBJc93fD4U2dt7jnJ313Y,0.500000,8260898519459,1966303
S1,452962838,1791038333,CiDJD8mmxt1mchL3kEkaQEXmV1pbUrQ9ZXbAwipvpump,BwWK17cbHxwWBKZkUYvzxLcNQ1YVyaFezduWbtm2de6s,0.529569,16222323564625,1966649
S1,452962923,1791038356,2FHcnGd9NyYxixLeBF3WKArgBmtgwrzyjmpZjvDPii7S,4WxE3GAiFG6EofdSF4N3DWXg5na9V3BQJJN5LuE5dzhP,0.500000,9550733523832,1972030
S1,452962953,1791038364,3psWNUq1VS1wvPMVYMGHsf6YPs3ZDDdbuD6PD8rupump,J3gZFpvsCsmA5zwqXgUpyqNLBoGGcJzmnfRwbHFR6KfU,2.000000,43577619104123,1973805
S1,452962980,1791038371,9R6FLWy8HTy3Ys1FFwjejEEqDDbk7kZ5GTFPEsY6pump,HicFqmdYCxDLAPCszK5iyNZM2YkVHwJhFSJy9asgsr9m,2.000000,26086175181112,1975646
S1,452962995,1791038375,FspbqoFeAsmSX6CDA1ApCUQ3PEnTc9bEekV7EaMLpump,BwWK17cbHxwWBKZkUYvzxLcNQ1YVyaFezduWbtm2de6s,0.175448,5780077202833,1976716
S1,452963005,1791038378,CUqmL3KH6ZifP1pcZCxqQ8w2AkkoPVzSnuBdBpezpump,J3gZFpvsCsmA5zwqXgUpyqNLBoGGcJzmnfRwbHFR6KfU,1.800000,30479079065887,1977221
S1,452963013,1791038380,GHpF3Bs7yUmDKqQZqstBAEyTyYPoDA4tAtsKCnzupump,6UcanEPgy9t6aJxpvaU62CmmXpnAp5ny5e8XeoFr1q9b,1.000000,27449035774563,1977858
S1,452963016,1791038381,FnoGFXR9y2RC9AnzMTdU1pzjQKMgQPUC5T9CFTSppump,BwWK17cbHxwWBKZkUYvzxLcNQ1YVyaFezduWbtm2de6s,0.064992,2760032706512,1978106
S1,452963044,1791038388,DxXc5Dw1dbYY6SSpgK4eRpr479HbWiC5LuYqrXtzpump,BwWK17cbHxwWBKZkUYvzxLcNQ1YVyaFezduWbtm2de6s,0.835036,25344296407616,1980061
S1,452963046,1791038388,53c62brTyYpWn9v9mWYHRQtBBZY6PHBEcXweEbEmtLtM,8zkgFGVZrDLieViwqiXFCydSX6WL5hsxmUu55yBdsNsZ,1.241138,5370673889289,1980242
S1,452963090,1791038400,9ajyMzck96nHFx3BQxZ1jmgKa3NtzrUyG4aWz6qHpump,BwWK17cbHxwWBKZkUYvzxLcNQ1YVyaFezduWbtm2de6s,0.431376,13253947736023,1983411
S1,452963155,1791038417,CYqRCRpru7xXoxCMi4NACXLc4nWnmK6XKpdsvhTwpump,4Aktn51cRBEYXMrn2SDACPwXrKyz5oyXh4EUhCdiCjcG,1.000000,24691118091358,1988003
S1,452963252,1791038444,AtyxYeEE3rtpP7xxYmHYCWxTx657bkHGPbuut9wnpump,BwWK17cbHxwWBKZkUYvzxLcNQ1YVyaFezduWbtm2de6s,0.549168,16812680805881,1995145
S1,452963299,1791038457,Drev4F5kfaJy7fKrWvWRSzzFzMkNauHurbCkX4AKpump,4Aktn51cRBEYXMrn2SDACPwXrKyz5oyXh4EUhCdiCjcG,0.500000,11196426097570,1998494
S1,452963307,1791038459,ABeZnso8xFzggsd4NjQTTYsrUzJaipH6bqG9uoKmCCK6,4WxE3GAiFG6EofdSF4N3DWXg5na9V3BQJJN5LuE5dzhP,1.000000,33170406139926,1998958
S1,452963319,1791038462,HYr1GFhfuTMGFE5KRQhzxCKLnSWwFqpfdaGoaQDupump,4Aktn51cRBEYXMrn2SDACPwXrKyz5oyXh4EUhCdiCjcG,1.000000,22945971171079,1999892
S1,452963328,1791038464,AgXxyYNgQiV25JLgHjuxxsAr1FmFxhAi5Eojo2Zfpump,BwWK17cbHxwWBKZkUYvzxLcNQ1YVyaFezduWbtm2de6s,0.186290,5766819164535,2000503
S1,452963339,1791038468,CM1LJsbJrEr4m4YAj6gJFaMS9HpuCu8QRvNSCftppump,BwWK17cbHxwWBKZkUYvzxLcNQ1YVyaFezduWbtm2de6s,0.055480,1924296769527,2001264
S1,452963403,1791038484,FvqC4S9fFQF7dACdv85CyWtf4VAZAp9SBou6pqFTpump,BwWK17cbHxwWBKZkUYvzxLcNQ1YVyaFezduWbtm2de6s,0.072304,2506076599999,2005770
S1,452963406,1791038485,9UxJJzsyNzEj8WQvd2EnTzm8D72bubvEE1ZHkd7vpump,9LXWa7V3AE15VfBupcx5gDts2ix3Y9NzbcKZKjkkq6hV,1.000000,26064418463948,2006001
S1,452963485,1791038506,4nzN7FHUAYaxYPnX13ocJfiRUiV8FJCAz7ne1wk1pump,BAuuRTihTeK82E5hQE8wYjdrXSEbUMeVhyDmjY8VoQQj,0.209363,5058783134512,2011788
S1,452963525,1791038516,5cPoyZNs3agsK8yP2G11KFkVnzXyNyhgpXjKRUyDpump,TWiNYzgnpqKYePVgLxZ3W6epLg7FbC4KmGZZ1S93oms,0.909562,23957389804381,2014948
S1,452963531,1791038518,B5RwNAXpXFbs93rE8wz3MkZ4iyyvXLQG7Quxm2HKpump,BwWK17cbHxwWBKZkUYvzxLcNQ1YVyaFezduWbtm2de6s,0.427140,14729820368353,2015401
S1,452963568,1791038528,H74CYmXgMkYHYuSRsZt6RJb4NYp2u72Vw8BS5huApump,B1ZMARC6qhJYJrvBJywUYdtf6hq2WBkTgvbbnGuQsQnX,2.907086,144562981960,2018418
S1,452963580,1791038531,CFGJ88oEnj9othAb8sd996BC9JRJJ1y5dfLZBWMupump,J3gZFpvsCsmA5zwqXgUpyqNLBoGGcJzmnfRwbHFR6KfU,0.500000,11445402045208,2019440
S1,452963601,1791038537,2QHXWq5TK64JbMptwMBP1BsfhrxZRRv9JsLa17X7pump,922M9fBTzwGfC4Gqu3WxB8S89WHaTfVAUZKwK5PNtZpk,3.283491,818342085864,2021208
S1,452963604,1791038537,7y9gmcqpwuvN6hFPF9m6j6qU74GLA1urLgrKXEYTpump,7JVQMwRj82STgsG57spj6vpE6XY3RqG8B64PczVc7jJr,1.158480,1288627683807,2021477
S1,452963642,1791038548,4GtTHQKgYYk7UTwT34MafRHN5R4DiwR7L2FNvBSFpump,BwWK17cbHxwWBKZkUYvzxLcNQ1YVyaFezduWbtm2de6s,0.486303,14052352490684,2024634
S1,452963658,1791038552,3tcB6mSBjCKrUQ9bBFsjLxiN1qjVxyh6RMRtSTVaSN8v,TWiNYzgnpqKYePVgLxZ3W6epLg7FbC4KmGZZ1S93oms,0.909562,29312194154010,2025970
S1,452963676,1791038556,FsGjdnpyMwuYsQsXfJHoSj6M3T2QmYe6V5WCJ1sTpump,BwWK17cbHxwWBKZkUYvzxLcNQ1YVyaFezduWbtm2de6s,0.135269,4664523091610,2027941
S1,452963687,1791038559,BTYfQGbA5Ptg6kCwmNDaSmsHqodZwpd3vA8HXhgtpump,2npiwsPoymCm5Qnh25BPtmc5enngp5M8r8GDqNMeDdXz,0.493827,5422928981034,2028870
S1,452963696,1791038562,8JmeLf3pH8Q6bKiG1rf1gf5aDPLsA2LoasmwYqm1pump,BwWK17cbHxwWBKZkUYvzxLcNQ1YVyaFezduWbtm2de6s,0.526061,15183387916561,2029826
S1,452963753,1791038578,5jdKYhFn8v2XdUiET6gnywDBewkHKPANwH3gQz7Tpump,SF9TGdsfTPcA3ZVmPdPtYphgzRg6ZqUY4hnjPgjD1MW,0.500000,9545907931048,2034455
S1,452963761,1791038580,CMWo6LDDDYCpB4zmaWYjXfpivftuZqVLFhPZd8aqpump,BwWK17cbHxwWBKZkUYvzxLcNQ1YVyaFezduWbtm2de6s,0.163761,8119277035485,2034973
S1,452963779,1791038585,3QxPymBkTkwZ4SuYbG29TEE5c9aLf71AXBhARZRfpump,DRWPSrUbp1rnjCVjAb5rQU4ZfGsf1sgW3QFfAAxG23Gf,1.000000,19389417191050,2036464
S1,452963863,1791038607,1gAiC8JHxRu8zd7cBpKDAb4aYEwXcCmjXCqs4vsphnP,4Aktn51cRBEYXMrn2SDACPwXrKyz5oyXh4EUhCdiCjcG,1.000000,23727807080775,2042924
S1,452963976,1791038637,8L17Nhci3H3krd4uToSEcMDczw8f2BMnYQmmRjtpump,BwWK17cbHxwWBKZkUYvzxLcNQ1YVyaFezduWbtm2de6s,0.578665,17699873673625,2051908
S1,452963990,1791038641,4fWTJKipKya1VwVeLXQMP5k2SRyPskNXy61pE1X5pump,BwWK17cbHxwWBKZkUYvzxLcNQ1YVyaFezduWbtm2de6s,0.062478,2245998701109,2053081
S1,452963992,1791038641,ATAKadbQ3khjKiibQYxGBBMjJaWsEPqLoSkLwp8Spump,9LXWa7V3AE15VfBupcx5gDts2ix3Y9NzbcKZKjkkq6hV,1.000000,32089143560032,2053161
S1,452964011,1791038647,FToSMWKFnPnSaM9V2gajNKAa3cD3k7DtfjqPvA8npump,BwWK17cbHxwWBKZkUYvzxLcNQ1YVyaFezduWbtm2de6s,0.443452,13619968635731,2054996
S1,452964032,1791038652,GWGUDFY1dDxQoAMsWfg6zfhvYNF1toKPHMVT3DFBwMJq,2npiwsPoymCm5Qnh25BPtmc5enngp5M8r8GDqNMeDdXz,1.854092,1086472512154,2057063
S1,452964111,1791038672,Dt6zYTDhqb6UoVGCBY5FFEfGE1pbuNfwwoCwkK7epump,BwWK17cbHxwWBKZkUYvzxLcNQ1YVyaFezduWbtm2de6s,0.070212,2621797002539,2064455
S1,452964122,1791038675,6uv5dnRQ1erfH9YRw9ndcK4UWuhRguyFfuSJhLbvpump,BwWK17cbHxwWBKZkUYvzxLcNQ1YVyaFezduWbtm2de6s,0.115971,4362336814229,2065513
S1,452964128,1791038677,FAWDcXnN5BL2uL95Y7hH1JZxnfEPnz3xqw5KfNvNpump,BwWK17cbHxwWBKZkUYvzxLcNQ1YVyaFezduWbtm2de6s,0.078181,7888535687508,2066188
S1,452964212,1791038699,HUhzVM3VADwiNSp5qBqBJrdJYy7DHQv1rrZSFdkMpump,BwWK17cbHxwWBKZkUYvzxLcNQ1YVyaFezduWbtm2de6s,0.253867,7842954983986,2073731
S1,452964258,1791038712,2Guf4J8My4Zet9cNCBXKTuWXL6DqrUr3maFDUJMj68Ny,4Aktn51cRBEYXMrn2SDACPwXrKyz5oyXh4EUhCdiCjcG,1.000000,29026388358779,2077043
S1,452964263,1791038713,HkaTGwc8MadBdBqhfvNsKhKzvQwe48hQagVkqqWDpump,BwWK17cbHxwWBKZkUYvzxLcNQ1YVyaFezduWbtm2de6s,0.102662,3592908525060,2077392
S1,452964264,1791038713,5ZB3ikqGs5b39xxeAFvuizSnCgmf7dyTUdise3HNpump,4Aktn51cRBEYXMrn2SDACPwXrKyz5oyXh4EUhCdiCjcG,0.500000,13235620014072,2077543
S1,452964281,1791038718,Fuo9S89i9q1hCZEzeWjY1iiUaWn1W9qepkPimfkapump,FqpxzuAAUZjd14pFNU2CWyKGQZtbeuT5DwSVgg9cfDb,1.256492,29745275401463,2078765
S1,452964314,1791038727,D6pHpdnYhCGPLTDpuDxT8rCr8572sVAkAAMHncbzpump,BwWK17cbHxwWBKZkUYvzxLcNQ1YVyaFezduWbtm2de6s,0.057303,2000841914303,2081374
S1,452964328,1791038731,GgHjVTnYLgbG7WYSuu3DnchZrfXPNmb6A423omZX25W9,6aXFYXbFob1ZKAEDCcqZnX2vooA3TgEqDoy5dAQbeWoV,1.214400,11603871130514,2082546
S1,452964371,1791038742,GAwhcphCqCv5bKHmCiN4VDdNWfbXJL4npmkc8L3Q9S9H,52NUhyYcpwwycY2To1bLMtp6pjDjtUMFeUqQxZfBJgAt,1.476862,248171066618,2086281
S1,452964391,1791038747,75TCqxj1uhVUDWiZhsrJ5bVa4jxdRC1NcDpte9m1Bzf,6aXFYXbFob1ZKAEDCcqZnX2vooA3TgEqDoy5dAQbeWoV,1.821600,23344446735684,2087966
S1,452964411,1791038753,8GYbR1hAtYXrA53BnBNjhDVRHZ7SqwmPKEP1e8Lypump,BwWK17cbHxwWBKZkUYvzxLcNQ1YVyaFezduWbtm2de6s,0.268625,21675674255803,2089912
S1,452964414,1791038754,Dm1Em4QsKiVpAFq3Lstvr2fjjXy7f8hcbCRStXK8gEd6,6aXFYXbFob1ZKAEDCcqZnX2vooA3TgEqDoy5dAQbeWoV,1.214400,21199728037580,2090276
S1,452964421,1791038755,B9NMSXSbKcgRWqxFnJe7SXkY8oYpmyKTv6Nsv4P3pump,BwWK17cbHxwWBKZkUYvzxLcNQ1YVyaFezduWbtm2de6s,0.102240,3529576534939,2091187
S1,452964426,1791038757,9S5VviAhVtSiknz2oEDjJ2zVCpodBd5opBR8EZit6oPU,6WFGCAc9dhms5CEF39rLxxcULu4nXcVgjwm1ZakzTuZL,0.405857,7793109800379,2091609
S1,452964539,1791038787,LJ3wfwBAzajX98Q3U2cd12hnWteWAafiZUcYGGPpump,BwWK17cbHxwWBKZkUYvzxLcNQ1YVyaFezduWbtm2de6s,0.708176,21577725719906,2100932
S1,452964591,1791038802,GZjkVuownpi7hXLkria41VyE5f2v5839p4sp86JK7Vdw,4Aktn51cRBEYXMrn2SDACPwXrKyz5oyXh4EUhCdiCjcG,1.000000,23594254596837,2105561
S1,452964602,1791038805,3RS5vNdMXPe37V4YAkDmZgibzMcJCUKqd8tZy3Zzpump,HicFqmdYCxDLAPCszK5iyNZM2YkVHwJhFSJy9asgsr9m,2.000000,25368768040945,2106434
S1,452964623,1791038810,3xeJx4nZSJoj1m4eYAuvkBB1whqi3ktDPATS5Ze7pump,GTuctg8YR5oH1jdAaGMvkb51MSWPHE9nLCc1zUrwss6L,3.000000,80841668261757,2108044
S1,452964681,1791038826,3RXRanjiaufauU2XkjKvhwqF3C8iCE4AKZrfdPaKpump,BwWK17cbHxwWBKZkUYvzxLcNQ1YVyaFezduWbtm2de6s,0.459256,14099420004967,2112608
S1,452964708,1791038832,BXAvVqsKug3G6bkjdEF2D9GSyrm31SD711MbSxWSpump,BwWK17cbHxwWBKZkUYvzxLcNQ1YVyaFezduWbtm2de6s,0.462779,15002177873538,2114432
S1,452964714,1791038834,HVyvnhR9nCyrjvj8pfJ54fhvbgAQHyPsB9kBf2dApump,BwWK17cbHxwWBKZkUYvzxLcNQ1YVyaFezduWbtm2de6s,0.476808,13781861115324,2114847
S1,452964719,1791038835,DKv7NpJJLTZRgEAF6e6zZsEX7vmuiumLsBrPvdLpump,7QBQLNXfCHNhuCsvzBWH3kMMh6NAiKyZSfb1NYjfVXNi,2.505287,77148717515637,2115184
S1,452964745,1791038842,GwQrvFesWy1qdgixPcvR9otHvmbNnpstAQVTTzkUpump,BwWK17cbHxwWBKZkUYvzxLcNQ1YVyaFezduWbtm2de6s,0.164628,5099957797241,2117325
S1,452964784,1791038853,95uiE7Gy9amYq8bKPn4SYk4c1PkjWxxFPJwiE6yUpump,BwWK17cbHxwWBKZkUYvzxLcNQ1YVyaFezduWbtm2de6s,0.752103,22885752910822,2120205
S1,452964784,1791038853,D1YZM1L8wLutZ7gKd41aehy9KFHc9GevWC63pc9Apump,BwWK17cbHxwWBKZkUYvzxLcNQ1YVyaFezduWbtm2de6s,0.077631,2690278869123,2120210
S1,452964803,1791038858,6Rfzjg3bVV2nWcJW2XW4CpW4unHythu5cNrVCtyypump,BwWK17cbHxwWBKZkUYvzxLcNQ1YVyaFezduWbtm2de6s,0.161947,4714395479398,2121608
S1,452964827,1791038865,HqBR4WmC7ag8gZjM1qZitY4iBD8sGAZQhCsZUmCfpump,BwWK17cbHxwWBKZkUYvzxLcNQ1YVyaFezduWbtm2de6s,0.559017,18435413643120,2123446
S1,452964870,1791038876,AE2HcGrpLEc6MjaL9pRqu2A1vYiLJEBs6zCZd427pump,BwWK17cbHxwWBKZkUYvzxLcNQ1YVyaFezduWbtm2de6s,0.174828,8794932450755,2126612
S1,452964882,1791038879,6UzxEXnFQXPaVLGKoit6MEeGwhQdjvLgxcsH3ezRpump,BwWK17cbHxwWBKZkUYvzxLcNQ1YVyaFezduWbtm2de6s,0.113318,4243146707254,2127647
S1,452965008,1791038913,FEZ5BCmVkZCLT28tENogYWdP1REUiRrHr91ewUJNpump,BwWK17cbHxwWBKZkUYvzxLcNQ1YVyaFezduWbtm2de6s,0.061372,2134333235997,2137812
S1,452965027,1791038918,HpFAhN47VncvRptMRvKb7Ku4qLQJGKyecRYU2vjGpump,BwWK17cbHxwWBKZkUYvzxLcNQ1YVyaFezduWbtm2de6s,0.570458,17454259122732,2139145
S1,452965077,1791038931,HGdW4XVrEpHRP8Ljgu22k4s4XZadT5rSSx2trUxwpump,BwWK17cbHxwWBKZkUYvzxLcNQ1YVyaFezduWbtm2de6s,0.192923,5971317196024,2142482
S1,452965094,1791038936,9pmz6SMfhMFmGNt1VTmbvAsxxNMUvd38CCgLfdTUpump,BwWK17cbHxwWBKZkUYvzxLcNQ1YVyaFezduWbtm2de6s,0.204903,10966111630474,2143614
S1,452965118,1791038942,FmeV5zd9wQKXH4RakW8s3Ne16YGQf56fex2mRvK9pump,2npiwsPoymCm5Qnh25BPtmc5enngp5M8r8GDqNMeDdXz,0.890844,2009653536062,2145140
S1,452965147,1791038950,bfKmfCFj3ptwb1cnXboURgsHWgW5Rn7mcT1o2ghpump,BwWK17cbHxwWBKZkUYvzxLcNQ1YVyaFezduWbtm2de6s,0.169601,10712852405654,2147026
S1,452965202,1791038965,AfReEkdwdBWRLd4kgbqbaQ3N1KjreQVSH5nu1NWMpump,4Aktn51cRBEYXMrn2SDACPwXrKyz5oyXh4EUhCdiCjcG,0.500000,13359783938047,2151165
S1,452965203,1791038965,6uvchLqJLi9btUqxzPy7Y4c1zVuEcd9viBByzM4Dpump,BwWK17cbHxwWBKZkUYvzxLcNQ1YVyaFezduWbtm2de6s,0.701448,21377090238040,2151228
S1,452965223,1791038970,6nciRAvkQWfB5WCYoH94MrWxchhgkzVXh2VobW9Qqiie,J3gZFpvsCsmA5zwqXgUpyqNLBoGGcJzmnfRwbHFR6KfU,1.000000,12186267155063,2152831
S1,452965321,1791038997,G4zJQRQ9NHUBaDaCQnvYYnEJpWVqTfeo1Zy2H7cxpump,BwWK17cbHxwWBKZkUYvzxLcNQ1YVyaFezduWbtm2de6s,0.058082,2477876553403,2160434
S2,452954163,1791036019,JSYQF7WwVEP4D3crpUJoKbrFMgc6X5gZ9fsJLeppump,Chf4DhxWjqnrp8QMECE69R2CwjHpMNYoK36YhU6YLDMf,0.209380,5140523215104,1287704
S2,452954262,1791036045,8eeLv56Gy4xGFtEBRryTWu29hfyNEyz4jvDzBcDJpump,47du2vFgZhzXR2nk4xXtuKqE8dAWXXSWsNTHNx54jjWK,0.066464,1627979553021,1295696
S2,452954347,1791036068,8ukJyHre6eh7ahjyLxqrm7TpP9x83MjEx94xrTuPxeGH,6ruRzZSHPBgtMcjaKThsadHtkvM13WnVdKGrLEX5Uc6j,1.089000,34868267081151,1303331
S2,452954354,1791036069,5ryjhDdpjXG1ULMuvrQQY2GAN4d1UTQRm9AwpJ4LWo1o,8TPkrBcRayR3EJzaxXb87XGmJs9k1U8tdc7wX3GJgw1z,1.500000,22251615309104,1304012
S2,452954366,1791036073,7CvnbepCAba4M4qVUMS66dyUgySdcwLM6Ebfx8z3br9e,47du2vFgZhzXR2nk4xXtuKqE8dAWXXSWsNTHNx54jjWK,0.132688,2493918352740,1305046
S2,452954405,1791036084,E3At1NiFwsn39sPZUZQLc7LVEp3DSTuoZr4QCHiCpump,GEVKg5F4hLHkFzb2RZtQj1jcrapRC929FWHkJXf8hpKU,0.198529,3659318306646,1308727
S2,452954457,1791036097,3BDLN1tJ9QzKRAxwRaDxUBTEHAkX5CHCDGgermbmqacN,6ruRzZSHPBgtMcjaKThsadHtkvM13WnVdKGrLEX5Uc6j,1.089000,35074071453777,1313611
S2,452954638,1791036146,7VertkgF9KLhxxJXHX6uaWuoYZTP9LdGj2bWmVXVpump,EYvwg12vXcUN7pF1fASQZZgQ9RbVUMLjKqqCfi961ptw,0.161897,9916512639,1333681
S2,452954695,1791036161,DLJuEVgqKbqDDEkPm5Dq2Xf1kqpn3Ct4twDKj1Q6pump,GEVKg5F4hLHkFzb2RZtQj1jcrapRC929FWHkJXf8hpKU,0.200018,1470775611390,1340103
S2,452954720,1791036168,CscZaq5twomhUkvCY8Jdd1tge32L4Yj9FbkFFEZQpump,7WUfHhHFVuFbB42w7reyWWq1Ru5innRzPaKH3hUksVyS,0.690667,1572157722811,1342657
S2,452954770,1791036181,AVguNiFmWccwc7cEh8caAHQmnD46LynE2VhrY4dxHcTr,2CzXSZe8577hmjo1Xi1WQBtSBJc93fD4U2dt7jnJ313Y,0.500000,8691745263097,1346651
S2,452954829,1791036197,EUvfkFTWvoKLVZ66YuTpLRqZJgnmYmmszmCqMe7Fpump,9LXWa7V3AE15VfBupcx5gDts2ix3Y9NzbcKZKjkkq6hV,2.000000,21750611410674,1352047
S2,452954867,1791036206,J9d68or9ZrCLAw6eYFo56KgykEnHkPkqnvZQnTLQfKUm,GEVKg5F4hLHkFzb2RZtQj1jcrapRC929FWHkJXf8hpKU,0.198529,1047777640528,1356249
S2,452954874,1791036208,J5FXiEepFcWcdyJN8C5bYko9DXjtsedWf79626c9pump,47du2vFgZhzXR2nk4xXtuKqE8dAWXXSWsNTHNx54jjWK,0.352980,9442494601066,1357041
S2,452954916,1791036220,P25or4yuYYdvxQP8EdcEKkW4KUoMC1q5tGSM7tFNZhk,Chf4DhxWjqnrp8QMECE69R2CwjHpMNYoK36YhU6YLDMf,0.209521,2470555906883,1361612
S2,452954938,1791036226,CXExkNXm85zxYL5znKG7kEw8smXSoPXrS7n1jo4Pgmva,6UcanEPgy9t6aJxpvaU62CmmXpnAp5ny5e8XeoFr1q9b,4.000000,20564633795378,1363411
S2,452954968,1791036233,Bf9i7oG8We16XBtgeAnNB9rDBnmCZPW37P7b6a9Hpump,8zkgFGVZrDLieViwqiXFCydSX6WL5hsxmUu55yBdsNsZ,2.540880,2803923062088,1365628
S2,452954979,1791036237,CyTFVJA4ErDHYzaRf54fju3G1dPRHiM9iFyyyKBuY5Yn,6ruRzZSHPBgtMcjaKThsadHtkvM13WnVdKGrLEX5Uc6j,1.089000,28386392629691,1366677
S2,452954988,1791036239,4kse6TSLn124ciak1g2Ct4VovwR2CxnE9xspzf9TSxoL,4BfWVLy15vLYfCbZ3MJk1vSkVBZaKZZPUKWLgwMqZpZh,0.990000,33830076063888,1367253
S2,452955143,1791036281,9t2JTfTUHZqbVYDQE64TzD3hX1tLei4VrvpRWXbYpump,8TPkrBcRayR3EJzaxXb87XGmJs9k1U8tdc7wX3GJgw1z,2.000000,23621524320206,1379776
S2,452955150,1791036283,pdXfXZJgFnwNivUFyAKCw1DjH2X8eiJsdzM8QLcpump,EYvwg12vXcUN7pF1fASQZZgQ9RbVUMLjKqqCfi961ptw,0.457574,1397064562950,1380404
S2,452955165,1791036287,Dt6WoJ3pDFTTbNktEMt6XDnhGfFMXKgcDXe7CdKjmzy9,6ruRzZSHPBgtMcjaKThsadHtkvM13WnVdKGrLEX5Uc6j,1.089000,29548438273694,1381614
S2,452955297,1791036322,4MWHLwgqtTooG4HqKV3ienrNhpKM81Uyt29Sb2nm9JZ5,GEVKg5F4hLHkFzb2RZtQj1jcrapRC929FWHkJXf8hpKU,0.183877,807167863608,1392048
S2,452955323,1791036329,GJKNGiJexoXYcKeFaNbaJzsT3FRCLe4JqMkb2dggpump,GEVKg5F4hLHkFzb2RZtQj1jcrapRC929FWHkJXf8hpKU,0.198529,5526008935541,1394193
S2,452955381,1791036344,7hbRB2XwmEsYrymYbREaqTmJHsXvkCin2ewE375qpump,4BfWVLy15vLYfCbZ3MJk1vSkVBZaKZZPUKWLgwMqZpZh,1.980000,14452477302625,1398524
S2,452955437,1791036358,AJPertGGMDmM75fb6jiB8MPfFu61ouLDtW6UBvf3pump,BkFvDrCeQL2g2DPn3Y3twEi3BUkrKUMYCUZV7EWWFq6s,0.206997,2174628344498,1402952
S2,452955438,1791036359,apy9dR4PyLzqAs6eZHKDLsLRE1qbc6GHaGsgaNTpump,EYvwg12vXcUN7pF1fASQZZgQ9RbVUMLjKqqCfi961ptw,0.646417,419392570,1403041
S2,452955449,1791036362,Cc2RA2tFodXPTd6UE8oXr4Lxf1d8t8j7xV42NWhzpump,2CzXSZe8577hmjo1Xi1WQBtSBJc93fD4U2dt7jnJ313Y,1.000000,21284087733156,1403951
S2,452955450,1791036362,5irMe47bj8GRjARWr34aCKPV6WA5iUkDJbefJKUWpump,9LXWa7V3AE15VfBupcx5gDts2ix3Y9NzbcKZKjkkq6hV,1.500000,37596275204222,1404041
S2,452955519,1791036381,46dXRuXfjW3viv6wUPNzqdpbpRy92fP365Hjv5yapump,GEVKg5F4hLHkFzb2RZtQj1jcrapRC929FWHkJXf8hpKU,0.169961,3556387469243,1410706
S2,452955519,1791036381,66SVWEYtabTHacDypYgA1FpyFGtBJbxiDZkRf5bipsWo,BJ13Ezfu5f57G27VzdjqauLRYND7SZ7D9cor6UG2XEJY,0.990000,8911688174256,1410707
S2,452955598,1791036402,FESndbiwyTH1i1itf3FxV9HCKFNy5U9RnFp8ER8nwPgC,BbVBtJ8FWGD95X4KcX8Ta9vzvCY1d3BVBmMLXJb3Lkyi,1.481481,6865372982026,1418676
S2,452955617,1791036407,6Sf8vj1Ah1qAengWyaYEwfgtcuhV3drEhrF6h8KTmszX,BbVBtJ8FWGD95X4KcX8Ta9vzvCY1d3BVBmMLXJb3Lkyi,0.894500,12958526730305,1420200
S2,452955628,1791036410,2o1vfBqdoCbVfdaVAKuCqmPKRrVRTR3hJ1QQryQjvjNV,BbVBtJ8FWGD95X4KcX8Ta9vzvCY1d3BVBmMLXJb3Lkyi,1.481481,7976913837454,1421084
S2,452955642,1791036413,AUabb5D4yTD2DbsrSPQWLBju2r2ZXsGWtWJQ3zw9WQRa,8TPkrBcRayR3EJzaxXb87XGmJs9k1U8tdc7wX3GJgw1z,1.000000,5364797405208,1422274
S2,452955643,1791036414,6R1F4sNySF4NKGdhW3UhESWuYYRu4Cehk5rn3mGP375R,4BfWVLy15vLYfCbZ3MJk1vSkVBZaKZZPUKWLgwMqZpZh,2.934783,4069735154899,1422319
S2,452955645,1791036414,EdYKmD6gwazdMQBeadHpSuSeTpjtnbxkpfXCax3Lpump,8zkgFGVZrDLieViwqiXFCydSX6WL5hsxmUu55yBdsNsZ,1.188626,6267098818595,1422563
S2,452955653,1791036416,9oqzNEygdCBKb164rQdRTFajzVEYxUKuLddtXfrWQXbG,BbVBtJ8FWGD95X4KcX8Ta9vzvCY1d3BVBmMLXJb3Lkyi,1.110000,18496064743249,1423214
S2,452955706,1791036431,5VuuiPvnmjhRQUdW9KNsLCfWk5pmgQtMsHw9vmCwQgqP,BbVBtJ8FWGD95X4KcX8Ta9vzvCY1d3BVBmMLXJb3Lkyi,0.894500,16645158559180,1427657
S2,452955747,1791036442,97G3MebfNA7aqvABP3uZLp3CjgQT1PaFYDvejV6ypump,Chf4DhxWjqnrp8QMECE69R2CwjHpMNYoK36YhU6YLDMf,0.209521,2969475918907,1431614
S2,452955764,1791036446,71BeTwVveCkmaYQtTMCGGv4qmvPJV4J7Vvkcuyszpump,2CzXSZe8577hmjo1Xi1WQBtSBJc93fD4U2dt7jnJ313Y,1.000000,18120465102750,1432802
S2,452955773,1791036449,EyqDzqa4YWacnvroeGNomF9k2cDC3cVmdtQ8cbApJ4ET,4BfWVLy15vLYfCbZ3MJk1vSkVBZaKZZPUKWLgwMqZpZh,1.485000,46890202447800,1433783
S2,452955826,1791036463,5hpck3FaHXqhQnL4RwwdaNQFeBka6CpoVBxT1dWupump,EYvwg12vXcUN7pF1fASQZZgQ9RbVUMLjKqqCfi961ptw,0.460220,1955755097434,1438565
S2,452955847,1791036469,8LijnJ5ReyjVpNhwqMPxuAPpKBQkmCmibXDV5th7seVU,AFqu1M65QBwq2khGCyk13zYXMhEAkpitTYRG8RCejcBb,0.658602,1086337695444,1440460
S2,452955896,1791036482,8TM1q4NibVSqcscvuWCqvFod83vMqk5HJcm9qFZZUCgU,BbVBtJ8FWGD95X4KcX8Ta9vzvCY1d3BVBmMLXJb3Lkyi,1.096296,7049471519632,1444474
S2,452955956,1791036498,4VsyjKm2LH8eULCpP8GW2xbRhxx35rKYepJxuHErW5dy,BraNyJProa2dwacyFpydzGaqqUMtrnYHCZTuwq97FdzX,0.099000,939000757773,1449183
S2,452955958,1791036498,H74CYmXgMkYHYuSRsZt6RJb4NYp2u72Vw8BS5huApump,9khkRvs76cmVAfRHswogDqBwikdHDKBH2e9zXLuaYrTn,0.799937,41951226141,1449441
S2,452956016,1791036514,zYiF3rA8aWYUuDek3Z3po9NF4V5UDky5nji7Wr6pump,8zkgFGVZrDLieViwqiXFCydSX6WL5hsxmUu55yBdsNsZ,1.637284,4388412585989,1454588
S2,452956025,1791036517,6UNTmLDqibxT9REtBRYoVmEXuoProqBykzJhCXVapump,J8RheD2yCatRouqjHzFyJt7nRTMEUxdZwARMUVPqZCET,0.500000,9208166519096,1455284
S2,452956099,1791036536,26WbLGUi3eFWuJVbaxWHK37B2owYzniJbVbuN2cKpump,FZwgteiuV11YfpGYn4dzFZK7iZ8WtTuxCDciRSyPNSCo,0.882322,18156162140763,1461229
S2,452956129,1791036545,6d82cCtC1LktWWgjUz5h3vMenFj5EDHLMBFvcpmvrRi,47du2vFgZhzXR2nk4xXtuKqE8dAWXXSWsNTHNx54jjWK,0.099804,29213695816,1463551
S2,452956132,1791036545,EET4VAvWZ7Li71GwyV3QFPyfohpsyCmCSch5zGpwfK8m,GEVKg5F4hLHkFzb2RZtQj1jcrapRC929FWHkJXf8hpKU,0.197783,2045990910304,1463844
S2,452956137,1791036547,6NWsw4JECzUGCUUkTyvHXbusDErjb2zTfs9jNu9Fpump,9khkRvs76cmVAfRHswogDqBwikdHDKBH2e9zXLuaYrTn,0.847005,27124956569752,1464260
S2,452956157,1791036552,GjuLs3pKNBswg3nyMFaYrqmM5Qj1JRYSprFBkUacpump,GEVKg5F4hLHkFzb2RZtQj1jcrapRC929FWHkJXf8hpKU,0.198529,5872153510783,1465954
S2,452956222,1791036569,81EbovWUsPSf3y1XvdrMSahup5G53smbD1M5dGthpump,FZwgteiuV11YfpGYn4dzFZK7iZ8WtTuxCDciRSyPNSCo,1.386000,46493673860208,1471330
S2,452956300,1791036591,HwAz5UMcANqqmmCnAgmw7Wt8BSAPMxU2Gq7A9iw1Z9bJ,GEVKg5F4hLHkFzb2RZtQj1jcrapRC929FWHkJXf8hpKU,0.198529,4071944232945,1477610
S2,452956342,1791036602,c1GdvPjCwf3H592T73ZkzguGqkT92dV8pgb3B38cMxf,BbVBtJ8FWGD95X4KcX8Ta9vzvCY1d3BVBmMLXJb3Lkyi,0.750000,11383153732818,1481092
S2,452956360,1791036607,5UggyBagdq7DMJkmjLsNhZkXTmaHzHkxqzvyW4zEpump,C7PNbARVAHeskaefdcu7fy21dCN3qNANKuT6Cka2av4L,0.141871,846734752504,1482586
S2,452956456,1791036631,9ntZkDUBYETCzuxjcGjok8Cqv5NhmMnmAvjtqZWipump,FqpxzuAAUZjd14pFNU2CWyKGQZtbeuT5DwSVgg9cfDb,1.256655,33013651246369,1490520
S2,452956600,1791036670,5dc4PRx7TpGBTbpvkfdkH2gdzTs1RLwNdHsXxB7Xpump,Chf4DhxWjqnrp8QMECE69R2CwjHpMNYoK36YhU6YLDMf,0.209742,5121342120806,1502365
S2,452956649,1791036683,5KdMFVsopJfFgHrPFsni5gLpbgZXNAc63nKf5ion6zeH,BbVBtJ8FWGD95X4KcX8Ta9vzvCY1d3BVBmMLXJb3Lkyi,0.750000,11867141439570,1506376
S2,452956662,1791036686,7F3EReXssjgzPxy6jwHEZhvAeVnnRQPNpdZ16thrpump,2CzXSZe8577hmjo1Xi1WQBtSBJc93fD4U2dt7jnJ313Y,0.500000,4820439586206,1507337
S2,452956757,1791036712,CwBWEd3WMaS22uBdecbJt2L2WyWbnnjmxYXksvuBpump,922M9fBTzwGfC4Gqu3WxB8S89WHaTfVAUZKwK5PNtZpk,2.046008,1848971252913,1515378
S2,452956764,1791036714,V18osKQKdJ12qpZ2V9GpvGN3pYTpX8XzjYp1d3Gpump,EYvwg12vXcUN7pF1fASQZZgQ9RbVUMLjKqqCfi961ptw,0.645060,424217828,1515948
S2,452956849,1791036736,EGEfnBp8jpLrFFsr8nWkkUEGdDQ1aFcxGM8tRwK2pump,9khkRvs76cmVAfRHswogDqBwikdHDKBH2e9zXLuaYrTn,0.443876,7628995173569,1523520
S2,452956862,1791036740,J57TGs6cx7CvyP5jJA4D92Ezt9VPerGEe6rsbDcMFBhn,BraNyJProa2dwacyFpydzGaqqUMtrnYHCZTuwq97FdzX,0.297000,1178067983938,1524612
S2,452956928,1791036758,A2HKmKqgeiJx9DK7K7US64J6xhFKKSLMZVPP6anWpump,9LXWa7V3AE15VfBupcx5gDts2ix3Y9NzbcKZKjkkq6hV,1.300000,28434058935145,1530498
S2,452956993,1791036775,B3eDJDvKgo8a6YLpEa6v1DHmfXC5MHHWdH49Qarkpump,Chf4DhxWjqnrp8QMECE69R2CwjHpMNYoK36YhU6YLDMf,0.209742,3236336172330,1536070
S2,452957032,1791036785,GWDAwqnTrrcLnxf49Mc1DHB7oEY7gQw2tbiRrqqee4N1,6UcanEPgy9t6aJxpvaU62CmmXpnAp5ny5e8XeoFr1q9b,3.950617,21520447600099,1539527
S2,452957066,1791036794,CbcyNo7m1amFWqEQm2m4PLv1UNvpcL3C1Ujm6AkzpKoU,AFqu1M65QBwq2khGCyk13zYXMhEAkpitTYRG8RCejcBb,1.774499,13285626513,1542803
S2,452957152,1791036818,FKYbooFr2wEqkChLNN7JjQ3vKbp3A2cTHotGmQ8opump,6cwaJAZ3c58MxEbhwN4ZBF6YjPU2FxUTMoxSf2SPbWTd,0.740655,1566971320334,1551997
S2,452957303,1791036859,4Ndsi1a5sP8uN5oFGe222xvG7fiH315EJRfDaB1Ypump,47du2vFgZhzXR2nk4xXtuKqE8dAWXXSWsNTHNx54jjWK,0.355248,9642888461751,1566805
S2,452957444,1791036896,rVxotebyzFpe6WfH9XafNHJBojNcqqY51B43iFUpump,9khkRvs76cmVAfRHswogDqBwikdHDKBH2e9zXLuaYrTn,0.201965,2612038549008,1578248
S2,452957467,1791036902,7375cu6K5FiaTfQZYWCAdCcoD4fuFvJsuohEBriQpump,47du2vFgZhzXR2nk4xXtuKqE8dAWXXSWsNTHNx54jjWK,0.059786,1795797638883,1580236
S2,452957476,1791036904,3xeeLc4MSPSpFuRk78WHXpBzXLNfqor57BqXXUhopump,GEVKg5F4hLHkFzb2RZtQj1jcrapRC929FWHkJXf8hpKU,0.198529,5484265950914,1580918
S2,452957524,1791036918,EWmq71sDmHXAA3pqCwJ9m1NTGTAfstXHSt7pJz1AkVqe,J9k6JCLG3PyvxFw7gDvBXNKMPsWHxRyo5qXKrj8WFsry,0.310820,898936962659,1584957
S2,452957593,1791036936,924cezh4TPeKTWRCnqnSxFKeUTmXX536sxc5FLchpump,GEVKg5F4hLHkFzb2RZtQj1jcrapRC929FWHkJXf8hpKU,0.198529,3656547673102,1590824
S2,452957599,1791036938,CHwFpTSybr7oEP72SD78dS4P5fzudhc9789CnM6Apump,BbVBtJ8FWGD95X4KcX8Ta9vzvCY1d3BVBmMLXJb3Lkyi,0.894500,11026090062487,1591336
S2,452957691,1791036962,ES5e4c14egwVeVomg7yxfNSHAAWQdv7xn2muFoQG2U5t,4WxE3GAiFG6EofdSF4N3DWXg5na9V3BQJJN5LuE5dzhP,1.000000,20384648333414,1597158
S2,452957753,1791036978,9QSjVAg5rDfBZPhvKwZcB63St3r6bqohP3Adurkjpump,C7PNbARVAHeskaefdcu7fy21dCN3qNANKuT6Cka2av4L,0.354403,1026417990969,1601957
S2,452957779,1791036985,EJTPPYcmUTjDGyp5GN4EUPu796B6HgDwRagtDXJjpump,BAuuRTihTeK82E5hQE8wYjdrXSEbUMeVhyDmjY8VoQQj,0.419503,2967017137241,1604045
S2,452957858,1791037007,Ewf2itATjh5jesswsc8J9GocP1gXtekYg6SthW1nJy91,8TPkrBcRayR3EJzaxXb87XGmJs9k1U8tdc7wX3GJgw1z,0.500000,9080793955516,1610592
S2,452957996,1791037044,GWGUDFY1dDxQoAMsWfg6zfhvYNF1toKPHMVT3DFBwMJq,EYvwg12vXcUN7pF1fASQZZgQ9RbVUMLjKqqCfi961ptw,0.112018,52570203981,1621059
S2,452958048,1791037057,26Wd3N6rhukUzB5WZB4Yhyc4XRs2S8xM8wCGDGdMpump,47du2vFgZhzXR2nk4xXtuKqE8dAWXXSWsNTHNx54jjWK,0.316387,8682932814088,1625144
S2,452958112,1791037074,Ea2qiPRE3xPo53txg5p1sf66wseN1GREBMSkdqXapump,9khkRvs76cmVAfRHswogDqBwikdHDKBH2e9zXLuaYrTn,0.565888,9455391197216,1630320
S2,452958196,1791037097,GPiMBn7y1CbEcPiCAGXKwXSSaQahSv1EtCTs21nLzDfL,FqpxzuAAUZjd14pFNU2CWyKGQZtbeuT5DwSVgg9cfDb,1.256655,20748696485085,1637767
S2,452958220,1791037103,57rtt7qypfMTXKHjHTMnZ7YdfnWyY7vPBe4PL5zLgtrp,BbVBtJ8FWGD95X4KcX8Ta9vzvCY1d3BVBmMLXJb3Lkyi,0.750000,12640384450221,1639793
S2,452958372,1791037144,9rZagPi1UcEbTmCDEYGG3UiCNS6icPg32u6hNgripump,6UcanEPgy9t6aJxpvaU62CmmXpnAp5ny5e8XeoFr1q9b,2.000000,27343347293751,1656727
S2,452958451,1791037165,2DAY4VUY26U63vbgH2fwmxgtwiZ56hePW8xmHWSu1pSu,EYvwg12vXcUN7pF1fASQZZgQ9RbVUMLjKqqCfi961ptw,0.457611,2494311426387,1661182
S2,452958541,1791037189,2pJrLp4R3bH7TosrgG9B3gWRUwvm8RfLoMCknTMepump,FqpxzuAAUZjd14pFNU2CWyKGQZtbeuT5DwSVgg9cfDb,1.256655,30593596409560,1667949
S2,452958682,1791037226,FGVQvsQktc1GyZAYRjknwQmo8pN5SvvaY59WucWEpump,47du2vFgZhzXR2nk4xXtuKqE8dAWXXSWsNTHNx54jjWK,0.150387,43671025982,1679209
S2,452958781,1791037253,ApmSTUJnGinqRwCcjUrR5SUcYAF7mbJcmAUVNttapump,6cwaJAZ3c58MxEbhwN4ZBF6YjPU2FxUTMoxSf2SPbWTd,0.359369,441066218205,1686875
S2,452958856,1791037272,4hQYNtwesi9HxGy8hWuv2D5hJLWBrwdgUxvU6mMNnAmh,47du2vFgZhzXR2nk4xXtuKqE8dAWXXSWsNTHNx54jjWK,0.353501,9509723676227,1692186
S2,452958874,1791037277,DGckNwnd9qBqjKHjpniB7Y2vnpp8TNAUTKfq8zrTpump,Chf4DhxWjqnrp8QMECE69R2CwjHpMNYoK36YhU6YLDMf,0.209679,1331532866497,1693597
S2,452958893,1791037282,B6SQ6eHCyGyif4dAJbnh7nary2V6EGybFVkJK6En4yzP,4BfWVLy15vLYfCbZ3MJk1vSkVBZaKZZPUKWLgwMqZpZh,0.977778,41204679995677,1695134
S2,452958902,1791037285,EVxZ6UXe1QMexJeM6sBNMyCySEvinjUfECizfSdPpump,2ztsCtHMprvjLqUQrUX3N4fBAJj5VJcBKQvy61AXYYZL,0.493625,5483619922266,1695875
S2,452958919,1791037289,B46R1aimRwajLVCWWef8wzn7UruYhwsAyPoSYFWxpump,GEVKg5F4hLHkFzb2RZtQj1jcrapRC929FWHkJXf8hpKU,0.148897,2443635122928,1697227
S2,452958930,1791037292,GWtL16X7SpEJbQgHuszUNVLhR22iEJM9L7x7Rkwvpump,Hqygmbd5d35qMo6Qhk1rJmzbs4ZSu2NjE3kxnbjJDpSH,0.657435,8003554338198,1698084
S2,452958974,1791037304,Gsu8EjBysftuzGazumBFpkE2Ls9m1ibgUSE1aEGypump,47du2vFgZhzXR2nk4xXtuKqE8dAWXXSWsNTHNx54jjWK,0.057453,1374557585724,1699173
S2,452959003,1791037311,3st8R9eftjF5GnuhaeeMNGSKMFQbBxFpKg1ZrKh9tBaV,C7PNbARVAHeskaefdcu7fy21dCN3qNANKuT6Cka2av4L,0.532482,2066068404237,1701451
S2,452959020,1791037316,G7nDuu3w34a95iDwbAU2AQChhXTc2acXrp1Ro18N4fi3,8oGhewPuZ82KbDJhLiAXVZ1AstBQPPcSxbSLBTQD7YFD,0.200000,1898042582264,1702856
S2,452959032,1791037319,9r1tXSVLKwx3kC2Xj4oZr87oPbhBu51ZcjYnQCMrpump,47du2vFgZhzXR2nk4xXtuKqE8dAWXXSWsNTHNx54jjWK,0.267220,6351279226332,1703695
S2,452959042,1791037321,2DBMzN8pkKYVht6UszBQjPkJB1KkNVokzYAQqktRpump,GEVKg5F4hLHkFzb2RZtQj1jcrapRC929FWHkJXf8hpKU,0.148897,2922411299234,1704463
S2,452959097,1791037335,asHzn3rzLUBLMU7ftEfdhrMU1RJBATfvx7yRFEvbred,8TPkrBcRayR3EJzaxXb87XGmJs9k1U8tdc7wX3GJgw1z,1.000000,3674622844859,1708558
S2,452959112,1791037339,4yLSB3W3fiXffaN7V4GAYD6TyAQxRVvLDAHQAk1Vpump,Chf4DhxWjqnrp8QMECE69R2CwjHpMNYoK36YhU6YLDMf,0.209679,4670589847496,1709619
S2,452959239,1791037374,CNSjVMbjrbHymXi4AuGneqwQBaXS3cfewqiupUaspump,47du2vFgZhzXR2nk4xXtuKqE8dAWXXSWsNTHNx54jjWK,0.321516,6611579492941,1717237
S2,452959268,1791037381,En7EQxwDeR7UZeUisxsKQYYbzGsFTyNUv3qbXM6pump,83oF7MJygFadga6aC9V6GbwFEyAHq2Fm7Pvjw6g13fUq,0.396000,4758955392720,1719460
S2,452959288,1791037387,5BjfgmtfqvNpAWx1CnZynoWLWNMnrwHLhTFzQ81vkEc8,EYvwg12vXcUN7pF1fASQZZgQ9RbVUMLjKqqCfi961ptw,0.446574,195168053797,1721238
S2,452959292,1791037388,2JjZiRudrg3m4P7eaaKW43r939doeocEdgQguhBLpump,4WxE3GAiFG6EofdSF4N3DWXg5na9V3BQJJN5LuE5dzhP,0.500000,5922644753075,1721575
S2,452959292,1791037388,4wuEdiXrrkHq8UmPT9qqdyRBAEAe47rUJ9hoehVrpump,2ztsCtHMprvjLqUQrUX3N4fBAJj5VJcBKQvy61AXYYZL,0.493625,1342825021364,1721583
S2,452959326,1791037397,26Wef521wA3S87W3VqxSFWLF2X6NZN7F2DvBFPWSpump,4WxE3GAiFG6EofdSF4N3DWXg5na9V3BQJJN5LuE5dzhP,1.000000,17407602371901,1724112
S2,452959393,1791037415,Hhm8swd9GV12GddXToEsgRqJtUEr9sy35ujsSoHLpump,2CzXSZe8577hmjo1Xi1WQBtSBJc93fD4U2dt7jnJ313Y,1.000000,7332741130920,1729283
S2,452959434,1791037426,44dQzoftm1i2ho7XZA5iKsioMQTximSTYK2vzMafpump,4WxE3GAiFG6EofdSF4N3DWXg5na9V3BQJJN5LuE5dzhP,1.000000,18867095280674,1732539
S2,452959445,1791037428,9F6DrgGx3rJbH7VHj85NncQBaMjVziNALuGB1G9Kpump,2ztsCtHMprvjLqUQrUX3N4fBAJj5VJcBKQvy61AXYYZL,0.493869,782833019697,1733383
S2,452959477,1791037437,9Twcpm7bRdhTnjMTKWwL3TTb8fMWS9uRmJiLMQ2fpump,GEVKg5F4hLHkFzb2RZtQj1jcrapRC929FWHkJXf8hpKU,0.148897,3741678603575,1735904
S2,452959545,1791037455,5UV9izfsjePDKZ7fKHtXD4cqvMjZx7XtbujWVeVx5V35,4BfWVLy15vLYfCbZ3MJk1vSkVBZaKZZPUKWLgwMqZpZh,0.977778,31544293398116,1741749
S2,452959631,1791037479,2quwygNbREuVEjfKkUjHUwQVtoJsVm5VLvKhxfcCHi4K,8TPkrBcRayR3EJzaxXb87XGmJs9k1U8tdc7wX3GJgw1z,1.000000,9580664953391,1748878
S2,452959632,1791037479,FoAqz5AzzKk4YgAqSjZ237p5hCmP6dXmAqJ9rTfEpump,9khkRvs76cmVAfRHswogDqBwikdHDKBH2e9zXLuaYrTn,0.688523,10937726609528,1748979
S2,452959632,1791037479,32avnMmg2z7AUdCfEzq48Uu4p98PDAab7zrS963f3ATp,8TPkrBcRayR3EJzaxXb87XGmJs9k1U8tdc7wX3GJgw1z,1.000000,11214705060534,1749019
S2,452959777,1791037517,FcY32GuEqznyM9jxwW1nMumWG3pxFeNmwLbMaDY1BLKa,4WxE3GAiFG6EofdSF4N3DWXg5na9V3BQJJN5LuE5dzhP,0.500000,10876203820323,1759680
S2,452959896,1791037549,9kd4sBdDm3JGGYzPGKzSPFB6fkEbHtzrzu2sLitwpump,FqpxzuAAUZjd14pFNU2CWyKGQZtbeuT5DwSVgg9cfDb,1.256655,21433705910953,1768927
S2,452959901,1791037551,GPLRAZREP9ohN46KgDSHCnxsMxmQfb2BgJeUbhsmJESp,C7PNbARVAHeskaefdcu7fy21dCN3qNANKuT6Cka2av4L,0.582009,13932368219777,1769350
S2,452959949,1791037563,JCsKWhELRJ8MhEZjUDdCL49mntw8fx27bKAgCMgSGhcQ,8zkgFGVZrDLieViwqiXFCydSX6WL5hsxmUu55yBdsNsZ,3.545497,2011989111258,1772758
S2,452960002,1791037577,7tVndBGKzfWusBUeFUvJ4mBo196avDQXSesxvV7Qpump,GEVKg5F4hLHkFzb2RZtQj1jcrapRC929FWHkJXf8hpKU,0.148897,3041288623351,1776686
S2,452960136,1791037612,8QWGhJY5ZPa4ZD9GuEKnLnyBd9NRWMgjvxZMKe5upump,47du2vFgZhzXR2nk4xXtuKqE8dAWXXSWsNTHNx54jjWK,0.355196,10444237771721,1785695
S2,452960292,1791037654,2BcRevrDhP4MgCw2KyqByFZ4S7mpsi1vY8ZypXwepump,AFqu1M65QBwq2khGCyk13zYXMhEAkpitTYRG8RCejcBb,0.509086,1324434660256,1797544
S2,452960367,1791037674,DhbsiyZhB2zpViz9dcPecENRwu4o424PidortPEKpump,BbVBtJ8FWGD95X4KcX8Ta9vzvCY1d3BVBmMLXJb3Lkyi,1.110000,23247656461943,1802761
S2,452960414,1791037687,5RUrbAftnTBptroKfpiJKyGF5v7aGsX9zYzNjSXjpump,EYvwg12vXcUN7pF1fASQZZgQ9RbVUMLjKqqCfi961ptw,0.119189,559094924347,1805894
S2,452960512,1791037714,7SAeCrHeN8xXw9BBvFEHYXFW4SofnHNr8yXDgcovpump,8TPkrBcRayR3EJzaxXb87XGmJs9k1U8tdc7wX3GJgw1z,1.000000,12678192891539,1812806
S2,452960527,1791037718,6vW3rkvah1eT8GFoqKkr1hXtkDEA4rd93GzwKDpLm6HV,9LXWa7V3AE15VfBupcx5gDts2ix3Y9NzbcKZKjkkq6hV,1.000000,30820293242404,1813934
S2,452960578,1791037732,CX31iu9pjX11YCesskWds9Ly9BTrRtYAKWhgcg6tqpWM,GEVKg5F4hLHkFzb2RZtQj1jcrapRC929FWHkJXf8hpKU,0.148897,1495634071733,1817480
S2,452960598,1791037737,CvUX4G2tzq7J3ECmNvWZLayZYV6KpgQp6SJ5K8Uvsu5g,EYvwg12vXcUN7pF1fASQZZgQ9RbVUMLjKqqCfi961ptw,0.733756,178233520952,1818943
S2,452960633,1791037746,rC8hBzXgsVWZJqeHD4QxujeHBp24qJbm32AkVB2pump,EYvwg12vXcUN7pF1fASQZZgQ9RbVUMLjKqqCfi961ptw,0.536939,539322911,1821701
S2,452960730,1791037771,2HmYP4foE1gUzqiTdj5N1pmv41eErzozXuLmhYwdpump,2ztsCtHMprvjLqUQrUX3N4fBAJj5VJcBKQvy61AXYYZL,0.493869,818131663764,1828150
S2,452960840,1791037801,HJtjy9Cobn2PeF82R93tMAJRVvpJQM7rjRq2dALypump,C7PNbARVAHeskaefdcu7fy21dCN3qNANKuT6Cka2av4L,0.734413,24289830954681,1836266
S2,452960895,1791037816,94zZp2PLZgNWJ3mGZPNgdGPmF4rH8bNKhsMy7dBnpump,FqpxzuAAUZjd14pFNU2CWyKGQZtbeuT5DwSVgg9cfDb,1.256655,37886001530029,1840220
S2,452960930,1791037825,H49xNgg1hMV6LqXK6if2g8CYnrvp7CxQ5SJTnDRwPoS,2npiwsPoymCm5Qnh25BPtmc5enngp5M8r8GDqNMeDdXz,0.493827,4755480429620,1842679
S2,452960983,1791037839,9qwxahBxcgKyn5X7kZvkN7qxKZg6pkVD8Lo4URtopump,GEVKg5F4hLHkFzb2RZtQj1jcrapRC929FWHkJXf8hpKU,0.150000,1028446281901,1846419
S2,452961082,1791037865,9aqmJjCnnMQv42TXLk921ceUkN35nea2QP969n1caqjj,8zkgFGVZrDLieViwqiXFCydSX6WL5hsxmUu55yBdsNsZ,10.257793,1326930517505,1853000
S2,452961108,1791037872,Ct3EwuXRCPtjoRW2hPQ2caMhE5mbkLC1SEQrD47azYjk,4WxE3GAiFG6EofdSF4N3DWXg5na9V3BQJJN5LuE5dzhP,0.500000,15258105886272,1854670
S2,452961116,1791037874,gL9Q3xjXM1BdopmHn1R7Kb3Eim5NAQ1eWGNaTj3pump,8zkgFGVZrDLieViwqiXFCydSX6WL5hsxmUu55yBdsNsZ,3.207658,2125639539943,1855146
S2,452961263,1791037914,835NmmWyy84pPNaPAVHwWEG7VNAPu9hX7eHdpZELqEPo,GEVKg5F4hLHkFzb2RZtQj1jcrapRC929FWHkJXf8hpKU,0.148897,3986385698271,1867222
S2,452961311,1791037926,HfcknRngFMfu1oNqsfDfN2AePrgoPV4YHb8FpWL1uMH7,9LXWa7V3AE15VfBupcx5gDts2ix3Y9NzbcKZKjkkq6hV,1.000000,34199203120618,1870140
S2,452961383,1791037945,9m9ELtY4HuBmkdf5V2nRtutAcyjZo6fLcDBdgRYmpump,FqpxzuAAUZjd14pFNU2CWyKGQZtbeuT5DwSVgg9cfDb,1.255914,36801543210226,1874828
S2,452961524,1791037982,26Wevb7AQ85y4wz7Epo6N9SFPqKLSDNQjDcK3e4Spump,47du2vFgZhzXR2nk4xXtuKqE8dAWXXSWsNTHNx54jjWK,0.515592,10667984069362,1883101
S2,452961649,1791038016,DBqs762NMqjK7AkQbZUFj4RowzsYGEn5wEGwGiyYpump,47du2vFgZhzXR2nk4xXtuKqE8dAWXXSWsNTHNx54jjWK,0.373817,7551054328420,1890392
S2,452961706,1791038031,Dj1fdiSqiWVsJjC2L2dadEWDMq6DKye55NtFfH5Zau3u,47du2vFgZhzXR2nk4xXtuKqE8dAWXXSWsNTHNx54jjWK,0.169047,5296217276663,1894978
S2,452961774,1791038049,DA7ThrmZwetSbC5GCdNSQX5NsQuwEdY3tATREpMWpump,9khkRvs76cmVAfRHswogDqBwikdHDKBH2e9zXLuaYrTn,0.553516,12612696426640,1899859
S2,452961967,1791038100,2dsEo6adEC5M6WtyKbXiZcD9oFJQdocXmoywZ3DECUbh,Chf4DhxWjqnrp8QMECE69R2CwjHpMNYoK36YhU6YLDMf,0.209313,3396461139056,1912047
S2,452961991,1791038106,CSRRgTwf9o5KLgguS2M16aEAhV5PUUzfshrAAQ8opump,9khkRvs76cmVAfRHswogDqBwikdHDKBH2e9zXLuaYrTn,0.685370,35766217606,1913582
S2,452962044,1791038120,BfS5NZ7s21sf6wrc6H3bz1C61mdQFD4DkYSPRiiWSMVL,4BfWVLy15vLYfCbZ3MJk1vSkVBZaKZZPUKWLgwMqZpZh,0.977778,39191107292360,1916757
S2,452962228,1791038169,AW5oqBrzhybDVvNkr6TAqWUPx6m34xFgvRc9LTbcpump,4BfWVLy15vLYfCbZ3MJk1vSkVBZaKZZPUKWLgwMqZpZh,1.485000,14513314545855,1928596
S2,452962291,1791038186,GStSSSFGYafa5SVittsCMXgaswyRFANQfCFTG2s7pump,GEVKg5F4hLHkFzb2RZtQj1jcrapRC929FWHkJXf8hpKU,0.148897,3933848220197,1933268
S2,452962396,1791038214,7y9gmcqpwuvN6hFPF9m6j6qU74GLA1urLgrKXEYTpump,EYvwg12vXcUN7pF1fASQZZgQ9RbVUMLjKqqCfi961ptw,0.157355,167540877806,1940363
S2,452962440,1791038227,57EH2xo5i9NwGDpkDbYkgXkMYZpzqotjLju2Kukapump,GEVKg5F4hLHkFzb2RZtQj1jcrapRC929FWHkJXf8hpKU,0.148897,3135689891295,1943022
S2,452962499,1791038242,Bmh5nChiKA8zVTUHQnRq7PuZEjANQvvnoc98cktppump,47du2vFgZhzXR2nk4xXtuKqE8dAWXXSWsNTHNx54jjWK,0.159175,5242563507287,1946445
S2,452962583,1791038265,4JUWkv3DrfxaZCHDSwagmJACGX1iVcFkg1bmYrR2f87K,C7PNbARVAHeskaefdcu7fy21dCN3qNANKuT6Cka2av4L,0.403368,4693784934901,1951470
S2,452962661,1791038285,HUWqkrqPkm31ruMXGrzmwgySKxgN9KE16k7V8THSpump,GEVKg5F4hLHkFzb2RZtQj1jcrapRC929FWHkJXf8hpKU,0.148897,3580937487560,1955729
S2,452962881,1791038345,53c62brTyYpWn9v9mWYHRQtBBZY6PHBEcXweEbEmtLtM,EYvwg12vXcUN7pF1fASQZZgQ9RbVUMLjKqqCfi961ptw,0.458917,1885274269318,1969159
S2,452962885,1791038346,yFcTuQJCMsd1Asya15GZ7h4KGdxsujRLcUiTWWXpump,EYvwg12vXcUN7pF1fASQZZgQ9RbVUMLjKqqCfi961ptw,0.541684,225600565238,1969430
S2,452962896,1791038349,C44QM1n7SfBJxZY3Lxo4myXanaySbCEuomHQF7FUpump,GEVKg5F4hLHkFzb2RZtQj1jcrapRC929FWHkJXf8hpKU,0.148897,3636380217338,1970283
S2,452962923,1791038356,2FHcnGd9NyYxixLeBF3WKArgBmtgwrzyjmpZjvDPii7S,4WxE3GAiFG6EofdSF4N3DWXg5na9V3BQJJN5LuE5dzhP,0.500000,9550733523832,1972030
S2,452962939,1791038360,FbAzXT3erkGm1gUxwdqDhxvknpSf4w7dcTCsS7rdpump,GEVKg5F4hLHkFzb2RZtQj1jcrapRC929FWHkJXf8hpKU,0.148897,4467924252819,1972911
S2,452962987,1791038373,GjrhXcr8YzUZBbu5rifdqM5CPBS4LFJveq3ZiY2u3g5G,EYvwg12vXcUN7pF1fASQZZgQ9RbVUMLjKqqCfi961ptw,0.268884,400730696649,1976155
S2,452962994,1791038375,3psWNUq1VS1wvPMVYMGHsf6YPs3ZDDdbuD6PD8rupump,4WxE3GAiFG6EofdSF4N3DWXg5na9V3BQJJN5LuE5dzhP,0.500000,8227912226333,1976568
S2,452963007,1791038378,8r2Lgeg2aJzekpg1vLRJ2BoNUGKXqvH11Ab74eRPjd4V,EYvwg12vXcUN7pF1fASQZZgQ9RbVUMLjKqqCfi961ptw,0.455431,3183321802370,1977369
S2,452963013,1791038380,GHpF3Bs7yUmDKqQZqstBAEyTyYPoDA4tAtsKCnzupump,6UcanEPgy9t6aJxpvaU62CmmXpnAp5ny5e8XeoFr1q9b,1.000000,27449035774563,1977858
S2,452963021,1791038382,CUqmL3KH6ZifP1pcZCxqQ8w2AkkoPVzSnuBdBpezpump,Chf4DhxWjqnrp8QMECE69R2CwjHpMNYoK36YhU6YLDMf,0.209521,2266041141517,1978391
S2,452963178,1791038424,CYqRCRpru7xXoxCMi4NACXLc4nWnmK6XKpdsvhTwpump,47du2vFgZhzXR2nk4xXtuKqE8dAWXXSWsNTHNx54jjWK,0.099162,2016615537910,1989683
S2,452963272,1791038450,Drev4F5kfaJy7fKrWvWRSzzFzMkNauHurbCkX4AKpump,GEVKg5F4hLHkFzb2RZtQj1jcrapRC929FWHkJXf8hpKU,0.148897,3957915266100,1996540
S2,452963307,1791038459,ABeZnso8xFzggsd4NjQTTYsrUzJaipH6bqG9uoKmCCK6,4WxE3GAiFG6EofdSF4N3DWXg5na9V3BQJJN5LuE5dzhP,1.000000,33170406139926,1998958
S2,452963375,1791038477,CTPoyCwkjMvoJwU4xvZZqoD8tiYk6yDchySiN5gGpump,EYvwg12vXcUN7pF1fASQZZgQ9RbVUMLjKqqCfi961ptw,0.244409,6499307347,2003905
S2,452963406,1791038485,9UxJJzsyNzEj8WQvd2EnTzm8D72bubvEE1ZHkd7vpump,9LXWa7V3AE15VfBupcx5gDts2ix3Y9NzbcKZKjkkq6hV,1.000000,26064418463948,2006001
S2,452963485,1791038506,4nzN7FHUAYaxYPnX13ocJfiRUiV8FJCAz7ne1wk1pump,BAuuRTihTeK82E5hQE8wYjdrXSEbUMeVhyDmjY8VoQQj,0.209363,5058783134512,2011788
S2,452963521,1791038515,5jdKYhFn8v2XdUiET6gnywDBewkHKPANwH3gQz7Tpump,Chf4DhxWjqnrp8QMECE69R2CwjHpMNYoK36YhU6YLDMf,0.209521,5372553585005,2014554
S2,452963601,1791038537,2QHXWq5TK64JbMptwMBP1BsfhrxZRRv9JsLa17X7pump,922M9fBTzwGfC4Gqu3WxB8S89WHaTfVAUZKwK5PNtZpk,3.283491,818342085864,2021208
S2,452963655,1791038551,1gAiC8JHxRu8zd7cBpKDAb4aYEwXcCmjXCqs4vsphnP,C7PNbARVAHeskaefdcu7fy21dCN3qNANKuT6Cka2av4L,0.207719,2346682729919,2025737
S2,452963687,1791038559,BTYfQGbA5Ptg6kCwmNDaSmsHqodZwpd3vA8HXhgtpump,2npiwsPoymCm5Qnh25BPtmc5enngp5M8r8GDqNMeDdXz,0.493827,5422928981034,2028870
S2,452963781,1791038585,3QxPymBkTkwZ4SuYbG29TEE5c9aLf71AXBhARZRfpump,9khkRvs76cmVAfRHswogDqBwikdHDKBH2e9zXLuaYrTn,0.789677,12348272376845,2036551
S2,452963824,1791038597,3RS5vNdMXPe37V4YAkDmZgibzMcJCUKqd8tZy3Zzpump,47du2vFgZhzXR2nk4xXtuKqE8dAWXXSWsNTHNx54jjWK,0.316930,6854464602156,2040035
S2,452963978,1791038638,MEME4F1UP2hpEHdV1YyhEqmPWcr5ayU1sybtuWk84sZ,GEVKg5F4hLHkFzb2RZtQj1jcrapRC929FWHkJXf8hpKU,0.148897,2249734307344,2052008
S2,452963992,1791038641,ATAKadbQ3khjKiibQYxGBBMjJaWsEPqLoSkLwp8Spump,9LXWa7V3AE15VfBupcx5gDts2ix3Y9NzbcKZKjkkq6hV,1.000000,32089143560032,2053161
S2,452964272,1791038716,GgHjVTnYLgbG7WYSuu3DnchZrfXPNmb6A423omZX25W9,9khkRvs76cmVAfRHswogDqBwikdHDKBH2e9zXLuaYrTn,0.982572,10468750472541,2078014
S2,452964281,1791038718,Fuo9S89i9q1hCZEzeWjY1iiUaWn1W9qepkPimfkapump,FqpxzuAAUZjd14pFNU2CWyKGQZtbeuT5DwSVgg9cfDb,1.256492,29745275401463,2078765
S2,452964392,1791038748,8mzcN1wbYJ3ZyBsmvrfTdy5k77nc7CBxXx4yuxrgWCve,6cwaJAZ3c58MxEbhwN4ZBF6YjPU2FxUTMoxSf2SPbWTd,0.361181,808864055972,2088168
S2,452964419,1791038755,75TCqxj1uhVUDWiZhsrJ5bVa4jxdRC1NcDpte9m1Bzf,C7PNbARVAHeskaefdcu7fy21dCN3qNANKuT6Cka2av4L,0.148693,1943847641549,2090745
S2,452964570,1791038796,Dm1Em4QsKiVpAFq3Lstvr2fjjXy7f8hcbCRStXK8gEd6,4WxE3GAiFG6EofdSF4N3DWXg5na9V3BQJJN5LuE5dzhP,1.000000,24205436440114,2103830
S2,452964765,1791038848,DKv7NpJJLTZRgEAF6e6zZsEX7vmuiumLsBrPvdLpump,GEVKg5F4hLHkFzb2RZtQj1jcrapRC929FWHkJXf8hpKU,0.158693,3927015970636,2118788
S2,452965118,1791038942,FmeV5zd9wQKXH4RakW8s3Ne16YGQf56fex2mRvK9pump,2npiwsPoymCm5Qnh25BPtmc5enngp5M8r8GDqNMeDdXz,0.890844,2009653536062,2145140
S2,452965137,1791038947,GgzPugrpK6A2LmQtq4vD3oLRJ8FFxvYdexxTbHvdpump,AFqu1M65QBwq2khGCyk13zYXMhEAkpitTYRG8RCejcBb,0.529107,1271894997631,2146343
S2,452965237,1791038974,AfReEkdwdBWRLd4kgbqbaQ3N1KjreQVSH5nu1NWMpump,47du2vFgZhzXR2nk4xXtuKqE8dAWXXSWsNTHNx54jjWK,0.365849,9255653198745,2153973
C0,452954093,1791036000,HwAz5UMcANqqmmCnAgmw7Wt8BSAPMxU2Gq7A9iw1Z9bJ,5tztZwcg3z3Cdri7AA63tFR2XNBt9UwBtY6CCmMW68vz,1.500000,10980029498535,1281634
C0,452954093,1791036000,2UUjEpgbz15MuYn8NieQCDVVMb53UDfmA6t5VjEnpump,BwWK17cbHxwWBKZkUYvzxLcNQ1YVyaFezduWbtm2de6s,0.071500,3968467784358,1281638
C0,452954093,1791036000,8oEzj8zg9bnXfcCEwqfstwJe8AoEtJdWZaCDww6Dpump,72tAZjqymv4J2KHDPd3rzFkPL78tj556K32BJgBmBu5D,1.219676,2131867940007,1281707
C0,452954094,1791036000,8VuXP5NRb1LApA2H3vBnzNwo3gLv57sbjT2ruR7Kpump,GAYeu4sM42VJANeJBJ4ckKyGD2gBcmrjMEtwwCe1yGBh,0.247036,515337564727,1281724
C0,452954094,1791036000,JCsKWhELRJ8MhEZjUDdCL49mntw8fx27bKAgCMgSGhcQ,6P6gkNS9xFdRFm5AVUfGotgffq2FFJRyFssLwzqBLoeQ,0.197628,175012069127,1281745
C0,452954095,1791036000,8eeLv56Gy4xGFtEBRryTWu29hfyNEyz4jvDzBcDJpump,5nsDhZRGdxtWFDdBbexvYUEh59EeFKpsRCH75mRkywjn,0.612493,12021228951982,1281843
C0,452954095,1791036000,3ARb5aveY2bpn3jkDF6cUd8ug4vj6Y1cU5mkc26Fpump,BS5ZZpkieC2N8MJhSDuydRWmvX654F3cEMboz4JkJum7,0.249952,5013349337791,1281873
C0,452954097,1791036001,AV5EvocUeP6KZjZV2SkDxk8BcJsrGGd5h9ptHqLHpump,33dbCfyMAthM6ghz1dxqSmBbHU2XntqUmPNVdaNmyBeb,0.160698,41626499623,1282008
C0,452954099,1791036001,DLJuEVgqKbqDDEkPm5Dq2Xf1kqpn3Ct4twDKj1Q6pump,EZwMX4b7XJwoMcSMcxtvEeYdzepKxYesPXusAT1cqywN,0.231011,4787888199702,1282150
C0,452954101,1791036002,3e8KQbbh2f8K2kWPmkPEGKWNwuLtofEBn4hqLNBipump,C9hFTCVwy8fvomVyE497viypgJG5AsRhT1L2EJbmeyS4,0.228171,2490929803230,1282344
C0,452954102,1791036002,8TtzWVY5xdZBQ2UjV4dR3bk9VaJUS9My5zznfJo4S8tT,UETMkLakEGj81VW8HA5TKkyPqXFc9VUepBx4nnPfEv5,0.198699,776552452715,1282358
C0,452954104,1791036002,6cvH5jaj7iUj8QGiSh8jPnLpmAcwNhKHCLe5AWpLpump,HL1oF2j9C1HtAMownXKsUhXQdMgJLTSt5T4iENV55tTY,0.550000,18240512036142,1282503
C0,452954105,1791036003,4MWHLwgqtTooG4HqKV3ienrNhpKM81Uyt29Sb2nm9JZ5,3LUfv2u5yzsDtUzPdsSJ7ygPBuqwfycMkjpNreRR2Yww,2.323927,36567688044383,1282634
C0,452954106,1791036003,pFftuUXhSNjVa1qZ8c9Ew6CQ7WNaoafWeh8SokvnXMx,BuGacsFWAqk8LZk7SPcJ2iqdGdUnPyTqvwSVUU48ao5o,0.156063,199775368673,1282713
C0,452954106,1791036003,Ao98qnqj5GS4Jaez9TgUA6EcrTSNMxQAnyULrQPscR3,ApgkAuoStjvmQaP4BiDzNowNmuiYwcxo87KAVVB7Q4SP,0.082711,318845070643,1282718
C0,452954107,1791036003,JAt9tpNixVvmyXXdPpZ57i8NjsCWaBdeqrEDMnK3pump,2FfEBBV6hmtXc7bQyXk3hjQwsQaUMcKTEC1DWQqvdwzu,0.197987,6948618075286,1282776
C0,452954108,1791036003,7qf6ocwErgoq58WxbSvMDRZuFBjym4du37HHPLEZpump,38sJMyKWkTRQnzKrYxuCVfvVMKeEYLEAdqR6jaeqRZGv,1.145451,35450990257000,1282848
C0,452954108,1791036003,74yJPG3gqQByxMpKauwadXXzYGX71FX4P5AG894wFHWt,pxLYXbFM3KRFdoUZh74T2hFpRMpJb2zDQ7CR2zRFHuc,0.445176,1426764910621,1282882
C0,452954109,1791036004,5ryjhDdpjXG1ULMuvrQQY2GAN4d1UTQRm9AwpJ4LWo1o,dKMjeGJ4Mk9S3hxdfTThvZ7exks2xMwWqSM5NvN2CTK,1.800000,40741549317083,1282965
C0,452954109,1791036004,84fZzzzWjRtjBNquzYDyn4jF8X7tFzpJ29yF6Ksjpump,DjQ5U31K1XfGTrZNczTtmYG76tvn4FZu7VzunhUjhehC,0.224960,1950232816819,1282991
C0,452954117,1791036007,4ahCmej7N4WCzeArLV6mj1zm1cArryQa8WxEQ3n1Dsf9,4x4uQJaLpejhZtFLKVb1a8qrbD7a4qzSDfNZcSKMwAw6,0.082073,1238557851384,1283813
C0,452954120,1791036008,rZXTSZbrHL5WFQH4CH2af6fKrSNwEpxNuQR7VyQK6EM,FaCYdntuk2w3KZBj4Jgm1THMG5dHAHGrW8X7VGU3wh9X,0.091125,1964036019350,1284071
C0,452954120,1791036008,fCUBpdeRn76xfRaa4UPHDauGeRG3EvMB3MjuRgdpump,8NQ32SyFKD1d5kenq4oM8Da6C6J9TQSMW1uAgFRveEQr,0.071244,48052328841,1284110
C0,452954124,1791036009,5FUAr3f9VYVdfGix6SwU5T7GQyikKRLaczBP5fxnWajJ,BehHTFAmVi4E4eTKmxAEGU1JZuCMwAHsb558xhsFPtUn,0.051427,418578897902,1284391
C0,452954124,1791036009,EHpaxqVVjyyPt2cjfft5SqTkfaEjCF7RUCaFxCrZpump,ARu4n5mFdZogZAravu7CcizaojWnS6oqka37gdLT5SZn,1.206235,4685501059081,1284409
C0,452954128,1791036010,HpoUTLuw7R9PsyifJKk17kmyoDapFKaZyMRRuWdVqXJS,BcF45q45oFmjZepSdzUte7hh1kfRGpWt2v2X5kas4Tcf,0.101250,3564784053156,1284660
C0,452954130,1791036010,2YmMsMGTD7Ri2xFMQfBwRBg4KqQcjv3Nu1NRX6uSCPKC,58iikVhaJaJVzeCM6ZNkqHMv7PTLvrZYkhiMDrL9WHg3,1.500000,50473300955829,1284925
C0,452954130,1791036010,GdfTui4uyZkpCPwpB63XAe4AF8WaUJaAbxyQcCukACGk,GjKjTmzuoAMdxmKHJpQp9PTJLNuvN1SBXAEARr4GEB1c,0.100000,987520690557,1284937
C0,452954131,1791036010,2fZMJaEc7svzN4XA1MzRGQYCC1y3vJwowJRg1N7e1EBo,rbEyAFFvEuEPpFq6hS6NHxtyKGB3wAH5WQ9Z1yvAipP,1.106193,35695057623532,1284970
C0,452954132,1791036011,zMbpLwLSCrSQSfmPVbBixDMoHsKauh269uWJq5Wpump,G8gTguf7EUwqfwdRhiZ3KCBEgPURVB7LXoDzHif4p6oh,0.200000,1467862161186,1285072
C0,452954134,1791036011,H5t7UVKdb3pd9ybMRg6g3paPrcfbsww9kcDxC4zcpump,7fVZd8Y6HmjSLqFyYcHp5a5uBAUWUM5pPEM5ry5uLfpf,0.082062,242179993479,1285298
C0,452954139,1791036013,6HvpthWUXJwmvkV4JyJgDBHvssCxWyPV7TXK5v9Xpump,5VkBjWtL5SuGsRfeH3gywLHff3XzM5irZ1BZ3F4yRDn8,3.396809,107923615748627,1285614
C0,452954140,1791036013,53c62brTyYpWn9v9mWYHRQtBBZY6PHBEcXweEbEmtLtM,BCCwRKh4MLBKH5MpdJ1TAcjUK4hfPDSAyuyBViBBU6rf,0.395062,1427010466616,1285756
C0,452954143,1791036014,AiYCfVjfQWGKW82NAzd6C3XgmwhVtK8YdGJHgSoipump,F5CLTenpNSXH25bGVDkJTALEGtLSp1Uo5cyGCrrsqBHi,0.083778,565406034884,1285932
C0,452954149,1791036015,3HDJ6ad6C8JQTGsCkyfCqgQytQHyLVnGqouVM53Kpump,93D9yh3ovmBA8PTBBenJuAhbbG26yWxAZHjfjLhQk18Y,0.059399,2094174425768,1286515
C0,452954152,1791036016,Cxrxowfubeo2Lh1K8RA1eRTXuSdVo2Vc5DXyRF32pump,mATtYiy3Cn1Bihg3aMaWDzWsWN33txxtnhDyJcFFiWZ,0.296443,387756329122,1286666
C0,452954152,1791036016,Hh3oTaqDCKKfdBgsQEvxp9sUwyNf8x9qmKqEMLBWpump,BQ72nSv9f3PRyRKCBnHLVrerrv37CYTHm5h3s9VSGQDV,0.057600,3199778546,1286670
C0,452954152,1791036016,J9d68or9ZrCLAw6eYFo56KgykEnHkPkqnvZQnTLQfKUm,7ePxjm38h1MjsFJU2cDcvvz6VBPHFGaVpaTavDzL2Mcj,0.167631,1352202783444,1286699
C0,452954152,1791036016,JSYQF7WwVEP4D3crpUJoKbrFMgc6X5gZ9fsJLeppump,2pcL7kT6wK1Qh8Kp3HAkaDDQzhu4PHrnWmspqs1oqXmb,0.506250,16811094718035,1286701
C0,452954157,1791036017,3dmBaeHraoT8QxmHa1b3UWE3VoE6TCSbcGFHpRrkpump,Bk6eQKgHVZHy1JLti7pKGMPY6PPehmJdciYkHJKUnUs9,0.200000,1035070278809,1287134
C0,452954157,1791036017,6UDF7VrxtASdb16QFeYoyVuqsuqJJWSy4CQM5W2gmGs5,2DqAtaywzksV45pPsuhUjHuwnb8N9RDAUci9C4kUYgRZ,0.050625,1116624814514,1287152
C0,452954162,1791036019,7M7ZtkxQnkVmyhFN9x1qFNHhp7XXeGxXcKfJ6Zawpump,HL1oF2j9C1HtAMownXKsUhXQdMgJLTSt5T4iENV55tTY,0.300000,10171475447286,1287606
C0,452954165,1791036020,D8CCYUnXRz3REMw5z7dbBNGe53cf5XHYTKevcQFxpump,7CtEQmdCD35JynW5BQFFy3XcihSLwg5qsjgfFPhx4hD9,0.060000,2115327702796,1287928
C0,452954174,1791036022,CwBWEd3WMaS22uBdecbJt2L2WyWbnnjmxYXksvuBpump,B5rBr5rnYLjNNgSD1dQfDtxDTrk5xCjgM1ZQ4bAYBKjc,0.055507,94716510070,1288583
C0,452954175,1791036022,E3At1NiFwsn39sPZUZQLc7LVEp3DSTuoZr4QCHiCpump,BsNemx1CrL8jBy6sepqnpXYNf91PvjaicxeGwuo6JSnq,0.258000,5581753101838,1288634
C0,452954177,1791036023,2EUKLvNQ63YCmjSDyJ14Tzj7ASeHGXgseYWrKAa2mine,3byvsa7YHf9iqN37iguJN4jWZMtpvBL1SL9XCJvGuVwT,0.220507,82118887132,1288782
C0,452954177,1791036023,26WZryFSDCgx8x5xLMaCPFe3a6qYEpwfJGBhyEGMpump,GtaJoYuRa9h1T4miw8zD6rdtiqo9QzjSr7jTuRMcL5vE,0.199969,7017716698402,1288785
C0,452954178,1791036023,7CvnbepCAba4M4qVUMS66dyUgySdcwLM6Ebfx8z3br9e,2T3U2FzVKVWYvdimQESxo9gpTCQyJ4rYUAStuitcAgKQ,0.148148,2789812263240,1288866
C0,452954178,1791036023,F8Q2GmyzvPoHepd26CXn7YKTJB8QN37mTwjDS1zH6mrd,zAnr3GphY5t6xPahAaCQKPNBSxhYEtvV41JTqPFqmbb,0.100000,31792021542,1288867
C0,452954178,1791036023,Bf9i7oG8We16XBtgeAnNB9rDBnmCZPW37P7b6a9Hpump,HmEbkvE4rzBFYahiHxrCvmbrB9FZL3Ge3rgjxUba7Vbd,0.058624,59295345994,1288908
C0,452954195,1791036028,BLxTNc7SYBgU5Hzawyx6ZaCCTfbnBA3YaVSTM1Zupump,HttYw9Nc2e5SV9PFKbzGNW17Ffi7HG1S6kJ6MR1qBZ9X,0.099075,3363602639368,1290334
C0,452954198,1791036028,EJTPPYcmUTjDGyp5GN4EUPu796B6HgDwRagtDXJjpump,D4XxsLGqGAjaQ9C4PwQMHiyR2upb6zWaqBfnc9Wh6U3t,0.990000,13186352005995,1290597
C0,452954204,1791036030,HzzgaT69usPii7DUdJC2ByR8E8TGTo4QteJoUM4zpump,1411K8uz43Mp3bv5TShPX4PsZPD7iwidruzo4gLBNnBT,0.250000,7742173199178,1291044
C0,452954220,1791036034,44euMW3Y4rW6xFgi8Uz8AJiVUu1cLsaAyEhRNbx5pump,BBeft5QozTYdDPagToAjvcvCwBXXjzehxqs24BtCLMRD,0.101238,1179971669899,1292249
C0,452954226,1791036036,CbcyNo7m1amFWqEQm2m4PLv1UNvpcL3C1Ujm6AkzpKoU,6TYDxGmVxkBPBmEfnmLXx6jVff9LknsjRHqdTjVyZmG8,0.829087,6680819957,1292764
C0,452954229,1791036036,4BxBot4K36N3ZZkpB9sqEocy5iBi8cUttK6s8YbHH9Jo,F7p3dFrjRTbtRp8FRF6qHLomXbKRBzpvBLjtQcfcgmNe,0.072389,128739587714,1292977
C0,452954236,1791036038,2GdJADhDxz1RmZRAarnFWFEiDBGTDRoFG4XMtSmSpump,3xtyS7oYkE8wQ3uZN4uMf3jdhBj5SKnM4HM6kZr7M6uc,0.501182,17416939003079,1293473
C0,452954236,1791036038,AfkSQ44WZeSUp7BSjJrg8xgMvkcwNJV52SnbasKbpump,uFMSy1ZMvmNeMQRTijreXv2VAtoTeerHWzXxfqrLRWR,0.098997,3485709524202,1293481
C0,452954238,1791036039,H1qp6bUGLqXTNJBnkuziQCwee2HZdJf9M4TgRr92pump,EoqodDDzKqEGcKBuEHtkAAzs3rM2dZtoNqpgcNkyY7Zq,0.100000,15357611754925,1293637
C0,452954242,1791036040,Hd6U8SfLWCZCREYrT5XfwK2Nzat5QB3B8pbBvST4Tg5X,BuGacsFWAqk8LZk7SPcJ2iqdGdUnPyTqvwSVUU48ao5o,0.114351,339338169161,1293960
C0,452954244,1791036040,67NiWRVBAfaX5z41t4zyQDMC4bXy2PFbg42Rqm8Vpump,4feMHK1Y4h7nqovEjTg3CjEaYcBMSiwK2gRZkgFC9AAM,0.585217,6349664509949,1294146
C0,452954245,1791036040,EPjFWdd5AufqSSqeM2qN1xzybapC8G4wEGGkZwyTDt1v,8TuzeVdS5uLqzmVDwuvo9d6c4MW7WaaitpHjAP8QDei8,0.098704,11807421,1294157
C0,452954245,1791036040,EbyM9YxwYocwfyyNuro78kdvjoQ4yhnCbxZoY6AJD77r,DXY4aVaTBJF1Hq3fEmP2MMLgiqyAz79W4aDhZetae6rL,1.487793,48444095409018,1294239
C0,452954255,1791036043,9Wv34ajSsvXuhdGXSvWRza1VLftjdQbLKiMX7i7Wpump,K6Eh9fwKkrhVNq6SpRtJn7F4Myi3HUst5QP8x5BKHnR,1.484267,49989176390796,1295023
C0,452954259,1791036044,21SmSA77uHBXxv8LqVit74SbkzQVGGirXNjSsrcQJAaA,BuGacsFWAqk8LZk7SPcJ2iqdGdUnPyTqvwSVUU48ao5o,0.083440,1239585071016,1295412
C0,452954260,1791036044,A2ZxVhLAHmVyF7kdJ6rkSUpHHgG5czWzQTn8Eas4pump,BvWjawDshCraT8jNuexNwNEF8cYJPcGyNkvRxp985Y9i,0.082074,18001088476,1295528
C0,452954261,1791036045,HV1wAYKYM14MsJpAiZsSz32HcSdi1LPR8hSuxCV4pump,BStVhKLmj7xVVRUxW6bnhCUD6DVLu49cH9tVmC5oiTmi,0.218478,6887493072277,1295568
C0,452954267,1791036046,AE2T9tChHzBPGswHui53JG8snbCyusdv7pYzhvxkkeVw,EaEf6TH8Nd2SThZrPKLkR11U6NojWZEExVL4HiQ1XXuw,0.316060,4988325710987,1296111
C0,452954268,1791036046,ApQkLuapHPtikzvbxWc8ymKcvy1gVKr195Jn39nC8mKx,FtfQi1xHPBGGHoBYo94XDpgXJegops7imggLuURDT8uh,0.165883,2624925094650,1296184
C0,452954273,1791036048,H2mHQ9Yr5RYv1E5U8DYF4dXTL4pcPmn2uhVj5pKNpump,93cGkDQXbKdExtKKoEJWMrc1L9WdHTPMFTpAn6U36GKT,0.100250,3529685843060,1296657
C0,452954290,1791036052,J88JLFZr7dyCDmFjmF4kgEkrz71bpHhcr5i9M95LQUiD,k7DVoHkWGGiRrcqmAgkqo1NnJfj6PiFTffCZRuZ41L7,0.220000,7715639753410,1298065
C0,452954290,1791036052,WApCdQftZcRUNHN9S2XvmrqeRtRASE3EZxnwuNJpump,F4cUjuWkXP7ptAVg13EUeCNPgPQYeuiLSUYNdZgYtW5w,0.591504,1749718703327,1298096
C0,452954291,1791036052,5tB7gYyhnjzFYAPsMjLUvRXRBUiTeCFUQxzY8fBrpump,HL1oF2j9C1HtAMownXKsUhXQdMgJLTSt5T4iENV55tTY,0.550000,18416336843805,1298234
C0,452954298,1791036054,gL9Q3xjXM1BdopmHn1R7Kb3Eim5NAQ1eWGNaTj3pump,DaxfeJKeVyinftwWSV47p8EgiExYBDquRRUCxki3FrEz,1.693188,1444712066909,1298840
C0,452954299,1791036055,4jP4aGREpdebPsRSioXHVqWtW9n73mBL2a7u3gjcpump,2hjhdfA42uvGdvD1BmU9mLiw9528zvk2kLCNL52mD8vN,0.800572,25208031869164,1298969
C0,452954301,1791036055,C9ZTxtLyHx5LpzXu9rhnv6rx5AkQiMJa1cN6RB8vpump,3yKhptqdvwbuf2rxQ46qunhQpz1WzW941EUWFpsbRkFn,0.063359,2233492504473,1299126
C0,452954305,1791036056,FPUDkQBAMYVzbg7Rmfr83bVTUKoZ7yoGHLQZLvMvfsC7,GjXz5Sjk1L6xyGVcLrgYzHtWs9KNFUrnKX4bDZewdKuc,0.074330,43770355959,1299516
C0,452954306,1791036056,6YGjijDoR5fRoswaeVSQatJdfYXy1QpRfAoZ6wydJ9id,7gRgFE531zymDuzmK72zimTHz5yJ6sVyKMxEX29ok9Rj,3.037500,97545454545454,1299588
C0,452954306,1791036056,FnpL6NynFYTYJmvf2KMNQurw67SWTg5SDvDG3YgJpump,9MUUBAK2Gdk4vjW89qN3QsQ8ZxcP5FUYQtBYNtRK2JvB,1.000000,34199203095235,1299612
C0,452954310,1791036058,38pQcnfHVagEobYKELTVJwsqG1P2PRVvDvVvkHgH6JTU,C5EMTGGE87SqLyuvhShLDMj2jUBwqBLJAZF6ybK8Jyqw,1.208287,28689839573905,1300003
C0,452954312,1791036058,Brkmh9uJKZUByUvEnys9QbSD5jEk4purxG4ibtX5pump,7K1ygpyD3EXtyfnQ1X8Vsk5tn2PR7Whah96dCZoR7uZ,1.940000,53645988602995,1300192
C0,452954314,1791036059,FKYbooFr2wEqkChLNN7JjQ3vKbp3A2cTHotGmQ8opump,BuGacsFWAqk8LZk7SPcJ2iqdGdUnPyTqvwSVUU48ao5o,0.250000,4449366702869,1300365
C0,452954320,1791036060,9Mi8yQkw15sVhGfSuDLMquTeFzpfuEz1zJph3aCUpump,CrJG2vkVhZbpffFFe7MHk2spuVyZQLEiiFdC5YAnyFKk,0.098765,915563059406,1300851
C0,452954321,1791036060,GXLkgWEDG7Kn85JE2rSujQ3gXascaZNNmubH8f22bNwa,GeUnv1jmtviRbR7Gu1JnXSGkUMUgFVBHuEVQVpTaUX1W,3.100000,99366691529599,1300880
C0,452954328,1791036062,2bQBNJfkGLsCkKEHJUgdFnPoQvDqpW6SYoJ6Zfrtpump,7DyzpBsqDupBw8kiFMnBCCaKsdGH61DVtTe5iczRpcm1,0.481682,997910877116,1301543
C0,452954330,1791036063,26WZxRaNgYqGtUE72dk7sxYUTntfYJ5hWUcyGDiApump,CH7GewnUqV8pdnjywGz71QVFRZ549BsDqNnpBxhzREQk,0.900000,12307247835354,1301762
C0,452954332,1791036063,An9JTUcWr4a3G8EzQxFtZ6y5JraP4SiqxHrnuCgJxBW8,kAFobHhyVbuB1NXdKENdzsiLxw8E2YcHgVQiAKfwXRT,0.792037,26279385730033,1301928
C0,452954333,1791036064,CXExkNXm85zxYL5znKG7kEw8smXSoPXrS7n1jo4Pgmva,5AbNfyw8Li3D2SC44cR2iZ4QNZ2mfew4Ymzgc1bYvysE,0.346404,1766372419771,1301991
C0,452954338,1791036065,7BxbX5TsQzDFLJxNrfp9VpkgmTc4ChQB8puQQgtZh8DE,DbG7RyLFBWXpEWgfKUA8qByvBZEZ3chqGh9TLkpjpF3b,1.822500,60735849056603,1302495
C0,452954339,1791036065,Ban1QaquJCpWkZXMneVBqVBkqeBTFYQqZRkco2CYpump,haqqiUUXB5gp7gDbSjpEkw3phAjQb25r86uXJsZQgWq,1.000000,3602283497683,1302543
C0,452954339,1791036065,6vRweJ3RW5VDGHvuDHP4f1RiYnPuiYwyogGhQ4DBpump,ARu4n5mFdZogZAravu7CcizaojWnS6oqka37gdLT5SZn,0.829781,18416397331458,1302563
C0,452954344,1791036067,HU5wAuFb8zsKZocXgSxNFCuxLuDK7WaUYBsijyDhjxT6,k7DVoHkWGGiRrcqmAgkqo1NnJfj6PiFTffCZRuZ41L7,0.220000,7715639753410,1303110
C0,452954347,1791036068,8ukJyHre6eh7ahjyLxqrm7TpP9x83MjEx94xrTuPxeGH,HJRYu2FJcnHB68LdhPxwvkgaHjssbCZaFGPKrajtFKUu,0.990000,33868005666126,1303330
C0,452954359,1791036071,B2eqy94QviWE4crSmHFNej4CMbmjWjFJ2LNa7ktDJ2Fx,AEgTuy8Lg4wfnjm285mk3P2k1p39ofqNXk8b5VtYhdCs,1.500000,32106022430902,1304366
C0,452954362,1791036072,zYiF3rA8aWYUuDek3Z3po9NF4V5UDky5nji7Wr6pump,2htD2TsUtNBkkGKMF7BpucW8ssdUTt6eHyuQaE8Q9Ro6,0.098859,772852068579,1304715
C0,452954362,1791036072,5R7EZqAQxm3AzxSVgCMcBLxPdkQbsX5MEJBybGvCQocf,2dbohozjjVR1svvRbrPJZVPpyCCGytjNga9x7SnxC2MW,0.493827,1923466994329,1304727
C0,452954365,1791036073,8uvkDjkRmm1Af6jxu8Duzs5TZtwK9qZu9xFRHxMcpump,5bb5kQKhp4zT3MYuFp7QSpkvJkghfLp6yjQbvTDLK2vy,2.414799,51889767250461,1305027
C0,452954369,1791036074,DgusxuYhbs5TqvLYNhEwEow8GwXyFNgc5hspP7SjfaNc,BuGacsFWAqk8LZk7SPcJ2iqdGdUnPyTqvwSVUU48ao5o,0.170201,546434915926,1305296
C0,452954371,1791036074,CMGF7viZJdJJDSADYYpRTgQfZjoG8iFY68nNiFxgpump,3xtyS7oYkE8wQ3uZN4uMf3jdhBj5SKnM4HM6kZr7M6uc,0.300729,10519152050544,1305532
C0,452954374,1791036075,4YQ8aHkgsTB7puq2krVsPrWPmd2Qky7D53z3GjKhpump,A6Wc4YT4zBLMCPiHhcVzBcLsYhjtpyE9UcWiXaFQ4Qt5,0.425250,14814595660749,1305731
C0,452954386,1791036078,69LjZUUzxj3Cb3Fxeo1X4QpYEQTboApkhXTysPpbpump,FtfQi1xHPBGGHoBYo94XDpgXJegops7imggLuURDT8uh,1.656399,32516839618,1307058
C0,452954388,1791036079,yDLDyzjbrcAqYDdpa1hNmZAA4Xv3f4MgsuFE3fepump,2DqAtaywzksV45pPsuhUjHuwnb8N9RDAUci9C4kUYgRZ,0.063465,1438222431027,1307250
C0,452954392,1791036080,2BoL3oqv54dtF5aeak9CySPvptJL29wYRrnt8cnU7MYE,AMDEmVocLtN5ji2gBY7BrmSHEyM5vt6TGszBbg4crMXg,0.708750,24464190021934,1307543
C0,452954394,1791036081,Dt6WoJ3pDFTTbNktEMt6XDnhGfFMXKgcDXe7CdKjmzy9,8RvtT8189KpAq5MkXGVHFn6LdZpxq9PkvDeAvs1g5Yj4,3.783121,118838180090532,1307720
C0,452954399,1791036082,asHzn3rzLUBLMU7ftEfdhrMU1RJBATfvx7yRFEvbred,EYN4iSZAuAa4fXX3QRuLjFrwTya5BwxoDBVBWoaAxmhx,0.350000,1754449454246,1308136
C0,452954399,1791036082,8Y6pHi3cMhxhtHuzgGAsWgAJMyw3zaQLeFFf3qvRpump,9fcMp3GNGnd3qTn4krE399UYEsUNfkVsXQvo8np47NGW,0.095018,129964285848,1308166
C0,452954401,1791036082,oEW8nfAXWBqkWmGSEVa8HqF2u4CNAn5n1Auh4tmpump,7iVCXQn4u6tiTEfNVqbWSEsRdEi69E9oYsSMiepuECwi,0.054550,2580689810,1308355
C0,452954414,1791036086,6ZsvnX4oo5Y2WS68Tv95dcV6beghtWZkBBnUsS5Lpump,8y5xhxgBeYNh453AB2kWH4PV5kmBJTy4A1mjXmq9Th7W,0.100000,3519761748513,1309408
C0,452954414,1791036086,9CCi4WrSRXMTzLMtv9mvXdZJ1Z2bdPkVs4oVpqurYgYB,C5EMTGGE87SqLyuvhShLDMj2jUBwqBLJAZF6ybK8Jyqw,0.367882,9343072755999,1309425
C0,452954421,1791036088,DKSnvTpHyhpcipX6RyvPgJwLPFWtQaFb3vbV34hcATev,DfG6UhpaE4kXTi6qFWp6n2FLV1djoZQ5YyD7gqbVPscU,2.328750,76405572755417,1310145
C0,452954430,1791036090,H44S3BaXEHSCEfgKYJeV6AFGjYnN1Sxy6Fh8TafEpump,2dbohozjjVR1svvRbrPJZVPpyCCGytjNga9x7SnxC2MW,0.493827,8218465054044,1310887
C0,452954431,1791036091,257jyQdu79bYXX3Hwuq8tFPCjUf3QxRutz1zA1RYpump,K6Eh9fwKkrhVNq6SpRtJn7F4Myi3HUst5QP8x5BKHnR,1.978697,65622857081287,1310939
C0,452954436,1791036092,HzRye4C6hY9eNWP2cEKwhyJ56sd4251cc7jc5s85pump,D8na6cgPt5ndncmzZJNyofVMeRnRBnsj5VWjznY4C7yt,0.098997,3485709524202,1311558
C0,452954448,1791036095,6bGHd2A3CznXsW4qL3u8YByeCnNTUnXiy9Hg5aCtpump,ETkZorRXC9NAd2w5F4RGK596yNYKWoxAACw33iEStg85,0.081000,420302825577,1312595
C0,452954451,1791036096,DG1Sos2qR8Ut7c2JRsNGydt99NNV5VKuSjZNbjXepump,F73LAQ3x3dYETwQqFbKe3i1QHc9JLptAubAKAX9NVDsK,0.118788,1502739241528,1312930
C0,452954454,1791036097,5tCju6YNxHq5zrA6tGndr6F7TK42mpUFmeE31cSFpump,7xLbfN3ZEpndsjK585qMvAR9b9FfYzaaeuPPkokou4RE,0.655905,35236957738,1313219
C0,452954457,1791036097,3BDLN1tJ9QzKRAxwRaDxUBTEHAkX5CHCDGgermbmqacN,4ySVVQmvwEnyW7SvGVztRNkKA4bTL6kEH2sKnKW5duwG,0.891000,30567260100733,1313609
C0,452954461,1791036099,7bS1mH6MXbw1GnEkKTU6w5YLTywPkQ1w3YVZXWFupump,FLqSB4kH1qhn5bH2jQn9M8ajFHhR62LCueH9RPvGMMXT,0.056196,1968783792715,1314081
C0,452954461,1791036099,CsFRgLn1n3pg8T1mjc5mQdrtWCR8qyV3KaspJUDMpump,3Dq7tPMjeyNTvMTLDRD9R2JXh9dU6GMwfKeGQzaQrAHg,0.307185,9982846495299,1314082
C0,452954461,1791036099,4dYpZESEYsKZDk3gKbw9mpd2aMfmHgie7wbKpkQdpump,3jyu5zknj47Ramb9QGdW6akVHGzKmiaoGtiPmLzRJVGj,0.052187,572032508568,1314087
C0,452954461,1791036099,HpNkfAUX5M9vDD3CmVinVoLYnAEq45ud4tyaBtrKpump,4fjEQUnkbdWxHjoaY3YDX17EUy3dUh7ZYvveMjQ7rhNK,0.055383,1951175722507,1314096
C0,452954461,1791036099,2SfRseqZXQPhR46eM7adBUPpwYiVZ4SPd2nyrMiT6tdE,4a6ncXJyRm74Gx7YNx9vey4fatAsdmitxAavn5n1QwuV,0.063667,2121436060410,1314100
C0,452954461,1791036099,7oCSaXDeZDKWpCinJAC3ukNY8og7mDSCTmByUA5Epump,4U7DrSn27iT89HVdsvdYrWtuvctHn949VEYV2WVzQQ28,0.074730,2626107166869,1314101
C0,452954461,1791036099,74ryGoAFvFKD8AhSsUoezUUN68NZQqxLkmph3o28pump,2Qvau7dCskWHZcvmkzXprCKu1iwxmyBWSGSXsgWNyk2D,0.087321,2707426282379,1314107
C0,452954461,1791036099,DTCNpKqec2RN3ptE9H863gWC4QTk1uXZf1b6jGTjpump,EBDAecLsa18feU1FP8jDhaLqQwnCxHdrZqxTQWJTiwPw,0.078401,2636140455240,1314108
C0,452954461,1791036099,5so4kmqqUvgtJdedUueDz64p4nEhJeCmodKbQqeppump,865KXNvyow6iG2H6btJ83YJkDcvuyx3cu4ZiwaLYaze1,0.101618,3556181101406,1314114
C0,452954462,1791036099,DmKz3pxcVjeM1TXpXGek6nK7gYunbCqgx1yBhdZNAuFf,E5vdPcknfcBW8e9zFTridFxPbunnAgbn167vi1mPqbSQ,0.058116,1872387150748,1314149
C0,452954462,1791036099,FKv4XqjzG527MoBP5sJrhau7GA8r8vdik3YmucJ7pump,7EeLjuM7sastcU4SpVz3dkRDnkoQsYcY4tCXQaJ8p8bs,0.079298,2761960775052,1314156
C0,452954462,1791036099,ADaiWyPNMxh6ERZnrtL2o4inZcf5b8wqKSrbnWoNpump,AidphjUciK2YiU3yvFvDwD3XeYXBdc3z9357LRxQVEUw,0.067577,2369510572331,1314159
C0,452954462,1791036099,DHKoVmn4V1w2UPGeMGFXSWxbsK1Zo2p3DxuaLUvfpump,7pwWFA27FX73Zy93uMpV8QLi4hX85NVD2vHtYgwcXK7e,0.095586,2893307495667,1314172
C0,452954462,1791036099,Hk9a7qyzgiUJfdxekhyVr7s3bYXBU6uTL9STyyUdpump,CaHkahTBv3qeTCKTRnFPnCqnYd6eRWHGHE5RKc6Cys8,0.085855,2888950264909,1314174
C0,452954462,1791036099,DN19UoW5dbaN2PM7FPxz66zj7LVLjYFeKXKBFuq4pump,DF2wonDNuuzLmqL2woRh11GBzSAvibpThwWkectnDs6y,0.102719,3456716478113,1314177
C0,452954462,1791036099,25eDKrPdeZWbSVhYjzcpdcuEtBT2RbgsqEyDnRoMpump,7SN994kU3oipCV2GZrHMA7TtCFJFX4JBnFXfEyZUAsA4,0.072251,2539354450934,1314201
C0,452954462,1791036099,GzMa9PqAMu1t3TPNomqmjPDk8M7V4sE3id24SaJdpump,Fc419jHVrHMumiT7b4UKTxLguhVcJoNSmpqYqTa3verv,0.064708,2268867397962,1314204
C0,452954462,1791036099,8kf6RMhqUNhKDEkGjVYfUc4pKALRnuVA7Hixgbsgpump,5MqcbafdnsVwHUikYYiqVF7aYY5ycgi1K75yPTCxnGHx,0.059968,1984904251882,1314206
C0,452954462,1791036099,FQbYYa18ghtxBRLan4J64M6Bo8FpGGsZPCiAcc45pump,C7uy8DQSL4kSLw6VueQ5MDB2KXabdqmpxvVKfmXRDRn4,0.067018,2349088431358,1314213
C0,452954462,1791036099,45AjWFsAsQwqHbmNay9feQ297QJwNaidV5aJUz9Vpump,H3riFEiugy2UDFVJM4phSnsxMJKLqYXu5drqURxsPTkr,0.052900,1844854267815,1314220
C0,452954462,1791036099,6o6rQjZbD5HFUPCc77Ht5rVH61QKQzEPbdncFJPmpump,4mJaQqhyjXTLmBvsR5Ud4TNxebbvk34owg8MimkHYkNr,0.084258,2517662558377,1314230
C0,452954462,1791036099,GxWqJbWPxMseev7WXYNPLEG8K59v2fAhJ5m5o7Yepump,52qGqrMy7KXG91PJY5FnXBdnBMaheh2jT5PZPnTPWtqF,0.075595,858978108984,1314236
C0,452954462,1791036099,BqQFxjszd1MkfuJGT6tqcC6fuhvAC88cLGeGmk8opump,51HZzcTC42Y4s9D2ptSXAoA11fxfExdtSKigth8HvMuE,0.065151,803782721370,1314246
C0,452954462,1791036099,DJzdvwTk9vPoZ4sfGHdB64XpRjMCoXz4usk87GTmpump,Cv8mGcFguMFmbQQUj9oEeUUteeV6cYAd97niqh4N6av6,0.060384,898749113065,1314259
C0,452954463,1791036099,Fn5ikZ1VagQTt1B94zBeLP1Gixp2BCxtXVspUk9Vpump,EZNKW3DaL6d5S2oL1VfDMaYpwLRRU2f8yC27EMtnN5oT,0.099632,3324924411895,1314378
C0,452954463,1791036099,Lv1HsrWA62NPox6NucZrfBsWUjCiM5HkzcBqmHLpump,He6MniePPjcfC8ccwJSz1VHY6t44GJtm3ZNrfgMc2DR9,0.066775,1421676270049,1314379
C0,452954463,1791036099,2yx4bkNg78zgxooRxoo7kU256S28y7YRon6riSQVpump,9Z3VoxppAjdrwZNRFyNiMbzNJvDq41aLiYK2XC8gyTHb,0.099571,3505848898713,1314382
C0,452954463,1791036099,46WNyLjtNPu2PHhFKwCCbaxZy5T7NmYNxiRHvHbApump,8epC3Sk9Ck3FCPEugN6PY5PdiN9XXN476V81KJeXcQZ9,0.094419,3325015476984,1314387
C0,452954463,1791036099,3TXpTVzQQkfzmBc5x4rtnezaTSywc6Lc4D3DnaJRpump,EvrTt83xQtoof7STD2UGMSy4X9ScZUjtu7vmWBPNqADF,0.070695,2037500089061,1314391
C0,452954463,1791036099,5pfpL8S7h5To4WqEav5sCYAqLMr3ZqPExrbEBbGdpump,4KYWXv121ZvZe73AKJee6yoxWwnBzhVzTouKJWB8aqNq,0.116457,52898256249529,1314394
C0,452954464,1791036099,Av4Q2xKU8VsfBtZicrH7jvxsGRnYiTENDo4T3e4r6NkM,ApmZoxUFNN5h48FBnjG8r7YKDbtxyzhFDKTkE57ym3Te,0.082301,2696842109589,1314484
C0,452954464,1791036099,6cCBF9gtyp3c6VmyxUWzETk3yFmxhjvPm15cxicfpump,H7vPaoVAmD3rVxPxMA1CtXeCfAcCKRGJH3VzK3th6BfD,0.052657,1836105947831,1314494
C0,452954464,1791036099,BU4p8wduJDfj8Wt31w9iH9cgJsWBk1JyPSknFDJDDxex,2DqAtaywzksV45pPsuhUjHuwnb8N9RDAUci9C4kUYgRZ,0.050625,1621312221109,1314508
C0,452954467,1791036100,9xMwGRiRnfrZ4KFCsETM4ua7K7yxtVK6VUAbKYJ8pump,HL1oF2j9C1HtAMownXKsUhXQdMgJLTSt5T4iENV55tTY,0.550000,18715079592532,1314900
C0,452954469,1791036101,7y9gmcqpwuvN6hFPF9m6j6qU74GLA1urLgrKXEYTpump,3wrTKySGvsr74Mk8cPCBxVPAXYPXjKCMwfRK4kRegcf2,0.988142,1225180470394,1315064
C0,452954472,1791036101,4His4egfGCaxA2Xo7Lzm72u9Yt3rYAvzVKWoQck9pump,K6Eh9fwKkrhVNq6SpRtJn7F4Myi3HUst5QP8x5BKHnR,0.989674,33857211089411,1315463
C0,452954478,1791036103,7vgAdJD1tDqoKFSXB91uNqt9uGokjRiAySEP6VkLpump,9UwnDq4sqama13xwxjSfEvZu1MgQehLxyP4pC5JHCXpn,0.120000,3068753774114,1316071
C0,452954479,1791036103,8swNPpprnu7cLGXjkzVFFFeNGxhU4abfWrgAK7PCZJfz,9JXqrwyJsPNg1WvohHyJoaiXZ1LahUKtiSzrup8YU7u1,0.099000,1609283463563,1316323
C0,452954487,1791036105,EdwYRTKULKRRyXrN1RP8g4HVFZpGVz8qVqmjh6DYpump,7K1ygpyD3EXtyfnQ1X8Vsk5tn2PR7Whah96dCZoR7uZ,1.940000,53645988602995,1317064
C0,452954488,1791036105,C14pX5h3833PY4P1UNpL2xbLXM2epR29i14hqyVopump,93D9yh3ovmBA8PTBBenJuAhbbG26yWxAZHjfjLhQk18Y,0.247480,8671591758466,1317158
C0,452954490,1791036106,62U526eumfmDCutqebdC4E9VnKFMVopd9iAd4PZxpump,3jcgozhf3Yuv4ezVh1TP6RXmNo2hXfY2u7SoxYKoU1Aq,0.200000,7018806171954,1317426
C0,452954499,1791036108,HAcEqEVru6dRbe1grLFTPBxjxGgjn1tVpR7bLgYXdust,6P6gkNS9xFdRFm5AVUfGotgffq2FFJRyFssLwzqBLoeQ,0.197726,88666731394,1318452
C0,452954501,1791036109,iu4bAt1B1iNBPBnLkYvjSqrNu8gDMT3gUYBsRLvpump,2FfEBBV6hmtXc7bQyXk3hjQwsQaUMcKTEC1DWQqvdwzu,0.247480,8671591758466,1318611
C0,452954507,1791036110,9aqmJjCnnMQv42TXLk921ceUkN35nea2QP969n1caqjj,DG7KMrxf5mDkPBYtkwVFun3TqJdq3cVGzwzoRqFkcT7Q,0.495295,47472055404,1319402
C0,452954511,1791036111,McUaPp7ymFh8TyiWqhEYDPDap7copUnmtCbw92kpump,7JCe3GHwkEr3feHgtLXnmuJ1yB3A7coSeyynxTBgdG8k,0.114303,3290078361158,1319789
C0,452954511,1791036111,AJPertGGMDmM75fb6jiB8MPfFu61ouLDtW6UBvf3pump,3UiZoSWbiUkRUR5zsb86s5hBTXPMmYGNjTjVmbfo9wb4,0.441414,4411252366107,1319805
C0,452954519,1791036114,9yT4zpsbf6be9r4M7zJ5axDUDWYV96cJgBkrtqCDpump,2EuodHpSwEHeqWkcAxjMdnkN45tnUphJPh6hK2SxeQvA,0.400959,13979392355183,1320512
C0,452954520,1791036114,apy9dR4PyLzqAs6eZHKDLsLRE1qbc6GHaGsgaNTpump,Em8J3gBWapfVBGVhVipwQnLrqCvnWBnLajw6XFsFECPF,0.833451,543554952,1320612
C0,452954526,1791036115,4g8zM5HuL5zSxtdATLuFz93Xo7iYmJjyUT6C49FVpump,96dW7EDuEK5BhDmqxFJEJh68YxDHD21cjaXpzP8RCbZC,0.200493,7035992724623,1321254
C0,452954527,1791036116,DrLrTs7YSY9o9rJzqHWegh3VAgCcUZXNyVaZjXGnpump,EoqodDDzKqEGcKBuEHtkAAzs3rM2dZtoNqpgcNkyY7Zq,0.100000,3840490927691,1321349
C0,452954528,1791036116,CscZaq5twomhUkvCY8Jdd1tge32L4Yj9FbkFFEZQpump,7SEW62C63MJJqFZhhF6XCBK7Cxh816ePMPC3tpDC3VXE,3.952569,7991865872101,1321371
C0,452954545,1791036120,AYarGAL2qC5fRXDEF5fqw6AjmF3RYaTN5wdRMfhTpump,5zg2wYPcAKKjCRnCoDyTUqxh9fQX2awGK48aPFX7UQ37,1.800000,39368858711712,1323020
C0,452954560,1791036124,tYLAYuNEJbuvDzuERBHSHAeVFZTgkkSLPwrRwHzpump,7JCe3GHwkEr3feHgtLXnmuJ1yB3A7coSeyynxTBgdG8k,0.162333,1481992019,1324737
C0,452954569,1791036127,6MnWN2rMmJs9wn1dpuU6a3P4Jgmwz8B2TN2v5AwBQWjc,k7DVoHkWGGiRrcqmAgkqo1NnJfj6PiFTffCZRuZ41L7,0.220000,7715639753410,1325679
C0,452954574,1791036128,5jAhKjjJGQA4JsxMdh3LCPjYBKW8D8SBmoYRATVbiJ2k,HL1oF2j9C1HtAMownXKsUhXQdMgJLTSt5T4iENV55tTY,0.600000,20784503577184,1326156
C0,452954576,1791036129,DvLho8aMw6jJK2mEcRyqWmuUnpxfFNfCBwfY53dPgaz2,haqqiUUXB5gp7gDbSjpEkw3phAjQb25r86uXJsZQgWq,0.750000,20942064212168,1326326
C0,452954576,1791036129,4SPxJpPnKteMLKkkhjmL32cKwNNRDr1xAmMc192opump,6VcgH1SLdsSBWGwyRygV7w5BGSrfiR1vdWSKDFgiAn4G,0.060957,2148983320541,1326342
C0,452954582,1791036131,7VertkgF9KLhxxJXHX6uaWuoYZTP9LdGj2bWmVXVpump,DG7KMrxf5mDkPBYtkwVFun3TqJdq3cVGzwzoRqFkcT7Q,0.495540,29184278704,1326972
C0,452954584,1791036131,Cq35mnnftm9QEUtQbijYq2iQb2AKdF8uKoUUg76Epump,6P6gkNS9xFdRFm5AVUfGotgffq2FFJRyFssLwzqBLoeQ,0.159273,1791185603600,1327295
C0,452954588,1791036132,jSC3hfcrTcxQzRQ3DhbhQvjB86z8ubFY5N6BsGw38pu,6WVw8jQoRe2fBTpjkKXHgw84ScMQtgPzdhtRSvCZXezJ,0.098765,1704941123355,1327747
C0,452954593,1791036133,Ha6KfUYvX3J9ZTKww8r4oxevgPipUcvVbh5CLYKopump,HV9v154az5GhAi96638fPW32ao4KxKYvF2U9kEWJA7aG,0.050841,62824751999,1328302
C0,452954603,1791036136,4JUWkv3DrfxaZCHDSwagmJACGX1iVcFkg1bmYrR2f87K,3vKC1m1CgNL3AU27NTYZ93zfpPeFV9JSAV9k9oMuD4HW,0.122867,851134452891,1329447
C0,452954603,1791036136,Bst6XwRbkgUYSXQgbLdpiwDFJs4wEi8kx8JKAvWPpump,BwWK17cbHxwWBKZkUYvzxLcNQ1YVyaFezduWbtm2de6s,1.042846,27909516006907,1329453
C0,452954617,1791036140,BJzk9dSj5iQFTrSJT93tVztHFMzP714NoYeHFfPzb1Bi,61NP6BpRMtaFDT32y4zoLcMPn4HJqZ8GHaXxw5fujVb7,0.210873,822493526551,1331045
C0,452954623,1791036142,Fq7wzJ9S6TRm7NrPGEwWKmQPqdF8K1g5uTp9DGFcpump,BuGacsFWAqk8LZk7SPcJ2iqdGdUnPyTqvwSVUU48ao5o,0.066508,643653174242,1331765
C0,452954626,1791036142,97VNBRN9UJdZi8cb5DNNjFpxeshojVd8FFapgJc9pump,DgtLyXyxKozMzjUc3TDvGN18bRAh1XngHp86fv7AegzD,0.056884,1785226751482,1332058
C0,452954627,1791036143,ANAemUjUBm7u1fXXfnA6nfLEK96cZ8fd55RtM7dnpump,4a6ncXJyRm74Gx7YNx9vey4fatAsdmitxAavn5n1QwuV,0.062868,2186626728041,1332169
C0,452954627,1791036143,CmkCHAuzzwfEScpqoAyrBVnhmo3hPLbtRa4H2jMWpump,FCiW9gJgcuyXFenNQYkXmETGk7yJUiXQfkToaxLdLKva,0.052562,1795960771911,1332185
C0,452954627,1791036143,3EvtRrfKGcD32YkLpiwa9Zkma96HRMSNJMn9WjVipump,9ujXnDeH8EWqn7m5GAYmzgR51uMrQo3CiAXDTXGwnmBW,0.087036,3042145178247,1332186
C0,452954627,1791036143,BXL9fyCwpHpgSV5jEgmCbUvHSU3WaMVtVaSU1fdnpump,AYeuWYdMWYPuLYmkrupdhd1rGud8jyDBWtQJuZiTuqpW,0.051180,1804895193728,1332188
C0,452954627,1791036143,Aay4F1C3VKe56hw1J1PX4W6YK3zY6GHPNj1NBp9Hpump,7PfZSZRsDEvuJ6iGcnPPMmVWmf5PKAcBHpGBr1WmJecP,0.052709,1493350654392,1332205
C0,452954631,1791036144,kKWBUFtj96Y4PzfkWtnsHiR2haY4VP6VKTGrfn2pump,7JCe3GHwkEr3feHgtLXnmuJ1yB3A7coSeyynxTBgdG8k,0.436930,19433905873,1332863
C0,452954635,1791036145,SH9rMXgxYRYpWAPvpBu8wft6AkrMKiGCGouzLVYpump,2XFV3UGjqSTkAiqgfsMFTifho5gmdFFJTYgszqAAzzmk,0.358228,3793387731061,1333311
C0,452954637,1791036145,6CUtkXRm2NedqJ6AmGW7oaujjypbgAgE8PNCWPobpump,5VkBjWtL5SuGsRfeH3gywLHff3XzM5irZ1BZ3F4yRDn8,2.621213,85238925008329,1333569
C0,452954637,1791036145,2apk6cK6n7KjyaJijHPseVKHMcJb8fyfya2fZ2rVSa3o,8RB5cwrwHrxotxFURLWKH21MjkzeA93vGtLfqBbgKEiG,1.265625,42919999999999,1333589
C0,452954657,1791036151,AVguNiFmWccwc7cEh8caAHQmnD46LynE2VhrY4dxHcTr,8RvtT8189KpAq5MkXGVHFn6LdZpxq9PkvDeAvs1g5Yj4,2.962963,60725056197437,1335764
C0,452954662,1791036152,BFAsjEwgj2V8RxcW1Fk9EmFLz32kTTH6p7fiDhCEpump,4KQGocKQW25nJ8xT9GPNW5Uqy2t7eFs2NzwcXqiyuY1X,0.150000,2231422581329,1336386
C0,452954662,1791036152,FtjFd3XSaC4W8Jf11eGDwRgik1KBziCEKJEM92yLpump,8QvkXm4V7wSg9CTfqdM5sLu2aji3qZTV5AXwJDoZL7ec,0.084958,2804903288022,1336400
C0,452954665,1791036153,6yczaErLESjQ5qXsu3Ma534DwduogSF3CcS7JvV6pump,9p6f4N7t7eXyFk5Dr6D7iM631Z9pjZi99uuYQ7Eo58LY,0.400000,12912849402237,1336695
C0,452954670,1791036154,BxftAowY2dVa2h9KMqDTPk4oMxzU9k6uVbZuoorXpump,C9dQoRo5HQ86GwfpvuAQWMBWRvvdjnxrmW1Dd83NZnBx,0.095945,20066140609,1337145
C0,452954671,1791036155,AsQMj6DBfSqUZepHRFbUKrxzBVCVqe73JZBQbRaQpump,6bD2YsuNF2MjMdYiLHRzmHswx3BzmtRgkFhJuBF6czBs,0.386417,13304099715631,1337333
C0,452954673,1791036155,AvngNMhJoBinX6jtg161XzofWL8zrgcdchQPxTa5pump,K6Eh9fwKkrhVNq6SpRtJn7F4Myi3HUst5QP8x5BKHnR,0.989674,33857211089411,1337604
C0,452954677,1791036156,ViKiUNWGrkubQDnAxg2y7xk3codLN1MLabvqaiPpump,7iVCXQn4u6tiTEfNVqbWSEsRdEi69E9oYsSMiepuECwi,0.523706,3211902182,1338114
C0,452954680,1791036157,AhVpCp5QtqpUwti3th8L1KBtuvuf53SzjATQrQ2DNC2Q,8N4CBW2aX5jzpZuhsvzB5AXwLmfBJZEU8mYnC84KWrxF,0.850000,15835361512230,1338474
C0,452954682,1791036158,CXW5nfpHYE1qCbfieg3GWcPLz2Ev8VmQa8EZ2tScpump,FELNr58cb72kWjoqh7TvRQpyU7unLHTrqUz2nHToTXCx,1.000000,11360596998903,1338706
C0,452954684,1791036158,xJgARu2wh8m3sHm13qNe7Eyx1PNqtqq4dQD2Me9pump,35dszeQQQzkMvjcmyrPWPnN5ZyK9ZjYkNp9kKXZWMvji,0.098272,751063189276,1339007
C0,452954684,1791036158,CTPoyCwkjMvoJwU4xvZZqoD8tiYk6yDchySiN5gGpump,FtfQi1xHPBGGHoBYo94XDpgXJegops7imggLuURDT8uh,0.826266,21157935592,1339081
C0,452954689,1791036159,BCsJ85vdM8zA9Fyxi6sjPC6ArQkW9Fvqb2wRWWW6pump,7HPNt48xjVK1SSJKa42oN5oCrPiMZipJZE87ob8kCNoX,0.098765,2337043153716,1339522
C0,452954692,1791036160,HGzXPWZebpyFycP79zLJNcNsyZMppgEipjSj819upump,BuGacsFWAqk8LZk7SPcJ2iqdGdUnPyTqvwSVUU48ao5o,0.081547,2201687901060,1339897
C0,452954693,1791036161,CrhZtLUHZaKLUrHx1rcqBfD1XdWnGWTU1CiPSFPZpump,hv1Svd5VUR1ns5rAQxLZp8mCqcbhTnbc6qM3ZpRLE3Z,0.050438,1551602100999,1339921
C0,452954697,1791036162,C2AQmCRMhybHDssDDNZnGAKM8rewZEfbkf7TDEmhpump,7mHmNh6BFNWpFp5qh2VXRNzsK63zZ5ZQGQY77khANBQW,0.059399,2094174425768,1340301
C0,452954697,1791036162,J5FXiEepFcWcdyJN8C5bYko9DXjtsedWf79626c9pump,2J2rtMBRLxAbFkSLgrsuSNN8N5KMTJVaRTdnGfbZ5Vjw,1.002198,34271956398008,1340303
C0,452954704,1791036163,FkEMxk5JgXQbr98sHw3hHsNSY9Lcu13FsNW8dbrJY5Ak,1411K8uz43Mp3bv5TShPX4PsZPD7iwidruzo4gLBNnBT,0.062500,1898132932453,1340970
C0,452954707,1791036164,FBvifqSGoYLQfbuLou7dUrYZPtMobE4xsPthkKThpump,8eCr7zSNtkddDJMw8HhYdWZLUPvaGaivkuScPDjztsev,0.300729,10519152050544,1341194
C0,452954707,1791036164,5x6jq2tq25HyPpfZw3aUrp7YgaLYQJ7iF15qavGMpump,5VkBjWtL5SuGsRfeH3gywLHff3XzM5irZ1BZ3F4yRDn8,1.484267,49989176390796,1341196
C0,452954708,1791036164,9yPC5eSb68BThniMchYMv2G8zkbFBfNV8s3FGwEipump,K6Eh9fwKkrhVNq6SpRtJn7F4Myi3HUst5QP8x5BKHnR,0.989674,33857211089411,1341306
C0,452954708,1791036164,Czb8qRTgRcKudDmWSPLJUM1s4HsBgpPpq5yuiDcQpump,93D9yh3ovmBA8PTBBenJuAhbbG26yWxAZHjfjLhQk18Y,0.247480,8671591758466,1341315
C0,452954711,1791036165,CyTFVJA4ErDHYzaRf54fju3G1dPRHiM9iFyyyKBuY5Yn,2DqAtaywzksV45pPsuhUjHuwnb8N9RDAUci9C4kUYgRZ,0.053885,1668389580834,1341645
C0,452954713,1791036166,Gd28K8mXV6AsDyjpHnREdC6zetL3XVrLY2yk1urZpump,BCCwRKh4MLBKH5MpdJ1TAcjUK4hfPDSAyuyBViBBU6rf,0.395062,2835780963930,1341794
C0,452954715,1791036166,7GcmavbvCW5mFj8tNCPeN32DzRp1jPaQpiPPdifmpump,93cGkDQXbKdExtKKoEJWMrc1L9WdHTPMFTpAn6U36GKT,0.100250,3529685843060,1342105
C0,452954723,1791036169,DZRZqUL5GMRUo5D3iULUtctkoZn74xATwKGNwoe9pump,4KQGocKQW25nJ8xT9GPNW5Uqy2t7eFs2NzwcXqiyuY1X,0.150000,4602955377026,1342835
C0,452954728,1791036170,GiSZoR3uZRMwQ9zU9rx1LZfuUsDsuW3nbvohNBnrpump,5XrFPhrRfdjdhb2SBeRGvPUfjNymFuxGSnK7QJY7MCzX,0.099000,338492275036800,1343232
C0,452954735,1791036172,3rARbVrWrihoK94wE6LN38PQtZeUaDPngE9cm4Qkpump,7iVCXQn4u6tiTEfNVqbWSEsRdEi69E9oYsSMiepuECwi,0.474663,898961574677,1343856
C0,452954749,1791036175,6EahQBb7BQdtCLBp6YTmE1kwEo4M3Nry6gu7KZmYpump,9oDRVo3ZePgmha9djPxmBg1o5Uts1o59xwxmj4hKkanB,1.188000,36740071621294,1344927
C0,452954753,1791036176,ggzv9wBJju7zyyqzo1rEe3Mk1YBCxixzo39uah9pump,CSaC97b1qXMYa7aoh1CtJBsggpyvUCSHg7QAkRvBmy7c,0.100000,344681757283,1345313
C0,452954767,1791036180,2DAY4VUY26U63vbgH2fwmxgtwiZ56hePW8xmHWSu1pSu,BQ72nSv9f3PRyRKCBnHLVrerrv37CYTHm5h3s9VSGQDV,0.164216,193996993596,1346377
C0,452954769,1791036181,Tm2iqbxYjKpW8xCMe6q1xUraNMNzcG5xMztAir3pump,8NQ32SyFKD1d5kenq4oM8Da6C6J9TQSMW1uAgFRveEQr,0.088305,156590792768,1346591
C0,452954773,1791036182,3tgcJzkthVYCbAEXxF8PkRowZtcqYsB6c2bn7ryV1ZRn,3tNPvytXB9yTZLgh5RGdjrXVxHp89vGeCiwx9juqgp7q,1.721250,47788839402672,1346807
C0,452954783,1791036185,3st8R9eftjF5GnuhaeeMNGSKMFQbBxFpKg1ZrKh9tBaV,2c4Nd25BehQBNpug4E5DAVVSNmyYZxYBVUnjFMu19iMS,0.305123,918444532676,1347776
C0,452954786,1791036185,35vYccynUHcoZUzT7iUTDuJXPY36zcPKLFhA31e9yv5Y,7xvU7QJkhdT5uRSToZq9frcwkW2vStnzyo3f2zjoN8H9,0.175024,1917224540493,1347981
C0,452954790,1791036186,6ptsdBh7Ao6Eozs7WBQRB1EbLmoPfxWfEXZsiCyCKjVT,7gRgFE531zymDuzmK72zimTHz5yJ6sVyKMxEX29ok9Rj,3.037500,97545454545454,1348357
C0,452954793,1791036187,5K43SreA7tWV9QX1Hm5vmH6nAA869z9uE48Nw5L2pump,ARu4n5mFdZogZAravu7CcizaojWnS6oqka37gdLT5SZn,0.570287,2763329997192,1348547
C0,452954794,1791036188,GvTMYamdJdvrtqcw64CKfMgFN9uDDTauHFQ4LVT3ipjm,GeUnv1jmtviRbR7Gu1JnXSGkUMUgFVBHuEVQVpTaUX1W,3.100000,99366691529599,1348615
C0,452954796,1791036188,6hPWL6z3hoC4HNPNofxgkXeJPHz4C8ykdMHq9n4rh7vP,98T65wcMEjoNLDTJszBHGZEX75QRe8QaANXokv4yw3Mp,3.037500,97545454545454,1348789
C0,452954801,1791036189,DJfLqUxLSV1yeutsy5WRdQB7fTWpT9oQz3sERyBhpump,4Sgm5SNaPw9hcRpDgSyyjjDiA2qgokCM6KgA9jBFuU53,0.250000,8211863932809,1349136
C0,452954804,1791036190,DiqnrVxSXMZjNZCunsh5Yk8K1zdCHUMPA8cjqkKwpump,Finr5rgQ4B4oZxAfjpA61Cpw77ZJG73FHv9X8mqdZiL6,1.078920,10818784537534,1349452
C0,452954804,1791036190,mgzDmp2xhmAzyJVrTA91ghrnzttuJQ3iiucueWWpump,Es23PyJUS52Bm7UfWuiH78pBV5ipDnCSGAit93tkEW7e,0.122847,3667383838736,1349453
C0,452954804,1791036190,BwgxJgA2VVaoLd4HhxUeNj1cfLCvWEdcrbaphzmLpump,3SJHbVjvdpMYGthDLkDKjJox4gHA4VhoMeNReiwBHB43,0.750000,25439209132152,1349461
C0,452954805,1791036190,7Vc6LLiydCktFkmGEZwsi3hoCus281nJPBaHU546pump,HL1oF2j9C1HtAMownXKsUhXQdMgJLTSt5T4iENV55tTY,0.350000,11832448876876,1349534
C0,452954812,1791036192,GSUZDFeSVMfBpZtQLjHHfmtzyeN6LxYrTMbsneMFpump,K6Eh9fwKkrhVNq6SpRtJn7F4Myi3HUst5QP8x5BKHnR,0.977109,33440760684033,1350112
C0,452954819,1791036194,2Pjoxem35fbuuEpW4gvtUZn5Bij5AFkNuJ3N3D3vpump,DdBiZ6wdGp6g3YKwWpJj6ZzFDUQ8ChSpFGYhMyw5Vjfx,2.391817,78323741733549,1350875
C0,452954821,1791036195,6NwarBvDkXhByqVp2Qkq5i9XbtA2B3Bwe8SWGu9vpump,7JCe3GHwkEr3feHgtLXnmuJ1yB3A7coSeyynxTBgdG8k,10.352543,198560537539,1351193
C0,452954829,1791036197,EUvfkFTWvoKLVZ66YuTpLRqZJgnmYmmszmCqMe7Fpump,9LXWa7V3AE15VfBupcx5gDts2ix3Y9NzbcKZKjkkq6hV,2.000000,21750611410674,1352047
C0,452954832,1791036197,9PtK1mzAWq3NTHiRLz6Md744VKuZpbUd3sGRSW8pump,3jcgozhf3Yuv4ezVh1TP6RXmNo2hXfY2u7SoxYKoU1Aq,0.200000,7018806171954,1352341
C0,452954835,1791036198,CRKo4jCt2CGhym93RHJjNjVmacBndpusPe2JeFGApump,BwWK17cbHxwWBKZkUYvzxLcNQ1YVyaFezduWbtm2de6s,0.166983,5678119948349,1352602
C0,452954838,1791036199,P25or4yuYYdvxQP8EdcEKkW4KUoMC1q5tGSM7tFNZhk,4yFAz7dp5WwuZs3vbWKedbRiUmSFxTVGCdsLAxfEQrG3,2.962963,69506143086859,1353077
C0,452954841,1791036200,26WZzZ727ou81DMd8xLiMidXzBxpKgXhaiS2K1HApump,GtaJoYuRa9h1T4miw8zD6rdtiqo9QzjSr7jTuRMcL5vE,0.199969,7017716698402,1353472
C0,452954849,1791036202,5JWm3dkduv5Q6CThjD7YWVsaefBdBkSv185Z4J4cpump,A6Wc4YT4zBLMCPiHhcVzBcLsYhjtpyE9UcWiXaFQ4Qt5,0.425250,14814595660749,1354229
C0,452954851,1791036202,ASN6XAyWyn1psSbGKNQ7D81byp1CRTYd8Q9aA2DW9M3n,ARu4n5mFdZogZAravu7CcizaojWnS6oqka37gdLT5SZn,2.443359,19657161342474,1354522
C0,452954852,1791036203,nZbPjCn4GJcLxrdHWRnMhPt875EyHSNTzhFmD6Dpump,Em8J3gBWapfVBGVhVipwQnLrqCvnWBnLajw6XFsFECPF,7.742497,98394596034,1354580
C0,452954852,1791036203,GWGUDFY1dDxQoAMsWfg6zfhvYNF1toKPHMVT3DFBwMJq,6TYDxGmVxkBPBmEfnmLXx6jVff9LknsjRHqdTjVyZmG8,0.411889,153374804016,1354582
C0,452954852,1791036203,Ckit5s1Cpc3RdMh1HrhfW2nAy4PnkkgjXgXMeykbpump,DG7KMrxf5mDkPBYtkwVFun3TqJdq3cVGzwzoRqFkcT7Q,0.495050,94847707228,1354636
C0,452954858,1791036204,2T8NaaNPfY36ktivNkBHP16Yje6QsMoA9T65UXQHpump,dKMjeGJ4Mk9S3hxdfTThvZ7exks2xMwWqSM5NvN2CTK,1.800000,58916798886105,1355355
C0,452954858,1791036204,CUAQ9ufBanfF4wG2wr2tvkpuqwhi3DHyCn6qCXY1pump,4KQGocKQW25nJ8xT9GPNW5Uqy2t7eFs2NzwcXqiyuY1X,0.150000,2429123980753,1355376
C0,452954867,1791036206,6R1F4sNySF4NKGdhW3UhESWuYYRu4Cehk5rn3mGP375R,GAZVtqxznSV2CNJPHo7TZC7GwKRGA2n6tUcotEPqPufn,0.103189,228670751214,1356266
C0,452954872,1791036208,CoMqJ5x6DAbQirBmNiNn3S6uoRCwz1hYi3xxbgcypump,3RuokiC94CNARioWatXg9sBqpGQ7R3uByq2hz3zG1zoG,0.057926,621724479178,1356758
C0,452954874,1791036208,5Z87bWmYrDy4VxjAZDZxhj21pHuwnjB4RxSGyjNFpump,6VcgH1SLdsSBWGwyRygV7w5BGSrfiR1vdWSKDFgiAn4G,0.061804,2178786893982,1357040
C0,452954895,1791036214,DiTfpqLGMtu1EvrhvCDECkZtuLeviMX4WFB891zbpump,38sJMyKWkTRQnzKrYxuCVfvVMKeEYLEAdqR6jaeqRZGv,1.220266,37657643366239,1360026
C0,452954896,1791036214,7FGQnRdTetxxTck7tFmtaaccoF2kTZtaCuf9zGaBpump,9Y8dMukU9JPwsVugockUnw7jEwQFpjgp2pzQGy1bYSLh,1.012500,21807323112215,1360042
C0,452954901,1791036215,2kyjAwwC2jA9pVwnexVjD6N7uupfeYY8GVJk8jCspump,2nGiyzmAbum2WJpQVKfcQnTidtCadY63oNyq2tUQ1TgZ,0.203605,1208703556809,1360420
C0,452954906,1791036217,Bk99aCKucRJuq5G1CKEV4jhwjCxevKtvuuGRQktRpnPM,7iVCXQn4u6tiTEfNVqbWSEsRdEi69E9oYsSMiepuECwi,0.322073,11250416859149,1360795
C0,452954907,1791036217,2AdDvfuxmeeFskLtoPdnbFJ2miCVd17QmTxwpFyopump,7JCe3GHwkEr3feHgtLXnmuJ1yB3A7coSeyynxTBgdG8k,0.162418,2946233634297,1360899
C0,452954908,1791036217,W7dP5oURKHkQqsC7cCj8Yxb5nSX5vsqNXuPqKjMpump,Fwcn8QjugGVxXuHdvoQQvVmTJMcCPrC1TaQiSHUeqbo7,1.503046,50591814205825,1360958
C0,452954910,1791036218,FxbqgULNB9BYuP8RdHUUfKM3NN41u28j6b85i8Nspump,K6Eh9fwKkrhVNq6SpRtJn7F4Myi3HUst5QP8x5BKHnR,0.989674,33857211089411,1361144
C0,452954913,1791036219,9sfCHMLWSVy6MD6zr7pR1gD3qbT7C6K1E3dMf2ZBpump,MriyaNN8TMp6qRWjfr723PK7xgQK7yCt7Kg2v2PQu7X,0.064838,20013772602,1361372
C0,452954916,1791036220,8nnaeWCw8mUypcGAgbmSuzAT85uWx4UN12adDrMhXrGF,ALVMJ9bny8tFT7AapoVbbzrgCYzrjy8iHw6EHFaehgZZ,0.190872,23825234782,1361602
C0,452954929,1791036223,BMNRXDYk2j5qvEESoLcwmKnn6QZcdaBtbEiZqDRhGdGf,2yik7ZsLfFKAmmr9cCHhL1dTabiECnFKDeSVyTbxeETU,0.098765,5451215033415,1362728
C0,452954936,1791036225,3myS5YkpxzPqHzZqcc8EKgWdj6vWvajU6Yy7q48Apump,CsviC5iDJ1DENQWWSKNFUYKSHkTcED5qPgATHcjk75ep,2.000000,54761758287712,1363200
C0,452954939,1791036226,BzLRJmKYYvDaKW5ewyaJADiMV4eRCFV8scCEENbUpump,GGztQqQ6pCPaJQnNpXBgELr5cs3WwDakRbh1iEMzjgSJ,0.097974,108801946684,1363472
C0,452954943,1791036227,62b5VfkNsFG7R2uPZEtKDKmuMk7zCXiUN75ckRTwpump,G8gTguf7EUwqfwdRhiZ3KCBEgPURVB7LXoDzHif4p6oh,0.200000,1761611637010,1363867
C0,452954954,1791036230,72hoU5nTKZWxbrFkcLqW7WRxYaMAVPAUZQEWy78Apump,DsGJkPzFEQZuwy7JjZzPcJEyEfdC6StV7rarXG4ftRSA,0.246241,8628543703620,1364660
C0,452954956,1791036230,GcGsvQ8NJ2rcaAjFgyLVN2dgquZpbB55MSXcs7i3XKXf,FFdBLYqL9rs5fUT38ArE8GV2L3BziEgG5LJUu6sshfkF,4.050000,126235294117647,1364737
C0,452954973,1791036235,Fyjt6XXQxuQz3Yoc9qq2hfn3hatKB9vpYLNHoK5ipump,ARu4n5mFdZogZAravu7CcizaojWnS6oqka37gdLT5SZn,0.083089,2923265187292,1366121
C0,452954982,1791036238,9qUTeFNXFh35YmdtayeniRUr8o31rXYzMK3Jv5Zypump,2T56cbRrotwij7m84GgsFrCT8mo8USLXLeDbsWm1YqGB,0.085817,1651466508627,1366873
C0,452954988,1791036239,4kse6TSLn124ciak1g2Ct4VovwR2CxnE9xspzf9TSxoL,4BfWVLy15vLYfCbZ3MJk1vSkVBZaKZZPUKWLgwMqZpZh,0.990000,33830076063888,1367253
C0,452954999,1791036242,2BLW5fRmC8XMnpQVjmUJJtQaDqFox2BNj5zesR1Gpump,K6Eh9fwKkrhVNq6SpRtJn7F4Myi3HUst5QP8x5BKHnR,0.989674,33857211089411,1368020
C0,452954999,1791036242,3GVntiigVVNEsQy7L1f8Yw8kzC1ef8oYtoDi5UE4pump,4xDsmeTWPNjgSVSS1VTfzFq3iHZhp77ffPkAmkZkdu71,0.245945,1291455892116,1368030
C0,452954999,1791036242,CqiwNniAsyjKHcX3dgEkjpYYiPt7u4G54syoUU8Km4z4,Em8J3gBWapfVBGVhVipwQnLrqCvnWBnLajw6XFsFECPF,0.165539,1078497116071,1368046
C0,452955006,1791036244,9t2JTfTUHZqbVYDQE64TzD3hX1tLei4VrvpRWXbYpump,HTgVVGboxX2Dsn6b6bXAXgqGT1SkxSgENuRQF5FrCiAD,0.940000,24915868733883,1368446
C0,452955011,1791036245,GgzPugrpK6A2LmQtq4vD3oLRJ8FFxvYdexxTbHvdpump,Be7o4CUYatUpXwyrSSZXgpv6YroiWCkeuGNCufCWrAUA,0.098765,518641944643,1368819
C0,452955016,1791036246,AYRTq6bfnNzWMY5ACWTRUtMCwV8PAhux3wm84q5mpump,Finr5rgQ4B4oZxAfjpA61Cpw77ZJG73FHv9X8mqdZiL6,1.065600,8072485900329,1369114
C0,452955019,1791036247,9AvytnUKsLxPxFHFqS6VLxaxt5p6BhYNr53SD2Chpump,7JCe3GHwkEr3feHgtLXnmuJ1yB3A7coSeyynxTBgdG8k,0.112328,5305395342,1369354
C0,452955021,1791036248,HJUSncdSvHsrp1JwdtL14YYw9Ugou8kqJMKrw6FNpump,5Loj1k2uftjeyDyEJ45MQxCtTZ3osJXnbAV7sckgxDdk,0.070000,2467071716458,1369544
C0,452955022,1791036248,3b76Eih6tSWEV3sdv8Jvt9q36ETWwLu7gbGPxqYJpump,DsGJkPzFEQZuwy7JjZzPcJEyEfdC6StV7rarXG4ftRSA,0.455625,12474797112477,1369675
C0,452955023,1791036248,5kyyAjuvEpr81DHfMBS7qgEcAa9ucLUL1SQHU3k8pump,G9shJvEtU79S7pJmZ6WKyekUaCM95ARYt476N4gepYmm,1.000000,34199203154141,1369703
C0,452955024,1791036249,27yDSbcp2RVTnXVX11ST6a2BmUNcsR3nxBwpXXnEpump,G8gTguf7EUwqfwdRhiZ3KCBEgPURVB7LXoDzHif4p6oh,0.200000,1350025304590,1369810
C0,452955026,1791036249,3kmygWKZBkCYrgZHKfiuB9UFKTcDLTFFsKo3BWpmpump,4B8srvotmWddTZuMt4RrBQrnx1sQj2Z7FaXgLbWvpVdd,0.506033,129156030767,1370019
C0,452955030,1791036250,HXxJdaQbrYRvwTAM8M8mUPyoRPvmyuUbPFBRkiAAMASS,Fgej4SPuW282TdrQRfizRHAeRasNqCtAWZizL3jDqMdS,0.130085,67144183444,1370250
C0,452955032,1791036251,BnAiH6Qu9cdL7gRvue8qbbE92CQRSqKox8UAtpispump,ARu4n5mFdZogZAravu7CcizaojWnS6oqka37gdLT5SZn,1.647466,22213144957718,1370404
C0,452955032,1791036251,DedYLXwekN5LCdeHRNxeWhkpjCD2XWGpP16crvZSpump,sssssDdMNAWKingjpEojkTNdVuZrBe7FsJLaGtexe7d,0.842201,13382938587825,1370414
C0,452955033,1791036251,2Q4LosAB77SF3RxgJ4bVNxFRko6pXCiAShRnwidLpump,K6Eh9fwKkrhVNq6SpRtJn7F4Myi3HUst5QP8x5BKHnR,0.494919,17202752950970,1370519
C0,452955034,1791036251,BUY3Vc2SiTtKC1KFNGrrGjvxCmoniLoDbd2MNpJupump,Dj216RQsRoKCKxPtV4Xr1pPwZgqP6adkAfLxafAhBRAS,0.130000,9789370232460,1370607
C0,452955034,1791036251,57G9yjBJY3YsXAMVjVGhcUxdfSVqHKe4dj6RHYTnpump,Fwcn8QjugGVxXuHdvoQQvVmTJMcCPrC1TaQiSHUeqbo7,1.503046,50591814205825,1370613
C0,452955054,1791036257,GNLYVz4UUQT9He8CXLuKjVBy9e6q4aK5mMHQwrUWd17T,8y5xhxgBeYNh453AB2kWH4PV5kmBJTy4A1mjXmq9Th7W,0.100000,3520918711316,1372422
C0,452955054,1791036257,2R1gT16q7sxJq7xZ76ZwjgtCnga6KfyA8Z14R8oupump,2FfEBBV6hmtXc7bQyXk3hjQwsQaUMcKTEC1DWQqvdwzu,0.247480,8671591758466,1372433
C0,452955061,1791036259,GTBxUiw6wJdmmkCGZgRHLyYxqu1vG4KtRpeox6yDpump,DtvmxrTACskMG2W8a6KXgSemUfvyNVeQTgfpJoGvMVKx,2.855304,118629926598,1373021
C0,452955072,1791036262,BRZ5aeJCDuruA42V1CntqKvofa2G7DS3yyxx1pZEpump,3byvsa7YHf9iqN37iguJN4jWZMtpvBL1SL9XCJvGuVwT,0.250366,85430251214,1373938
C0,452955076,1791036263,G1yqV4oD7SPgniejweUX4dATrCswMvgQzPe7XG4opump,61NP6BpRMtaFDT32y4zoLcMPn4HJqZ8GHaXxw5fujVb7,0.246028,2287156232383,1374215
C0,452955080,1791036264,7UEJHP8cYfQs3ZY3miHj1GDJ2tTPhVnxxq42cbsopump,Dd1M6RXpxo3AEUfn4xpWfAWh437phDHn6CHhEtkQRhFh,0.083559,259220130,1374685
C0,452955080,1791036264,F26YEWSxqSwYMZ9YPpti1GQLQASL2VE9reBprNkcpump,Dd1M6RXpxo3AEUfn4xpWfAWh437phDHn6CHhEtkQRhFh,0.083559,729517459,1374688
C0,452955081,1791036264,EdYKmD6gwazdMQBeadHpSuSeTpjtnbxkpfXCax3Lpump,4h8dr6oUEtx8LVVLRGKKPxaCbuSa1dMaU8BjQtdY8acj,0.545343,6216481056393,1374909
C0,452955084,1791036265,GhSXsBXMurSXwyEJBS66fXSw591BEMPkUg6Zdb7iSNNS,BXB7FF4m5x74ZoUvVHfPJnVBbqWHpMEU1WNUZAL9W8PL,1.000000,34199203120618,1375082
C0,452955093,1791036268,oj7csbypyUbg2XxdXhoYKcmoRqExRKtp6JfjrC4pump,Dd1M6RXpxo3AEUfn4xpWfAWh437phDHn6CHhEtkQRhFh,0.083361,1481040172,1375919
C0,452955094,1791036268,2BcRevrDhP4MgCw2KyqByFZ4S7mpsi1vY8ZypXwepump,3v6TzcgKfuUktdotbpihLEwQXif3AKiXS9KtFDfF1DNg,0.081196,106445552240,1376013
C0,452955096,1791036268,AXC2XcQiVx6UfCgLHjpRBU4nupF4WdsptydKQCvxsRuU,9PQNbkKHFCwcZVB8h48SRPEmKZgKUz28dyCMJfMedSJ7,0.081811,27320053985,1376114
C0,452955098,1791036269,ByhVmj9nmhMQkyg2H5ajvL6YRpESSSEcCPEKC9gwJQjX,4yFAz7dp5WwuZs3vbWKedbRiUmSFxTVGCdsLAxfEQrG3,1.239365,29403497828478,1376259
C0,452955111,1791036273,42HsffEQoHqWoeiffksYayC75fQDxaoUdMBzmeXdpump,ARu4n5mFdZogZAravu7CcizaojWnS6oqka37gdLT5SZn,0.411362,111150985370,1377352
C0,452955124,1791036276,8LijnJ5ReyjVpNhwqMPxuAPpKBQkmCmibXDV5th7seVU,2qWPi9iK7jp7UzZ5S3yZDof9rzsKVzr9MPXtaFxD3JFs,0.293478,532957658058,1378327
C0,452955127,1791036277,4ySzDtaMMfFiy6WbBZJ345QUMTZA93TArRYS5XKvpump,25bLNepKnM2ZupGgEy5aG25U57JV2XHmMgMAsHnUozxW,1.284585,2422603335626,1378553
C0,452955132,1791036278,78tA6MgEhLtnjv8kntzhMxwwExPx4HNM8H4bU3i6pump,CM8eJsqqgYyXiZXk1cwX9k5CgAm84Ut9ucHsCTtvqo8H,0.211510,7419957382366,1378907
C0,452955134,1791036278,AhxpwQNtCuQi6HQVvbY6DYJW2eMrBSaGyWqKQe5rpump,BSP67kBerukLLCxZE4gft3sMQ8ho2sNZuaS4ysrA1dM,0.480189,16698740184129,1379022
C0,452955135,1791036279,BJcv2RYXeEtM8QjtFyEoWZMDYBKDjZUWh8nVxqsxo6Wp,BXB7FF4m5x74ZoUvVHfPJnVBbqWHpMEU1WNUZAL9W8PL,1.000000,34199203120618,1379119
C0,452955138,1791036279,AfH5E9KNJLhcM1zC15me1K4pWTsHuDE5srjHG7Bpump,7JCe3GHwkEr3feHgtLXnmuJ1yB3A7coSeyynxTBgdG8k,0.158461,5036911689020,1379380
C0,452955141,1791036280,GJKNGiJexoXYcKeFaNbaJzsT3FRCLe4JqMkb2dggpump,A6Wc4YT4zBLMCPiHhcVzBcLsYhjtpyE9UcWiXaFQ4Qt5,0.425250,14814595660749,1379612
C0,452955150,1791036283,pdXfXZJgFnwNivUFyAKCw1DjH2X8eiJsdzM8QLcpump,EYvwg12vXcUN7pF1fASQZZgQ9RbVUMLjKqqCfi961ptw,0.457574,1397064562950,1380404
C0,452955155,1791036284,CgZiVPJqphG1DRvwnoNAQ2MMYnophLe2gW7JDc5zpump,K6Eh9fwKkrhVNq6SpRtJn7F4Myi3HUst5QP8x5BKHnR,0.989674,33857211089411,1380710
C0,452955156,1791036284,EKHskEcJg1ibBCw3rifkq8ag3QaTzhRtLRT75VH1pump,3jcgozhf3Yuv4ezVh1TP6RXmNo2hXfY2u7SoxYKoU1Aq,0.150000,5272727232064,1380781
C0,452955159,1791036285,rC8hBzXgsVWZJqeHD4QxujeHBp24qJbm32AkVB2pump,E83AvoFVWPbVx6m5TvCQytifvBts7p1YF6f4bbNVoydU,0.099701,107357179,1381148
C0,452955166,1791036287,3NGW414d3hh36tbwbgWeipV2K7VEqnqjvDxj69KKpump,Finr5rgQ4B4oZxAfjpA61Cpw77ZJG73FHv9X8mqdZiL6,0.372960,10107417654368,1381653
C0,452955168,1791036288,B3B7timRC8XT79badxg2TPKSJaHUryUrE66ZwsgGwEtq,EFvqgbL9s2MKQaoqtrj6wMvS9rs6k41gYZfXRnaTsSRQ,1.800000,33584074919056,1381749
C0,452955200,1791036296,aQwu7ZayLPJQrBRHoKhiw8a7BSDKBaf1bQY7ib9pump,7XPewWkNBwMnM2HuHsqqEAo4theC8Abr8NL9mVg4Zy4k,0.059399,2094174425768,1384380
C0,452955212,1791036299,BLuYHEHSaW1p9rCFmMQvcTAsufiWktGEVVgbSrcqxmTV,DL11CHBXbMMAfB3WEc1MaXqNBbVnWjuPVCzUjEwsPLv4,2.400000,78323471493532,1385273
C0,452955213,1791036300,EkFRff9a2jKztJHML1LG9FRmEkPJDR6XAYp3uCPdpump,5L5F6gsesFdaEgYUTTDDd9QQNNG3TC6zoXbnLBsgorbW,0.138340,92415396830,1385317
C0,452955213,1791036300,AsKSXP3pH1eZq8RXEcWBvVejMvZXF2BW2NEqYDQPpump,GTW4HfwbJfmjG1xCRQGeJixRJLbEtu7e54uE3b2ATfXT,0.100000,724266444192,1385356
C0,452955214,1791036300,4XFMbqvHFXy3QGPPk4usP7x8nWo8TWoac5RSsw8Zpump,K6Eh9fwKkrhVNq6SpRtJn7F4Myi3HUst5QP8x5BKHnR,0.494919,17202752950970,1385388
C0,452955216,1791036300,Gf8y2bdg2mQZEnHgiCNGSiNMPnbFceWUYAn3HY5Rpump,26b966MheUKjyRTes8vLbpH1qV6pVY7cNzAiyZuyrB9W,0.193773,7068458388427,1385551
C0,452955219,1791036301,7ta67a7KAzPYZzYf2aYc9ZfAyGt6y9SJn9ZTcZqXpump,3yKhptqdvwbuf2rxQ46qunhQpz1WzW941EUWFpsbRkFn,0.067714,2386700116631,1385726
C0,452955227,1791036303,8ZKfL2pFdokGnZfSWv2QcNkrHBwmSaUw5LheH3Srpump,4KQGocKQW25nJ8xT9GPNW5Uqy2t7eFs2NzwcXqiyuY1X,0.150000,850234354652,1386419
C0,452955229,1791036304,6Mr8hdNuFRUiARfmvgruVzEJamYdSbMJCxRW1NBnpump,7HPNt48xjVK1SSJKa42oN5oCrPiMZipJZE87ob8kCNoX,0.108146,896701080399,1386525
C0,452955239,1791036307,5EF9ivgb7sq75Q5QbYqQ8XK6zebnQq2qJ36rmYAYpump,BXB7FF4m5x74ZoUvVHfPJnVBbqWHpMEU1WNUZAL9W8PL,1.000000,28408743562922,1387389
C0,452955246,1791036309,6q5xqUURsr8oBYaFgVNS4inMiwZ2AvaNzf8kzunnpump,DdBiZ6wdGp6g3YKwWpJj6ZzFDUQ8ChSpFGYhMyw5Vjfx,0.098997,3485709524202,1387994
C0,452955247,1791036309,26WaBuY9aTxDdTq9LNqGeyQ4WxYqcHofwYwov6hUpump,GtaJoYuRa9h1T4miw8zD6rdtiqo9QzjSr7jTuRMcL5vE,0.199969,7017716698402,1388047
C0,452955250,1791036310,8PMuTiXujrScko9Jzj3UrwuazGytaZCMhxVWVGc6pump,5ZnupsyFJPysX6ZioW88ppSF3moyiX54MMt1LDhEy7b3,0.840000,25789812423557,1388265
C0,452955253,1791036310,BNHzaT9zLFQ1m7ktu44vgJj3Ytop5acoXd5R1Djx8GbG,98T65wcMEjoNLDTJszBHGZEX75QRe8QaANXokv4yw3Mp,3.037500,97545454545454,1388556
C0,452955256,1791036311,EE6yG9vdjWSrQqjJbeh5hS8xqMcvZsbUFZLysEt1pump,3xtyS7oYkE8wQ3uZN4uMf3jdhBj5SKnM4HM6kZr7M6uc,0.501182,17416939003079,1388725
C0,452955258,1791036312,8mo4S2HmdYPsPvJTkZC1HwS6TASAqDgvtDKX6JKPpump,6BdC3J78u9Lf63e4WGeXvgoyxhfpDFR4fEcAA2de7wUF,0.062571,2061887087976,1388929
C0,452955264,1791036313,Cc2RA2tFodXPTd6UE8oXr4Lxf1d8t8j7xV42NWhzpump,HL1oF2j9C1HtAMownXKsUhXQdMgJLTSt5T4iENV55tTY,0.550000,18715079592532,1389462
C0,452955275,1791036316,3DQFtgMhDx8gxXEhPLLHWcqDV41UH14WUVPstRgapump,DsGJkPzFEQZuwy7JjZzPcJEyEfdC6StV7rarXG4ftRSA,0.202500,6990517565491,1390329
C0,452955276,1791036317,5irMe47bj8GRjARWr34aCKPV6WA5iUkDJbefJKUWpump,hv1Svd5VUR1ns5rAQxLZp8mCqcbhTnbc6qM3ZpRLE3Z,0.067870,1723176723759,1390453
C0,452955278,1791036317,BnbR9mYwhNYJmvKAqHMAYshRTMUq7HAYtjUTtQ83pump,5Loj1k2uftjeyDyEJ45MQxCtTZ3osJXnbAV7sckgxDdk,0.070000,2467071716458,1390545
C0,452955285,1791036319,8UFTUH7j2iujEw91FjfaQSLEyqwMzjrJJLSfnM3Mq5aN,6FQqYKDjTCXFhsGbMLgDqNXgeR9ALpxemyBrcvJ6TZuV,0.208662,1457116254335,1391194
C0,452955289,1791036320,6vodoHe848fKW8CCpc97pSyTEfeghnB9Vc1Ldd4Gpump,5nsDhZRGdxtWFDdBbexvYUEh59EeFKpsRCH75mRkywjn,0.611644,20370007969650,1391417
C0,452955296,1791036322,6HqHSAg52AUt4WBwBUcqtsGda9UEf6HgfmM6Gecmpump,2pcL7kT6wK1Qh8Kp3HAkaDDQzhu4PHrnWmspqs1oqXmb,0.506250,16284032209056,1391912
C0,452955299,1791036323,FGxJrEyT2WTEeckbrq9Z79vUikhD7MkN5z49rZo7pump,BwWK17cbHxwWBKZkUYvzxLcNQ1YVyaFezduWbtm2de6s,0.946331,25395687567319,1392197
C0,452955301,1791036323,6hKtz8FV7cAQMrbjcBZeTQAcrYep3WCM83164JpJpump,3AoQmpHaVTV3tcZqWAFrYgtCPqkMkdgxib9MjtvDRsom,0.178457,93404804902,1392443
C0,452955302,1791036323,HKZDfZnkHZxd9agRDNPyDv4iT6LmAurJnpRtj9wpump,CdeT4gc7dT5JVpVszWioFbugqS2E5SbmbZHDWiRjyvam,0.668078,20680695082,1392458
C0,452955302,1791036323,BAckSB1yXLhwoHALbwmpkTf2sFgJhg9VBVtogLrXpump,5VkBjWtL5SuGsRfeH3gywLHff3XzM5irZ1BZ3F4yRDn8,1.484267,49989176390796,1392523
C0,452955305,1791036324,Ai66LHZG9MCzg1WKdawwqduVAXpNDUuV8M3uyq5ppump,DG7KMrxf5mDkPBYtkwVFun3TqJdq3cVGzwzoRqFkcT7Q,0.498504,831342168,1392663
C0,452955307,1791036325,CDs6vKWNJUjoitxNLBK7Ho31XVmJQm1PwZdeinR6pump,6VcgH1SLdsSBWGwyRygV7w5BGSrfiR1vdWSKDFgiAn4G,0.060917,2147607145622,1392898
C0,452955315,1791036327,6GnMyyx2Hc12W6WpcycB8pJXs8zi1oNv15v8d6umzMWc,7bSm6eFZ9qSjJHq7BvuGN99QPSLYfpUQkBq2ha3SRABi,0.163854,4254747348016,1393450
C0,452955326,1791036330,7SMiQM5noweMEtRSgjWzQGwQG7o63YeWXxS8v368ELh6,9pGKXswoebEHVhiQeruujRS1TvU9upkL14JyVndaQ7UF,0.198000,4785632319086,1394373
C0,452955328,1791036330,FbTr2pKojut34N6WnoER7xpUWuGKzrHkFskmrabSbyhi,NUTN33YPQNsm68jwafcAsBps5aeGTCH16yWZnyRRtM8,0.166114,2388757185404,1394469
C0,452955336,1791036332,66SVWEYtabTHacDypYgA1FpyFGtBJbxiDZkRf5bipsWo,DfG6UhpaE4kXTi6qFWp6n2FLV1djoZQ5YyD7gqbVPscU,2.328750,76405572755417,1395034
C0,452955336,1791036332,FGVQvsQktc1GyZAYRjknwQmo8pN5SvvaY59WucWEpump,7mEET6gCWYW7iacK7FV6FQBdpRWQLseczDvChAtWDAn2,0.811691,470237656212,1395098
C0,452955350,1791036336,LcLF2fa1YxYeZMNUFviBetWpBHUbqk9qpGwK17z7fyt,BXB7FF4m5x74ZoUvVHfPJnVBbqWHpMEU1WNUZAL9W8PL,1.000000,34199203120618,1396074
C0,452955356,1791036337,66uaSei4QNAWPbEJBZMnhfYEctSgCAJwH8FrSsqGpump,NULLioEUhd89Jo5Acm9sX88bwjNjrsAVy6KWkXD7qZh,0.200000,4641579666587,1396574
C0,452955366,1791036340,8oxFYVysuMJLBJmaMoeyKgYhKQEjhHEzMQMJoZ4dpump,4Sgm5SNaPw9hcRpDgSyyjjDiA2qgokCM6KgA9jBFuU53,0.250000,8211863932809,1397295
C0,452955367,1791036340,7hbRB2XwmEsYrymYbREaqTmJHsXvkCin2ewE375qpump,Erc7ACePxz8rqazfVn7M82oeuT65Kyj8t7irj55LbtMD,0.779045,7950200420048,1397390
C0,452955370,1791036341,9Xax6YJkh3MqE1BTtJ99K16xMFbeJ45mEeBZYG9Lpump,GAZVtqxznSV2CNJPHo7TZC7GwKRGA2n6tUcotEPqPufn,0.100000,1895289860230,1397658
C0,452955380,1791036343,8jsTGAusDnVj8Zm3ff2ZmhpSqX3pSZYghxP246Jepump,CM8eJsqqgYyXiZXk1cwX9k5CgAm84Ut9ucHsCTtvqo8H,0.253785,8890690072411,1398425
C0,452955383,1791036344,26WbAsNjf6QwJnKGb4em9AfAuumDY1qLykx8WeBipump,GtaJoYuRa9h1T4miw8zD6rdtiqo9QzjSr7jTuRMcL5vE,0.199969,7017716698402,1398659
C0,452955385,1791036345,7FKSp63yVaR1yApgfMEH81dRN5XBuLhjHmyMetcUpump,DdBiZ6wdGp6g3YKwWpJj6ZzFDUQ8ChSpFGYhMyw5Vjfx,0.098997,3485709524202,1398846
C0,452955406,1791036350,H1qPju6JxArxzabX95ZnNdRS8f81pSckSDz8BRH3QMKL,GeUnv1jmtviRbR7Gu1JnXSGkUMUgFVBHuEVQVpTaUX1W,3.100000,99366691529599,1400391
C0,452955423,1791036355,DLgnRAbJXpEdL4zDd8ptwwuxZKyhwBPiCXCRcJ7ResUi,k7DVoHkWGGiRrcqmAgkqo1NnJfj6PiFTffCZRuZ41L7,0.220000,7715639753410,1401746
C0,452955428,1791036356,HhuMtB2zNSVa5vRKmGxcEh9ajdUKnDfjNhtsQtrTh59n,8RB5cwrwHrxotxFURLWKH21MjkzeA93vGtLfqBbgKEiG,1.265625,42919999999999,1402144
C0,452955430,1791036356,G6VdPTRjWqFmuxeWPDiSjxihpvUaJjWnuC7HuANEpump,3SJHbVjvdpMYGthDLkDKjJox4gHA4VhoMeNReiwBHB43,0.750000,25784428041336,1402358
C0,452955434,1791036358,5aUT3d655cZ9xUZ7oKm7S7StQuLaS4ebGxWXtEQpump,3NsTAKARF3HqgFj6JnnPU8iymmXfCfNcKrN9Z9rUJxak,0.208842,3264222328312,1402664
C0,452955442,1791036360,EUwAmk1BAyuXNwswgKYrKSLyL3fJVKVJiJM8isw4JnTR,HFqqybUhYGYjtv1TCvSkasjdVhfRUHCYgYdN2s25mfL9,0.414763,3359075384004,1403409
C0,452955443,1791036360,EscbxDPmuRdGGvS1Ad579JewsRtZ7NCq9ED4YfAupump,Em8J3gBWapfVBGVhVipwQnLrqCvnWBnLajw6XFsFECPF,0.834360,44339633769490,1403465
C0,452955448,1791036362,HEaer3jKULCYb2VNXwPUqF57BJ759qT3aQTFEW7Upump,AMDEmVocLtN5ji2gBY7BrmSHEyM5vt6TGszBbg4crMXg,0.708750,23313742555367,1403855
C0,452955450,1791036362,7mwYy8Bm5dSrFbP1fcxSicAjjuCekZjX4F5Nap7qpump,3jcgozhf3Yuv4ezVh1TP6RXmNo2hXfY2u7SoxYKoU1Aq,0.200000,7018806171954,1404046
C0,452955461,1791036365,4BnHxKbxghbGLWpnraKrGVGTSd79k3pFW5y74nHxpump,K6Eh9fwKkrhVNq6SpRtJn7F4Myi3HUst5QP8x5BKHnR,0.989674,33857211089411,1404857
C0,452955465,1791036366,979aNcrtx5R4sQaHZVbxNLXuMBx2xru3QYT6eqfbpump,GTW4HfwbJfmjG1xCRQGeJixRJLbEtu7e54uE3b2ATfXT,0.100000,874210253580,1405089
C0,452955475,1791036369,CyNRez3G8pVXitf43cjBEH3Jy5P2TvaG2mLsn1prpump,A6Wc4YT4zBLMCPiHhcVzBcLsYhjtpyE9UcWiXaFQ4Qt5,0.425250,14814595660749,1406013
C0,452955479,1791036370,6VvT1ZUrRWK2r9fwHSx5AGD55WsUZe1aBwmed79Rpump,44vKdDd6HNYh2ZnttWnd1R98UMhA2Q8U7nY5SuAqaHgr,0.121677,6732125904705,1406371
C0,452955480,1791036370,HCAGisBxZWzYySLs3pFj3J95eB2FEDJht2WZgQJgpump,6VcgH1SLdsSBWGwyRygV7w5BGSrfiR1vdWSKDFgiAn4G,0.060910,2147332416070,1406422
C0,452955482,1791036370,7ZJfrR3jHJ3JLt6JA5qaW3hkaoHkbjzM3hob1dqupump,FdSShBiR1nBtxQzhwNMszyRdcvMVLiAeVraJLvERERZL,1.000000,32026910898872,1406576
C0,452955482,1791036370,46dXRuXfjW3viv6wUPNzqdpbpRy92fP365Hjv5yapump,2mqrindMAjJEQPLhroYWyiYPo5h9iAsahfdd4QtsjwdY,3.038329,81891624684126,1406590
C0,452955483,1791036371,6UNTmLDqibxT9REtBRYoVmEXuoProqBykzJhCXVapump,2DqAtaywzksV45pPsuhUjHuwnb8N9RDAUci9C4kUYgRZ,0.058349,1424831116327,1406669
C0,452955489,1791036372,71BeTwVveCkmaYQtTMCGGv4qmvPJV4J7Vvkcuyszpump,DJQwtiowTJmAvAu4vhCaFgPiS3nnKD5r5agZgBQEdHK2,3.000000,96449438144093,1407313
C0,452955492,1791036373,6tvUg9RWrYG37Tb7fVtMmHjRGRiXiGCk5svDdJUkSgBR,8rpnuCgDPWzUaQxJKrxBP4PN199pbs4dip3BEU6mHPCP,0.098765,785487528152,1407725
C0,452955495,1791036374,311US3unr4s677XTpQLgeqPmBfqXfwr3Lmw182UNRvsu,bwamJzztZsepfkteWRChggmXuiiCQvpLqPietdNfSXa,5.000000,151660777334045,1408067
C0,452955498,1791036375,9X8W1uHFneQ112eojdqLnBTP3MUxyChMSDYpTWNcpump,haqqiUUXB5gp7gDbSjpEkw3phAjQb25r86uXJsZQgWq,1.000000,11189578683565,1408381
C0,452955503,1791036376,dTzEP9JU2NRDPuWtM32gaVKip2fTHBqjheU1APBpump,ARu4n5mFdZogZAravu7CcizaojWnS6oqka37gdLT5SZn,0.137989,10436640645,1408917
C0,452955513,1791036379,BCdwQBAn8dYB5YjTsoB6TdHAWokxv28k2oZUodERpump,DFvCdwyT2iR4ttWyJPMAyqQ2JcLLNsS7qsFmJAbmp1y9,0.166528,1605372154,1409964
C0,452955536,1791036385,26WbCohvdHDRcQFSmY9f5ABb9kqH2yowpW6KsXEipump,GtaJoYuRa9h1T4miw8zD6rdtiqo9QzjSr7jTuRMcL5vE,0.199969,7017716698402,1412529
C0,452955541,1791036386,FESndbiwyTH1i1itf3FxV9HCKFNy5U9RnFp8ER8nwPgC,3XZefEdBXzPmENBTVjoBJaYWVaXMvUF4THKdN5ox5kz8,0.090285,462470478110,1412906
C0,452955544,1791036387,5U2Jb7hgJzGvnFA7UueWbxotHhdrB2AXuSsireWtpump,5h9KeUnp8PRiZf7im85vEd59VDwJQTESWtnCRKNuwWse,0.098814,185618958493,1413304
C0,452955545,1791036388,5tUMGSqCDABg1g775Z9uCjk8sT2qLssN69tJKJAfMdkg,8RB5cwrwHrxotxFURLWKH21MjkzeA93vGtLfqBbgKEiG,1.265625,42919999999999,1413386
C0,452955549,1791036389,3AXiz7uWrTkannAsmx9ey2HH63k28UdxYe68gxj3pump,DoaXqAUxKzQdDbrHxZ9QweyMawqvG4WxnxB3kaAayWi,0.202500,2789612087528,1413747
C0,452955550,1791036389,2JQfKhBPmJFFgXPSgry7qYnedAwdDpaBmGxfujaBxvRC,k7DVoHkWGGiRrcqmAgkqo1NnJfj6PiFTffCZRuZ41L7,0.220000,7715639753410,1413881
C0,452955551,1791036389,7oMNtz8kKYNwvewiGvp4U5BXU3Yhr7QRh5QeM95cpump,CM8eJsqqgYyXiZXk1cwX9k5CgAm84Ut9ucHsCTtvqo8H,0.169190,5943562016186,1413972
C0,452955552,1791036389,9sNxkLjAZEXQe7Ausgwdofnq18fExqGaFkxa9roypump,7mHmNh6BFNWpFp5qh2VXRNzsK63zZ5ZQGQY77khANBQW,0.098997,3485709524202,1414185
C0,452955560,1791036392,7gKKy2p1SaMkRFPX7caF96YpfuMMpDj82ZpjaffuvaU5,ARu4n5mFdZogZAravu7CcizaojWnS6oqka37gdLT5SZn,0.821104,971098402222,1414890
C0,452955567,1791036393,9cRCn9rGT8V2imeM2BaKs13yhMEais3ruM3rPvTGpump,9EwQoN74Hzw747EM7wB3WtvgAdRGH1czaPtbqZj1qDj4,23.051473,21438367043,1415652
C0,452955580,1791036397,oR5naG8NAmKZ4afu5HzNpHFhA6mT6DaJaAPLf3Xpump,BPUhUcAtPp4bA2dAEJTJrzhbficSAch6Zc6tHWdXkrTc,0.450000,15164583091018,1416964
C0,452955581,1791036397,ESSfPBmWBKm4738JzyusAdvpY4yijkNut5qgaiKGpump,F7p3dFrjRTbtRp8FRF6qHLomXbKRBzpvBLjtQcfcgmNe,0.072205,808814649633,1417101
C0,452955583,1791036398,H7U7GqMqNb4rqbUqeaqXr7Bab2Wr3uU6opgsTFD4pump,3xtyS7oYkE8wQ3uZN4uMf3jdhBj5SKnM4HM6kZr7M6uc,0.501182,17416939003079,1417323
C0,452955605,1791036404,AUabb5D4yTD2DbsrSPQWLBju2r2ZXsGWtWJQ3zw9WQRa,VJSDW6S74YXR4rRR9P4xwhMvLZJQMhrUb8XMFirUsy1,1.901269,32541344562604,1419248
C0,452955606,1791036404,GWDAwqnTrrcLnxf49Mc1DHB7oEY7gQw2tbiRrqqee4N1,2dbohozjjVR1svvRbrPJZVPpyCCGytjNga9x7SnxC2MW,0.493827,3478382164394,1419274
C0,452955617,1791036407,6Sf8vj1Ah1qAengWyaYEwfgtcuhV3drEhrF6h8KTmszX,8Jkx8w2dDwwSdju4frFRCvHrMax2ZV2DvKYRZC6jAHEK,0.894500,13461492158746,1420199
C0,452955620,1791036408,8AzQXo7yZ8Ge2rVszcMH7LACqVWkesbsnd7jpiB8pump,CM8eJsqqgYyXiZXk1cwX9k5CgAm84Ut9ucHsCTtvqo8H,0.338367,11821177262470,1420377
C0,452955621,1791036408,Durqg4nWnk2BLKyM3hv818caW6h4yt4UpqanDP4zaEh6,k7DVoHkWGGiRrcqmAgkqo1NnJfj6PiFTffCZRuZ41L7,0.220000,7715639753410,1420565
C0,452955625,1791036409,EhF9DqCt6WzWq1rHLPWCnz6wCfxkDXG6Uxc7A7NXJtCd,GeUnv1jmtviRbR7Gu1JnXSGkUMUgFVBHuEVQVpTaUX1W,3.100000,99366691529599,1420825
C0,452955628,1791036410,2o1vfBqdoCbVfdaVAKuCqmPKRrVRTR3hJ1QQryQjvjNV,BbVBtJ8FWGD95X4KcX8Ta9vzvCY1d3BVBmMLXJb3Lkyi,1.481481,7976913837454,1421084
C0,452955639,1791036413,AFCD5YghQwAvk1qbw9x5tvwmQ8KAef7B1YUuvUpdd5vW,2pRnA6TexAbytiS1dua1xWu9qWeXjbx5R61ap8FqoCf3,0.201552,39391398205,1421842
C0,452955640,1791036413,E3i7sTY5QYEBh3itepnomZQt7Eh5kzmHFk1vkm2pump,7iVCXQn4u6tiTEfNVqbWSEsRdEi69E9oYsSMiepuECwi,2.504745,1107941558380,1422071
C0,452955642,1791036413,CfNuqPS2kARNCd6bpM1AojMP32xnNp93DPNHip8Cqa1b,7QBQLNXfCHNhuCsvzBWH3kMMh6NAiKyZSfb1NYjfVXNi,2.506014,81778286957919,1422267
C0,452955644,1791036414,N4NaW6Gew4vYEHS5vWcpVABCxLEU6efS3XHLz8Zpump,K6Eh9fwKkrhVNq6SpRtJn7F4Myi3HUst5QP8x5BKHnR,0.494919,17202752950970,1422390
C0,452955653,1791036416,HxS6z2Vrj9jSJhnEkhZL1Rmt3AedhCgpMqTSY18Ypump,Fc9UQeHdMhKeRYKG6jxYe3FZmY9gKXh39BnLv9k23a1X,0.101250,3564784053155,1423205
C0,452955653,1791036416,9oqzNEygdCBKb164rQdRTFajzVEYxUKuLddtXfrWQXbG,BbVBtJ8FWGD95X4KcX8Ta9vzvCY1d3BVBmMLXJb3Lkyi,1.110000,18496064743249,1423214
C0,452955654,1791036416,5teoVWVdrtmUh2V6dCT3UgVcidcx5XWJv6DhJiBLLCnw,DbG7RyLFBWXpEWgfKUA8qByvBZEZ3chqGh9TLkpjpF3b,1.822500,60735849056603,1423276
C0,452955656,1791036417,B2NH6KCGhobWzFwFTzTmKNR2pWt9WwDahaFjXXQ2vtpv,BsNemx1CrL8jBy6sepqnpXYNf91PvjaicxeGwuo6JSnq,0.298000,8625804740989,1423432
C0,452955666,1791036420,8PFqnnghTk3LvXxdyMk4DfCztLdRcAtNzn52Mctepump,83JBxs4rrqcdqvdnBaJwUyHZwNea4LStjvTJUYiDytmf,0.393716,12872279839722,1424271
C0,452955683,1791036424,HZnJN4r1xQrHJKjCKtXaCGP3knBYntySJKEYUKkLpump,5zg2wYPcAKKjCRnCoDyTUqxh9fQX2awGK48aPFX7UQ37,1.800000,39266968736196,1425662
C0,452955689,1791036426,HYhfvVFPTYtbfvteKKSjZBvJitCbtv3eUVH1JQyUCUTS,7MQ7iWQPXkjbPxcnvcLEp7t8wggL7kNfUTVuwpojJvY3,1.305515,38111248073630,1426095
C0,452955696,1791036428,HzzMPZ3DngRmudme2TJF1ALbtuU6kMk4RBTeSanvoxaC,sssssDdMNAWKingjpEojkTNdVuZrBe7FsJLaGtexe7d,0.590499,19087466879815,1426766
C0,452955706,1791036431,5VuuiPvnmjhRQUdW9KNsLCfWk5pmgQtMsHw9vmCwQgqP,BbVBtJ8FWGD95X4KcX8Ta9vzvCY1d3BVBmMLXJb3Lkyi,0.894500,16645158559180,1427657
C0,452955715,1791036433,R1WJNyDNAxtYctbXBSU6GycJN1EF4jTtrKXFa697RT2,AMDEmVocLtN5ji2gBY7BrmSHEyM5vt6TGszBbg4crMXg,0.708750,19667455713537,1428486
C0,452955715,1791036433,6d82cCtC1LktWWgjUz5h3vMenFj5EDHLMBFvcpmvrRi,Axm2zS16FTxswCq1HocMGGqUd3a5MZ7Sd7gG5VnMfuTn,1.272368,443108739136,1428502
C0,452955716,1791036433,97G3MebfNA7aqvABP3uZLp3CjgQT1PaFYDvejV6ypump,CWiNFAEk4M1y6SjvnZkmxWDmhqSmnKFcnop1WoDW3S2J,1.000000,14803239171812,1428610
C0,452955716,1791036433,5CNEESK2JwvWDYLboZpoD68MDAACxMZhCdMXNKc9pump,BuGacsFWAqk8LZk7SPcJ2iqdGdUnPyTqvwSVUU48ao5o,0.250000,4107921310889,1428636
C0,452955717,1791036434,5mY9drEuUchvWUVYM5HKH8ThFAUKvH4CXgJrdPbEC42s,bwamJzztZsepfkteWRChggmXuiiCQvpLqPietdNfSXa,12.000000,303858407045613,1428801
C0,452955719,1791036434,CAMocQf9D2RBU13ZXzn5sfCWwRMTFin6ZRMbevmf8krh,3tNPvytXB9yTZLgh5RGdjrXVxHp89vGeCiwx9juqgp7q,1.721250,47788839402672,1428955
C0,452955724,1791036436,91VNQ3dkSui7NvjEbFoNijE3YLgm5jwW6MPuDgUwpump,9BvK2qsy61mhg7AQTSdPzERj765UrWsYNWPRmqy6PqU6,0.100000,5379820218730,1429348
C0,452955726,1791036436,FTQZZ7qFcvAx5Nkk8nN19Z3GrxxJmCtKpnLUSSQHpump,haqqiUUXB5gp7gDbSjpEkw3phAjQb25r86uXJsZQgWq,1.000000,8325312955516,1429560
C0,452955728,1791036437,B7r7cceCA34gex5hphd1KRKFFinW5ta1DgLu6Jjxm2KQ,B5rVKC4t8bUgtNmmgG3CEyBc7WVR883bwetp8ciW1cvW,0.247500,8195993472927,1429755
C0,452955732,1791036438,2GnTxx3pwXf2ELAQ91KgoqiXrFXKEZNw6QDG5ABsq9V4,HTgVVGboxX2Dsn6b6bXAXgqGT1SkxSgENuRQF5FrCiAD,0.100000,1480157499771,1430162
C0,452955733,1791036438,2baCaTzp331yz4F41jHvgCU1j45z5ujdsporMq2Kpump,K6Eh9fwKkrhVNq6SpRtJn7F4Myi3HUst5QP8x5BKHnR,2.399626,78560723035886,1430228
C0,452955738,1791036439,ENVy61y2H63AZr6GkFgdAp5MG6PeN2xE5CWDCkT5GQ6r,2nU1AogLMqD6iLr8u2itPPimAozyZoyZ24f9TmbRW7vM,0.276335,9515525890576,1430705
C0,452955740,1791036440,6DsdNPazFZYkbq1HijZtPh3ZZ7SMDFpdFn2sbKZFARsA,haqqiUUXB5gp7gDbSjpEkw3phAjQb25r86uXJsZQgWq,0.750000,25855421591704,1430891
C0,452955747,1791036442,EET4VAvWZ7Li71GwyV3QFPyfohpsyCmCSch5zGpwfK8m,3yrJE1A8dgSuy5NLimG5GSYxA6wMkvnAYLD9Y4xR2fjJ,0.500000,10021989703390,1431641
C0,452955748,1791036442,4WoQTDETBUVsiRzeMhBjCSCvUv7GECBjaXXYufJjpump,3jcgozhf3Yuv4ezVh1TP6RXmNo2hXfY2u7SoxYKoU1Aq,0.200000,7018806171954,1431667
C0,452955752,1791036443,7GeFk4KNfiomaJRkah731EpiPL6FR2f12orBwLF4pump,8y5xhxgBeYNh453AB2kWH4PV5kmBJTy4A1mjXmq9Th7W,0.100000,3300399602460,1432035
C0,452955765,1791036447,BhLXr2B4G6cXJ9Yp6qaFb9D96tVM7Ab1rQ4qKV5nZR2S,k7DVoHkWGGiRrcqmAgkqo1NnJfj6PiFTffCZRuZ41L7,0.220000,7715639753410,1432899
C0,452955765,1791036447,5mDP7D7gCq2pQppqdpnC7G9C3cyUkqBAqgUrDERTpump,D8na6cgPt5ndncmzZJNyofVMeRnRBnsj5VWjznY4C7yt,0.098997,3485709524202,1432924
C0,452955770,1791036448,A4YzJAZ2XnzUBbiVyDTWgfU4LXyqSEe1MjJx317npump,3AWKdLUsPmKYtpepSdHpcEL5PLxjsvjSZHDnrhZb4iQy,0.250612,8780451425543,1433418
C0,452955770,1791036448,3msFMG9abYbmgCLqnRvLu1np1PFjgTxBi7knqSgGpump,CnTeYCBA7Hzj9r2s99SaEXKYpiWixtMUkqZWHwyNbm3g,1.500000,50466665142317,1433420
C0,452955773,1791036449,EyqDzqa4YWacnvroeGNomF9k2cDC3cVmdtQ8cbApJ4ET,4BfWVLy15vLYfCbZ3MJk1vSkVBZaKZZPUKWLgwMqZpZh,1.485000,46890202447800,1433783
C0,452955774,1791036449,2obpPYPMoR1nKsgfqS6RKF8QMerYMUSoRCoZ9ZFmpump,K6Eh9fwKkrhVNq6SpRtJn7F4Myi3HUst5QP8x5BKHnR,0.494919,17202752950970,1433848
C0,452955780,1791036451,28VigtXJAXTUZqACV7KH8TfwmVP1xAGTQiBBoTfKpump,CWiNFAEk4M1y6SjvnZkmxWDmhqSmnKFcnop1WoDW3S2J,1.000000,31133099250054,1434355
C0,452955787,1791036452,9yfQV66ZyjiAKGGZPEHHXuZDNCcuyupSjh9k2CpB26Mn,Dz3cCju5E1fmjqtscZg52xg6CXA7B8yCEYt5RPHsyuvp,1.012500,34612903225806,1435035
C0,452955787,1791036452,7F3EReXssjgzPxy6jwHEZhvAeVnnRQPNpdZ16thrpump,AEgTuy8Lg4wfnjm285mk3P2k1p39ofqNXk8b5VtYhdCs,1.500000,29085661674907,1435080
C0,452955787,1791036452,4yrQtNnUoNPs2zmtNB3VAQxx9zaPXYTqUSq6YY5j53XT,9ikSKkTCz6QWQKnwKChpefNkw9tAyzvj7XeDeF6UX9Pe,2.975000,75275821997664,1435083
C0,452955788,1791036453,F276ZKTKTss32EnGooxkTB68S7VTvqdy35umpCNVpump,2he2CGwQ4BkLBVwMR38QfaH1egzoPK9mkHU4TzUr6KRf,0.297000,10355526569844,1435233
C0,452955810,1791036459,CbAGqKhiyfXmYAjnxrq2yRCz2oFwyAQAttpfHfmspump,98SF52KKhsofmQ3gztfj9qM3Y6szw8ADTvvyTt83ZPBo,0.098756,3060821800199,1437231
C0,452955810,1791036459,FcCssSYxnVoRB7kt6vMccSJRh5wJYAzLpemNSzfApump,9p6f4N7t7eXyFk5Dr6D7iM631Z9pjZi99uuYQ7Eo58LY,0.400000,12912849402237,1437236
C0,452955812,1791036460,5hpck3FaHXqhQnL4RwwdaNQFeBka6CpoVBxT1dWupump,2dbohozjjVR1svvRbrPJZVPpyCCGytjNga9x7SnxC2MW,0.493827,2206745671272,1437428
C0,452955816,1791036460,HBkGyWCaNtq8YWA5CGjVNs792m3RwGMdVyZTwVAu8Rz7,8RB5cwrwHrxotxFURLWKH21MjkzeA93vGtLfqBbgKEiG,1.215000,41269230769230,1437644
C0,452955816,1791036460,AZsH44qnS782xGgHmLtwBvnLqaqx4eEvPeLaZcSzd3Cw,CWiNFAEk4M1y6SjvnZkmxWDmhqSmnKFcnop1WoDW3S2J,1.000000,17608927511121,1437652
C0,452955824,1791036463,2pki9gZ4BGjYjD8eLeyrw8Y6ZxJtsKo8XoXbUovkn1Js,3XZefEdBXzPmENBTVjoBJaYWVaXMvUF4THKdN5ox5kz8,0.072045,548189908657,1438422
C0,452955825,1791036463,9pJWJdpPebyANys45eetpemLJo8yTz4n5B9zbpYw9ZMr,Hw8stXPYa7pmFaem2qKMRANWUaBfEn4nBpuQpvgAeyVP,0.489130,530598560946,1438462
C0,452955831,1791036465,CLLT9oHDV32GuCfHCRGpHVuWGcPKFUK15jmxqhiZpump,CM8eJsqqgYyXiZXk1cwX9k5CgAm84Ut9ucHsCTtvqo8H,0.338308,11819143141164,1439039
C0,452955833,1791036465,9bNM5Bvp3cvw1dbbKfEtDo36m5zFQthPBn5gssHBLWJu,9eW6ccmehRe7gFHWZQdSSU5FfEjgkAteHSxRLdswZNxN,1.518750,51095238095238,1439239
C0,452955834,1791036465,57rtt7qypfMTXKHjHTMnZ7YdfnWyY7vPBe4PL5zLgtrp,hv1Svd5VUR1ns5rAQxLZp8mCqcbhTnbc6qM3ZpRLE3Z,0.074149,1415388335614,1439429
C0,452955836,1791036466,8jJ4MTdNFTC45vQbJXkYSdXx2dp9v7F7k8T57KEPtGFF,GeUnv1jmtviRbR7Gu1JnXSGkUMUgFVBHuEVQVpTaUX1W,3.100000,99366691529599,1439586
C0,452955863,1791036473,HmJDgky11u77hpBss6D8sjNpYPD5B6fWgSVDj58jpump,ARu4n5mFdZogZAravu7CcizaojWnS6oqka37gdLT5SZn,0.168540,281124742594,1441791
C0,452955865,1791036474,E4pWoRew1ogGxFK8WdBM3HaQJBEJo94i72X5xc2rpump,Fc9UQeHdMhKeRYKG6jxYe3FZmY9gKXh39BnLv9k23a1X,0.101250,3564784053155,1441957
C0,452955866,1791036474,GsUbrdx1i5LYjeWBgZfqqo5Tny6Y8qHp8Str8TQcpump,pBTiFEds716DaFSkjGbetxk6eQMYaoDQ7ySU2b1Y7ow,0.350000,5359316515842,1442048
C0,452955887,1791036480,FGEcsTvboVps4a6beH8H9uFDnNUwtEr7EPebB4ijpump,K6Eh9fwKkrhVNq6SpRtJn7F4Myi3HUst5QP8x5BKHnR,0.494919,17202752950970,1443816
C0,452955887,1791036480,BJyrtwU1hnK4Q2tgfmNvuDJgZu31MaK6t6xy8BHtWRha,5981EnT1JLAfRqoBpn4jvd81ie5FXMgAJgkJnpYAsJs3,0.224072,8171197449437,1443897
C0,452955895,1791036482,jQtqgP2PB9TKYCaZqCQcFDMBySmpJyzR9vhu5zS3Lea,k7DVoHkWGGiRrcqmAgkqo1NnJfj6PiFTffCZRuZ41L7,0.220000,7715639753410,1444389
C0,452955896,1791036482,8TM1q4NibVSqcscvuWCqvFod83vMqk5HJcm9qFZZUCgU,8Jkx8w2dDwwSdju4frFRCvHrMax2ZV2DvKYRZC6jAHEK,1.096296,7353900117695,1444473
C0,452955900,1791036483,EQyGfHrn1waMvcyoAmf7wwDv26LatsDUrFsF2ceSpump,GaMPRt9yhnhRAB134imiwkmXAtVYkcTtZFzF1nBeqw6H,1.503046,50591814205825,1444714
C0,452955900,1791036483,HJ1C6PWwczDfhnLoCAuBGeuteVXKWXxNZoXc9Qqppump,3xtyS7oYkE8wQ3uZN4uMf3jdhBj5SKnM4HM6kZr7M6uc,0.400959,13979392355183,1444719
C0,452955911,1791036486,FFPSq1ByV2XdPTj2UkSPRe14NoQydUkarBLeNfXd1gdj,BuGacsFWAqk8LZk7SPcJ2iqdGdUnPyTqvwSVUU48ao5o,0.241176,593610984924,1445599
C0,452955915,1791036487,h18Vk4D8S6oFA1rwZSm1ytzWMsxARN3snw487Hkpump,4VfKyL8JiSoymQ1Fb6ewcv3VWNv2c5fWP4xuE8MXQdCN,0.120659,3749635387295,1445868
C0,452955920,1791036488,FuwkgfR6FMkne7gb5pJXD3oUG1QDGadFZcmt7BcApump,Fc9UQeHdMhKeRYKG6jxYe3FZmY9gKXh39BnLv9k23a1X,0.101250,3564784053155,1446348
C0,452955926,1791036490,4VsyjKm2LH8eULCpP8GW2xbRhxx35rKYepJxuHErW5dy,pBTiFEds716DaFSkjGbetxk6eQMYaoDQ7ySU2b1Y7ow,0.350000,5369216760384,1446805
C0,452955929,1791036490,ESfTFijQLHm3QvXrud7RyeC1KnztrbV1TbGJwxhipump,D8na6cgPt5ndncmzZJNyofVMeRnRBnsj5VWjznY4C7yt,0.098997,3485709524202,1447045
C0,452955939,1791036493,BuE2ncGWwQH8ZHGdAV3aYziMNtqdSmtWnYVpgGaCpump,5VkBjWtL5SuGsRfeH3gywLHff3XzM5irZ1BZ3F4yRDn8,4.941865,150144169560704,1447856
C0,452955942,1791036494,FLRGiuzpY9gCDBggacT9oo1hkF4yjVsGUiMVwduTKtFz,k7DVoHkWGGiRrcqmAgkqo1NnJfj6PiFTffCZRuZ41L7,0.220000,7715639753410,1448146
C0,452955943,1791036494,H74CYmXgMkYHYuSRsZt6RJb4NYp2u72Vw8BS5huApump,MriyaNN8TMp6qRWjfr723PK7xgQK7yCt7Kg2v2PQu7X,0.067276,3566922437,1448181
C0,452955950,1791036496,iHvRL3BooUqiEzeigZHtx2SJ6M5bkbJpiAHg2f8pump,7iVCXQn4u6tiTEfNVqbWSEsRdEi69E9oYsSMiepuECwi,2.879556,99685942263,1448639
C0,452955954,1791036497,XLBLxbY1Mr7aadnqAbmqSBXLEyUdjvUXtXCnz8Mpump,3SQPyAmQrEa3TYP3XTtwS6vogvAYAfwrHhcMHwUj5scM,0.137981,15231687463,1448998
C0,452955956,1791036498,28Qq8C5rgJ7poqJ5jNkrcWYAqDKaNyoNrveFCTUUaYGn,k7DVoHkWGGiRrcqmAgkqo1NnJfj6PiFTffCZRuZ41L7,0.220000,7715639753410,1449173
C0,452955962,1791036499,FzmicHe4devksRYz38neaVYCfQU241G2rYTwQoEKDr93,HDRxoQ1RbK2upKCqYMyqvnjb7LRAJef4GAN5LvjL8UT2,0.400000,13946385004194,1449716
C0,452955964,1791036500,GZwvSjKCQ4asVdjpjpyEULUAD65ZRa1cK1PgaUDm7QKy,85yz1KR6h32HdPf5wTFa7jxawA7zPxR2i6fXHzNQPcER,1.012500,30482954545454,1449898
C0,452955968,1791036501,4vZx7EG1xymSXjm6PUx8i5qBczLE8ouJ9yGSGjvabrnd,DbG7RyLFBWXpEWgfKUA8qByvBZEZ3chqGh9TLkpjpF3b,1.822500,60735849056603,1450131
C0,452955971,1791036501,8oMvxgcBJtDGNSc8kogCEEFxSvvi7x6jHRfSWaiWpump,BuGacsFWAqk8LZk7SPcJ2iqdGdUnPyTqvwSVUU48ao5o,0.209732,1074234444176,1450427
C0,452955973,1791036502,45AEazSssYXXTHrGn8sUJWnbhgMVTm2dQqkkNG55pump,6bD2YsuNF2MjMdYiLHRzmHswx3BzmtRgkFhJuBF6czBs,0.386415,13373479581064,1450569
C0,452955974,1791036502,2d7fgeNKny7jmaJWXRNnPoGrJL7vwL6MMv45UTXgpump,2dbohozjjVR1svvRbrPJZVPpyCCGytjNga9x7SnxC2MW,0.493827,13287744198569,1450653
C0,452955977,1791036503,5GYyqsMDxnumyHQKfD7WbKj3At8DaBFV4Qp1RCYiE8fu,bwamJzztZsepfkteWRChggmXuiiCQvpLqPietdNfSXa,12.000000,303858407045613,1450932
C0,452955987,1791036506,GGPHafwPXc4jzYK1dz7hMKisD93pZDv4eeUCkdNSpump,EWjeKsM6BT6pheDaqwXq8k3XxBPNxfAmKAhzeaDudBbd,1.128715,35631600702489,1451820
C0,452955989,1791036506,2gNrU5MMpcWpWQMfBxTRAP47EwdFfNNWkFyR1eLNpump,BuGacsFWAqk8LZk7SPcJ2iqdGdUnPyTqvwSVUU48ao5o,0.057471,893266797783,1451975
C0,452955992,1791036507,F9Z7qAnZavKCYwUgdU1uiknDPEEEsp9jE6t8d8scpump,BwWK17cbHxwWBKZkUYvzxLcNQ1YVyaFezduWbtm2de6s,0.050101,1831364143506,1452292
C0,452955999,1791036509,5QbsRZBe2QzaKqtULkEpGosCqVSeTTaFrLHf2ZbrzCcq,AetT4siChFz3hJxwpxYxMh7hKwsHiAk5DcqNP9s46jLS,1.518750,51095238095238,1452935
C0,452956001,1791036511,GEso9tFCzazVQztVtsrYnaqruf8kpx999a1WCavkDXDt,7kGAXsa7n1qN2FuNoJAGmzebmN9KqqLAHcwj7gvoekKk,3.037500,97545454545454,1453271
C0,452956005,1791036512,UooZzeRcGtPmaXiHoUCM3x4QEiw22LAZZbe593Rpump,Em8J3gBWapfVBGVhVipwQnLrqCvnWBnLajw6XFsFECPF,0.809057,42818315713616,1453580
C0,452956006,1791036512,H7bR1wCYNRKLJjVy9pbs52rCrg6HU1nsQPUN9rhipump,FbmomB2sZgwfR8ySKaUEY37XUjb9p3SUDQdBCvLqgEeg,0.450000,13387287844892,1453688
C0,452956008,1791036512,GjuLs3pKNBswg3nyMFaYrqmM5Qj1JRYSprFBkUacpump,pBTiFEds716DaFSkjGbetxk6eQMYaoDQ7ySU2b1Y7ow,0.350000,5447001153777,1453829
C0,452956015,1791036514,4MoUaMLiW6B3T3M565ekWKRZ4J3om9Za1yYKf8mMpump,9XPMCaxtvywvKQjtaPtK1prruGPiH4CdMRjUVpkB2dM8,2.000000,59931439195477,1454539
C0,452956019,1791036515,6PDAkatsvZQGt36EAKmCvhnZd2d4hSXaHM67ds1dpump,AEgTuy8Lg4wfnjm285mk3P2k1p39ofqNXk8b5VtYhdCs,1.500000,31095653604006,1454814
C0,452956025,1791036517,7UkGNRCybbdWG6NT4QWCDN8fM1mFrKA52QuUB7MYpump,HJqVde2PoEaFqSofutwzQ34hKg7ADbjysk5tzd6UzHRe,0.202500,5876232201533,1455283
C0,452956030,1791036518,GegVob8xbexG85guBLzT3LnU7FxATaU7VzAib7jJpump,K6Eh9fwKkrhVNq6SpRtJn7F4Myi3HUst5QP8x5BKHnR,1.949926,64726223130073,1455602
C0,452956033,1791036519,9ZG9RwLaQhNnhmPEAigfZ8VSnTs8xa7JW6CsAwyvpump,2FfEBBV6hmtXc7bQyXk3hjQwsQaUMcKTEC1DWQqvdwzu,0.197987,6948618075286,1455939
C0,452956040,1791036521,9B1Htzk1BAYH4VRDAjNsxdbXnWW2Nb7E3RasGvNypump,Fc9UQeHdMhKeRYKG6jxYe3FZmY9gKXh39BnLv9k23a1X,0.101250,3564784053155,1456455
C0,452956042,1791036521,3HwKzwf2ZnqxbkxRi4qwqVCfy6PCmM4dGNNE8LABZ3ba,98T65wcMEjoNLDTJszBHGZEX75QRe8QaANXokv4yw3Mp,3.037500,97545454545454,1456722
C0,452956043,1791036522,2F6AmStHAHG4trcmjfMQpjKBhjbrFZ8PVc6n1vAcaxjx,68UmihAjkWUcJ333TynMkKbPKthhTzYt7Gy65o1PsWLp,0.193719,2472091962898,1456727
C0,452956044,1791036522,4obtkx8LNfe8ma1ZGJ7UHiEexVde882veNhLePhspump,2DqAtaywzksV45pPsuhUjHuwnb8N9RDAUci9C4kUYgRZ,0.050625,1392982448647,1456825
C0,452956044,1791036522,DG4LMuC8hK3KR592csXkbEEM2dJNjUs3SpaeioQdpump,4KQGocKQW25nJ8xT9GPNW5Uqy2t7eFs2NzwcXqiyuY1X,0.150000,948789187609,1456837
C0,452956053,1791036524,6cUYv4jB2TLpPQB7GA14iYtXCF5eog8SS9yJy1K9pump,HL1oF2j9C1HtAMownXKsUhXQdMgJLTSt5T4iENV55tTY,0.550000,18715079592532,1457625
C0,452956057,1791036525,4u6LV5zbJNcTKB8cEtyGqczbeHwgZSm6zUvm1UJkYrRA,FbmomB2sZgwfR8ySKaUEY37XUjb9p3SUDQdBCvLqgEeg,0.450000,11532467495456,1457970
C0,452956061,1791036526,2is8bqqRS3Do9TVeLvwv9gE2XDfDf1rzh8qT7eJcpump,AEgTuy8Lg4wfnjm285mk3P2k1p39ofqNXk8b5VtYhdCs,1.500000,48671999921939,1458277
C0,452956064,1791036527,GV1HpaRaZPSUgTSrEqd1H7dRE9DG6m7xYUcqnHYB3Jub,H1gcwLfGW76E5CpAPcxRVD5x1jDbARKkX8DieVjKagCc,0.103511,3254079301398,1458504
C0,452956073,1791036530,8MchZGWYErD8oJaGrsn5d1h47DiQRnd6yqC2Jog3Qs6B,HxCmRuwxDkTmHsU8JRky9L7pPdqTa1ojusqL5kZPamxt,1.114731,28048463232259,1459281
C0,452956073,1791036530,478GU32CrT4ja2xadegS7qeo9biTByevPcHnhU9Zpump,Fi9fjEmzM7ieUEwT5LtFiYBrnz8EFYFYSqgZg5F2T8T8,1.330000,42777068231559,1459299
C0,452956076,1791036530,9ntZkDUBYETCzuxjcGjok8Cqv5NhmMnmAvjtqZWipump,5zg2wYPcAKKjCRnCoDyTUqxh9fQX2awGK48aPFX7UQ37,1.800000,38179925960508,1459439
C0,452956077,1791036531,4SA5XZEZxC6NiUJrvcDqVuzRNne7ARR9tHdxNn1xpump,omegoMAe1AMY5MFKQQr3JwXVy8F4eCvmBAfcpo8XAfq,0.530426,12283711566585,1459535
C0,452956084,1791036532,DWQJRoA5hQBGafXCbbtNPNnNh8FfL4S9hiVabrK6pump,ARu4n5mFdZogZAravu7CcizaojWnS6oqka37gdLT5SZn,0.098272,259431091218,1460005
C0,452956089,1791036534,26WbLGUi3eFWuJVbaxWHK37B2owYzniJbVbuN2cKpump,BXB7FF4m5x74ZoUvVHfPJnVBbqWHpMEU1WNUZAL9W8PL,1.000000,19511561734487,1460365
C0,452956096,1791036536,Cm6fNnMk7NfzStP9CZpsQA2v3jjzbcYGAxdJySmHpump,DAqCpTpQN1JNCDYLXWir28q1J2eXSufiNNADsSnUQTBZ,0.082739,895659947,1460864
C0,452956096,1791036536,6NWsw4JECzUGCUUkTyvHXbusDErjb2zTfs9jNu9Fpump,3SJHbVjvdpMYGthDLkDKjJox4gHA4VhoMeNReiwBHB43,0.750000,25853739774121,1460878
C0,452956098,1791036536,GwoZXgFJTbd1C1Yo8Rfjj15jrJoEHeV41aHQ2mLBpump,3jcgozhf3Yuv4ezVh1TP6RXmNo2hXfY2u7SoxYKoU1Aq,0.200000,7018806171954,1461058
C0,452956101,1791036537,FEYNnky1Jp7xfrTnR5U93qBM79RxYkQibzTaR31fdxqS,Fgej4SPuW282TdrQRfizRHAeRasNqCtAWZizL3jDqMdS,0.253996,349060585160,1461318
C0,452956108,1791036539,Am8iBffqgaedfdK5XhtorbcRrKzwH9nyL3ySikQfpump,ARu4n5mFdZogZAravu7CcizaojWnS6oqka37gdLT5SZn,0.117351,27219170444,1461915
C0,452956109,1791036539,HfT7CfrT4jMnMDK3Hfw1epuz1vJTqv7W1qXiaDjHpump,Dd1M6RXpxo3AEUfn4xpWfAWh437phDHn6CHhEtkQRhFh,0.083613,729539472,1461928
C0,452956110,1791036539,EZgGwZvszBmrsyQWw8FQSf12Mgq2tWra958QLogPpump,6VcgH1SLdsSBWGwyRygV7w5BGSrfiR1vdWSKDFgiAn4G,0.060891,2146666467060,1462050
C0,452956111,1791036540,Bi9GbxjrkrCZBYoUcc6UfCBKj8GsJq8tHHPQjYnTpump,7K1ygpyD3EXtyfnQ1X8Vsk5tn2PR7Whah96dCZoR7uZ,1.940000,47900256990901,1462188
C0,452956118,1791036542,EGTFrUPym8JnEMAddZjuhBkcSGEGTM75qymxUZgTpump,ARu4n5mFdZogZAravu7CcizaojWnS6oqka37gdLT5SZn,0.428750,1762418769020,1462723
C0,452956132,1791036545,6DmgS21sf83EYZ37FhdZE7i6sNwpj1muLNKN5RWrpump,K6Eh9fwKkrhVNq6SpRtJn7F4Myi3HUst5QP8x5BKHnR,0.292517,10234615771748,1463834
C0,452956139,1791036547,4nzN7FHUAYaxYPnX13ocJfiRUiV8FJCAz7ne1wk1pump,3JZyEirKCesVY6q9ouH8zaP11Xb6eHNDkSsQUebjQo5M,0.100000,2236969167335,1464456
C0,452956141,1791036548,26WbXRcbT7w9EYoMrk2qemRFzgaA4HpDvuJ6Sryzpump,GtaJoYuRa9h1T4miw8zD6rdtiqo9QzjSr7jTuRMcL5vE,0.199969,7017716698402,1464629
C0,452956160,1791036553,81EbovWUsPSf3y1XvdrMSahup5G53smbD1M5dGthpump,8y5xhxgBeYNh453AB2kWH4PV5kmBJTy4A1mjXmq9Th7W,0.100000,3520918711316,1466210
C0,452956164,1791036554,jgG5fAPZLtbXHnjrrvEcXSLwK8fAcbS4E7QGyvDiVya,k7DVoHkWGGiRrcqmAgkqo1NnJfj6PiFTffCZRuZ41L7,0.220000,7715639753410,1466554
C0,452956181,1791036558,762CxYzrmzmgZTvQAuEiknPjebEeTBCpH1DMFjc5pump,3xtyS7oYkE8wQ3uZN4uMf3jdhBj5SKnM4HM6kZr7M6uc,0.400959,13979392355183,1467857
C0,452956182,1791036559,EgrQxdckmSBEzKXzMD6PxjYdwsMcBpJjW8dx3RBWx4By,3rfa37SUhVPFcJVFwPgqCVQFcxsUatT9GqBetgA2d21h,0.930081,5536010506664,1467954
C0,452956197,1791036563,EWyJj38k4moHrBwb7jgRgiE2JwCsu4U68EJarXvRpump,7mHmNh6BFNWpFp5qh2VXRNzsK63zZ5ZQGQY77khANBQW,0.059399,2094174425768,1469238
C0,452956198,1791036563,2qmYpDJkEqLFvnejB4Uwx7E1i2J6bT14DUciiAdSpump,FiFawHqxeTVBhv6YbqbLwDVuvokRpPUM1bNwAyxhGc6W,1.470521,49145722458607,1469310
C0,452956207,1791036565,2bHz7Uq8arFttDotBgGFsVKXxN2n7hM39Cktna69pump,DaxfeJKeVyinftwWSV47p8EgiExYBDquRRUCxki3FrEz,1.284562,1963701403133,1470073
C0,452956212,1791036567,Ans2A5ghdb3yAmAg5fre4cxnEVdXwm5kkUge3U9iAL77,haqqiUUXB5gp7gDbSjpEkw3phAjQb25r86uXJsZQgWq,0.750000,19860253532641,1470464
C0,452956220,1791036569,DwYUxrbGwGBLqcFrAUd1hsXDcDWQLztpMEt9pEDHpump,8y5xhxgBeYNh453AB2kWH4PV5kmBJTy4A1mjXmq9Th7W,0.100000,3520918711316,1471161
C0,452956222,1791036569,6pjDB4uAYUHrKvT7CBkE9f4Uy54eJRdYCcMMkWsJpump,8y5xhxgBeYNh453AB2kWH4PV5kmBJTy4A1mjXmq9Th7W,0.100000,3424520455095,1471322
C0,452956245,1791036575,A8gR2Pbzi1o238i34mRUAn4u98JtXKr5LYsC8PPapump,3SJHbVjvdpMYGthDLkDKjJox4gHA4VhoMeNReiwBHB43,0.750000,25439014799117,1472957
C0,452956247,1791036576,J6WCQPpqdaxh6ZJ6zMfRKj9Nh6vRGLeqsnbuQTyypump,HfExYq3hmuZoATvzs4JUAn5UweULnSEoUH9QRkdThobn,0.076855,2693880827529,1473159
C0,452956247,1791036576,2AmSukspk4zqjMwVrbXhWsU4sRLcDwRaiPbvn6ospump,H7vPaoVAmD3rVxPxMA1CtXeCfAcCKRGJH3VzK3th6BfD,0.070922,2481744223190,1473165
C0,452956247,1791036576,56BqrZ9CUbKedqk1CEx37D7Rw8twW9KmTfxiaQRipump,3VgQKj5VvGXJgS22zAF31RuXcdk7MnKyn1RyRgscZdZp,0.066343,76301577141285,1473168
C0,452956248,1791036576,A2HKmKqgeiJx9DK7K7US64J6xhFKKSLMZVPP6anWpump,3m6Gjt6QWwQNZjtgXA2F6fuWACJePBSWyGRrUSiF54ZL,0.100263,2705199992809,1473279
C0,452956250,1791036577,GpuvH6LGtLtrLrD87pHLSJpQC6HF8mtKYumZuk1rpump,7gLVfZavnRpuN5iFQQYAvRpbyvNkARhy2sURRvgsaFby,0.197531,4679421313938,1473458
C0,452956255,1791036578,5UggyBagdq7DMJkmjLsNhZkXTmaHzHkxqzvyW4zEpump,NULLioEUhd89Jo5Acm9sX88bwjNjrsAVy6KWkXD7qZh,0.200000,4641579666587,1473957
C0,452956273,1791036583,7t7yp6TRNWbPoqw5B6H3xXUwmHz3bC9aJ4KVenVepump,GjKjTmzuoAMdxmKHJpQp9PTJLNuvN1SBXAEARr4GEB1c,0.100000,1622361104796,1475508
C0,452956280,1791036585,2RmfxsqWfBoqu68TMwdUYxTTgEUCVenQUeLv8YqBHHXT,bwamJzztZsepfkteWRChggmXuiiCQvpLqPietdNfSXa,10.000000,265758513893900,1476021
C0,452956283,1791036586,HAt5rAAp3DHiFVNoqUNvuDYurdW52W4oicyV2a3WWzjt,8RB5cwrwHrxotxFURLWKH21MjkzeA93vGtLfqBbgKEiG,1.215000,41269230769230,1476249
C0,452956284,1791036586,4GL3FCwubKaK7Vk8WAQC7fAuAHhdQQjp3FThfemppump,5VkBjWtL5SuGsRfeH3gywLHff3XzM5irZ1BZ3F4yRDn8,2.720037,88188452749320,1476415
C0,452956296,1791036590,9twiuSdTVkwtAC9XQDG57dFRhF4iqPih461HJfMZKci9,25ZcRco9VbttzHwwuZ13198zkXmBshtRYmaQzba1Efgv,1.492116,11153447509582,1477314
C0,452956299,1791036591,2QHXWq5TK64JbMptwMBP1BsfhrxZRRv9JsLa17X7pump,tQi75x9GeqsDeFdPVdwn6fwfiNLog53STe56Wjt4MVj,3.144758,2109909861640,1477580
C0,452956309,1791036593,FUuH1aufXBQQwUJGQPErV9Pa7d1dvv4iuRhrf1A3fvR3,8WUySPKX1QZG8qcjLCvbuuVys1XSJCRfiBzwxkuQcTY4,1.766635,48204474839350,1478413
C0,452956322,1791036596,DDVUsN8sDFxbaX6gNBoD44kjZhFETWJnwAn4EX1dpump,ARu4n5mFdZogZAravu7CcizaojWnS6oqka37gdLT5SZn,0.187981,51590705917,1479418
C0,452956338,1791036601,aPA9ACLNHEH7h5eb9YYEfbsKCk2Nnfcm1qSAEabpump,CPBHFczwJBGk2CrnWNJ3PKDEiJ3hLZqRCx9ygXRzBPHb,0.202432,7044582496,1480722
C0,452956342,1791036602,c1GdvPjCwf3H592T73ZkzguGqkT92dV8pgb3B38cMxf,8Jkx8w2dDwwSdju4frFRCvHrMax2ZV2DvKYRZC6jAHEK,0.750000,11760774096971,1481090
C0,452956357,1791036606,796ua4uX1kS2KiRXzSz3gCBAvjPt9RZkDjKCAxRnd2rc,7kGAXsa7n1qN2FuNoJAGmzebmN9KqqLAHcwj7gvoekKk,3.037500,97545454545454,1482415
C0,452956380,1791036612,4f4LQQdvgAoXg4VLd7sYCZmYKfDVDx1Jy46143q8Pniw,Axm2zS16FTxswCq1HocMGGqUd3a5MZ7Sd7gG5VnMfuTn,0.247500,7815046773639,1484309
C0,452956383,1791036613,26WbkGTp7oWpA7fGPFyff3AFxbvqRQ5gdkuGkLQApump,GtaJoYuRa9h1T4miw8zD6rdtiqo9QzjSr7jTuRMcL5vE,0.199969,7017716698402,1484579
C0,452956385,1791036613,BTYfQGbA5Ptg6kCwmNDaSmsHqodZwpd3vA8HXhgtpump,EGUM4YDVryJMf1HDXymm8HFyHQgmTQfci8GhhB6VaDF9,0.062531,1086724030202,1484822
C0,452956388,1791036614,FFjDjy5E5P29daPmAL5WkiXoKtDULMu8PaM9PFf5pump,2FfEBBV6hmtXc7bQyXk3hjQwsQaUMcKTEC1DWQqvdwzu,0.247480,8671591758466,1485051
C0,452956394,1791036615,55nRvCRKjtA1XL1nm365jhyPZ1w2VfhsX7VD61dipump,6er67SXWcHuQVd7ihcvjoMDtpArBpGqqEEP6yXpN55uM,0.069424,2985560886374,1485615
C0,452956400,1791036617,7GUnr7krtQhJwd6ASY2VUprd9t4c64zcgCsjdmZepump,35dszeQQQzkMvjcmyrPWPnN5ZyK9ZjYkNp9kKXZWMvji,0.786538,531605521773,1485950
C0,452956400,1791036617,CxBUSQU3gpKscjmL8keqzq22cLNM89c95vEmQ8eppump,93cGkDQXbKdExtKKoEJWMrc1L9WdHTPMFTpAn6U36GKT,0.100250,3529685843060,1485998
C0,452956408,1791036619,8EAjyZLBzR7j4G8Vd76n6ZWAXYQNmkb3Sa34huqNpump,HmxuoW7dvT8DRWQAWFb6RN1Jq53RFYPhJoPXgy9XkPoU,0.050711,1788384000000,1486719
C0,452956408,1791036619,F4uydPZEKrxVeDbDrNvdT8s6NrC7dJiJa6ED3uceC83W,9K5QgBKarMUHqdkQprh94GVZkxdSPTmsevHedYhSEzaq,2.000000,66285714221450,1486720
C0,452956419,1791036622,zSUVXjYGMTwqSCgQ9GNiji2sBHFvYjB9U836chbpump,hv1Svd5VUR1ns5rAQxLZp8mCqcbhTnbc6qM3ZpRLE3Z,0.057421,458016122788,1487584
C0,452956424,1791036623,6AVAUKa9uxQpruHZUinFECpXEh1usRVtzQWK8N2wpump,35dszeQQQzkMvjcmyrPWPnN5ZyK9ZjYkNp9kKXZWMvji,0.112689,97359259675,1488033
C0,452956428,1791036624,HPcL5AHbrhPp4y5ewZWMTZRA3AQT32NuAuXBgAjvpump,4h8dr6oUEtx8LVVLRGKKPxaCbuSa1dMaU8BjQtdY8acj,0.519646,2870986343106,1488196
C0,452956437,1791036627,4LB7wZhLubZpE5fLGRNz5dXVNcYLeKPndDkex82bzXdr,3tNPvytXB9yTZLgh5RGdjrXVxHp89vGeCiwx9juqgp7q,1.721250,47788839402672,1489052
C0,452956439,1791036627,4JUv66RqP9ed78ajpNpuTbC1rGGgQwBwei4agQtGanTb,2dbohozjjVR1svvRbrPJZVPpyCCGytjNga9x7SnxC2MW,0.493827,10561242614364,1489182
C0,452956443,1791036628,H7XydJrQ7zxR24BkqoDXRt9edWVEVW9ep5jS61napump,AMDEmVocLtN5ji2gBY7BrmSHEyM5vt6TGszBbg4crMXg,0.847270,20883228925857,1489543
C0,452956448,1791036629,6nKGywRUAiQs1US1zDjvHpcp4cpv8H5R4xom5iWhJPMf,ARu4n5mFdZogZAravu7CcizaojWnS6oqka37gdLT5SZn,0.199000,6304266038279,1489898
C0,452956462,1791036633,Aq1CMBoKpYaZEigG3AzWoxNnUa4356uhXosYd9enpump,ARu4n5mFdZogZAravu7CcizaojWnS6oqka37gdLT5SZn,0.199000,3112203209028,1490996
C0,452956463,1791036633,Zhk5ZFk692BE6wkMqLaivq2phZvJaSZsEMW2pcgpump,2PAijCsZGAmG8tVgrAmwyGC5UcXxwktYkAiy57CAXTuy,0.250000,2123037087483,1491129
C0,452956464,1791036634,GimNcfS2gxVj6zD6kEn1mtzt7Wr8yXatrdsihZGDpump,3jcgozhf3Yuv4ezVh1TP6RXmNo2hXfY2u7SoxYKoU1Aq,0.200000,7018806171954,1491173
C0,452956469,1791036635,8czeE7w5o1SPKGhud3LYczy52BHy615EX3zd519vpump,BuGacsFWAqk8LZk7SPcJ2iqdGdUnPyTqvwSVUU48ao5o,0.109264,2048153272589,1491646
C0,452956477,1791036637,HoGHV4cdLgESDBWdGJcjacCwocktYe7xCz2aEhiCpump,5VkBjWtL5SuGsRfeH3gywLHff3XzM5irZ1BZ3F4yRDn8,2.967070,95484943762652,1492246
C0,452956493,1791036642,7VAYS9fsRUMLTRAp6jjp78WYhNvZAo4tMzDpn1euVDSy,BXB7FF4m5x74ZoUvVHfPJnVBbqWHpMEU1WNUZAL9W8PL,1.000000,34199203120618,1493652
C0,452956493,1791036642,A4Gy1en4XeztSSZ8WAb4ZwnhaAtaSAL568Vgguszpump,G8gTguf7EUwqfwdRhiZ3KCBEgPURVB7LXoDzHif4p6oh,0.200000,3921923761659,1493685
C0,452956506,1791036645,AzMaYSmHBqoLPmRRg5AqBr2zsw1MiXmTNaYtkj3wtqNg,ARu4n5mFdZogZAravu7CcizaojWnS6oqka37gdLT5SZn,0.460919,4884133299607,1494829
C0,452956520,1791036649,HFNSKQh7bHzEKzt5m6pe79FmGiZ14PJjJScBshts8Yd8,2zMj6wNqNKSa3dG8ioUDi71P2uijKiojLwEizVGKWRjG,0.148148,1625491424329,1496007
C0,452956522,1791036649,8AQwLXgi6qp3y97qsChkV5Dswua6v1Gb3JyYVRdEpump,Fc9UQeHdMhKeRYKG6jxYe3FZmY9gKXh39BnLv9k23a1X,0.101250,3564784053155,1496146
C0,452956528,1791036651,mVyRMphji9AHNgEif62qhauqW746T9LVQynaKiFpump,BSP67kBerukLLCxZE4gft3sMQ8ho2sNZuaS4ysrA1dM,0.540576,18761984606759,1496600
C0,452956532,1791036652,EDFWvg5kYT4JfoeRw7CykRHY615RWW7bJrybFkaupump,3SJHbVjvdpMYGthDLkDKjJox4gHA4VhoMeNReiwBHB43,0.750000,25358141019614,1496977
C0,452956535,1791036653,DgHayEJeeMwrt4sPitysRuC9DyNhpFH4VWuwFJQapump,3xtyS7oYkE8wQ3uZN4uMf3jdhBj5SKnM4HM6kZr7M6uc,0.400959,13979392355183,1497235
C0,452956536,1791036653,AfhDgS1LQch2RiifpTBFXsD9FivMLJGNcG6X5n9WgYFN,Go6zZP3NRNGoRct8E2verGPQUVcFLpKc65PPBwoxqcye,1.533121,35128842555916,1497384
C0,452956540,1791036654,74RybdiCDHpndFmce6rBp8o48v4hWJemb1ivK3NWpump,ARu4n5mFdZogZAravu7CcizaojWnS6oqka37gdLT5SZn,0.121785,3019464401746,1497724
C0,452956568,1791036661,6zzzG49KX5nksnqfogs31dwoMYSHaJXkropKbv1QZVga,6TYDxGmVxkBPBmEfnmLXx6jVff9LknsjRHqdTjVyZmG8,2.801600,2894100803651,1499837
C0,452956579,1791036664,94Ug6ssYz2hbw9aj62ukTtu9NQQ4tQ2A1pQF68wxpump,4Sgm5SNaPw9hcRpDgSyyjjDiA2qgokCM6KgA9jBFuU53,0.250000,8210718269760,1500710
C0,452956580,1791036665,5dc4PRx7TpGBTbpvkfdkH2gdzTs1RLwNdHsXxB7Xpump,FiFawHqxeTVBhv6YbqbLwDVuvokRpPUM1bNwAyxhGc6W,1.470824,46517113000000,1500779
C0,452956583,1791036665,EWmq71sDmHXAA3pqCwJ9m1NTGTAfstXHSt7pJz1AkVqe,G41R7hWsNrLdV5tmmRqYTgVxoY3P2o9pr6rTKuzAqRer,4.050000,126235294117647,1500942
C0,452956586,1791036666,7ftdPXcV88rRUPKFot5PfCccyHVvmbWZeCGGHMvNHGWH,hv1Svd5VUR1ns5rAQxLZp8mCqcbhTnbc6qM3ZpRLE3Z,0.135311,3514690903927,1501211
C0,452956606,1791036672,HGN8K3x5ZLfYNjvE8b1hCqqu7RwupuKU6EkEhemzpump,BuGacsFWAqk8LZk7SPcJ2iqdGdUnPyTqvwSVUU48ao5o,0.147590,405903167044,1503038
C0,452956608,1791036672,9LpN4E25dBm9hNYMDHtA3yAajz9ixJVsY1cBc3CUpump,3SJHbVjvdpMYGthDLkDKjJox4gHA4VhoMeNReiwBHB43,0.750000,25111674084169,1503160
C0,452956610,1791036673,3JVpL1U1njHhpxF3HM5GjksHYTXZjE4ENzEVXm9Cpump,Fi9fjEmzM7ieUEwT5LtFiYBrnz8EFYFYSqgZg5F2T8T8,1.170000,34275465085916,1503334
C0,452956612,1791036673,3qhCS4Qp24BCXaBsMnGDEh7Lw5SURqcSUTpUgGBApump,4h8dr6oUEtx8LVVLRGKKPxaCbuSa1dMaU8BjQtdY8acj,0.530506,6601677274871,1503484
C0,452956630,1791036678,6DWHBW3R5NE2LUShJRbvDyi9GZ8Hz4EFFRgcfP3apump,7JCe3GHwkEr3feHgtLXnmuJ1yB3A7coSeyynxTBgdG8k,0.968367,888309437,1504914
C0,452956635,1791036679,C4Mp5NMY2vkWXSPDrNDBCdZWJWiu85CXdwUMXZbeEaHT,DbG7RyLFBWXpEWgfKUA8qByvBZEZ3chqGh9TLkpjpF3b,1.822500,60735849056603,1505275
C0,452956640,1791036681,9cgW5JeeA7z4oSQxQemVh5mxb1iakfjxaYSCKW7mpump,DdBiZ6wdGp6g3YKwWpJj6ZzFDUQ8ChSpFGYhMyw5Vjfx,0.494919,17202752950970,1505746
C0,452956644,1791036682,J57TGs6cx7CvyP5jJA4D92Ezt9VPerGEe6rsbDcMFBhn,BoEVpctnMRtB7XhaJ99gNRGhP88HojtPvJ76BwX1gUwQ,5.771250,171319327731092,1505962
C0,452956644,1791036682,G8L269Ev4mdS3PJGUBQJVpVHjyzKANrCasC7HRppump,7JCe3GHwkEr3feHgtLXnmuJ1yB3A7coSeyynxTBgdG8k,0.080290,747859796,1506055
C0,452956649,1791036683,5KdMFVsopJfFgHrPFsni5gLpbgZXNAc63nKf5ion6zeH,BbVBtJ8FWGD95X4KcX8Ta9vzvCY1d3BVBmMLXJb3Lkyi,0.750000,11867141439570,1506376
C0,452956659,1791036686,26WcQtZNumabCXkjpokjfCuJzATAGpXgsNbMJTVTpump,GtaJoYuRa9h1T4miw8zD6rdtiqo9QzjSr7jTuRMcL5vE,0.199969,7017716698402,1507128
C0,452956665,1791036687,AW5oqBrzhybDVvNkr6TAqWUPx6m34xFgvRc9LTbcpump,BuGacsFWAqk8LZk7SPcJ2iqdGdUnPyTqvwSVUU48ao5o,0.076314,713832503709,1507628
C0,452956668,1791036688,36sKEoKb2cKwj3Xv6sTxxvt4Rdvcr6SNGyoXFcL9pump,sssssDdMNAWKingjpEojkTNdVuZrBe7FsJLaGtexe7d,0.613717,18420803456810,1507856
C0,452956673,1791036690,4bLP4Dw1RvMN5KDefDARnh3Nwgo3PALFZTmGKD3iZyYz,BuGacsFWAqk8LZk7SPcJ2iqdGdUnPyTqvwSVUU48ao5o,0.116751,1125513161288,1508412
C0,452956681,1791036692,7xiR92SLkdNnqGV8m2ppMRVNj6fmkZExvg3RhCaeqJ1S,bwamJzztZsepfkteWRChggmXuiiCQvpLqPietdNfSXa,12.000000,303858407045613,1508980
C0,452956683,1791036692,9GRyomkASbFcDnShVeGqdVkv6K4Xi8PaT65qm4cfpump,2FfEBBV6hmtXc7bQyXk3hjQwsQaUMcKTEC1DWQqvdwzu,0.296971,10388948610249,1509174
C0,452956683,1791036692,8VPK26HZq7H2oE9F9F9HuHK9KekLfA8ftUXzzdjRpump,HroCa5trKeQi9Y85JPr3h2TXm1CB7AimiYJLp2hP7aPy,0.109890,3801810238430,1509180
C0,452956684,1791036692,81ToREsh4rgd6QmEmjGidVyGiiVUXidGKAgNoSF6pump,6VcgH1SLdsSBWGwyRygV7w5BGSrfiR1vdWSKDFgiAn4G,0.060896,2146838244508,1509328
C0,452956690,1791036694,HuSPSoM6CuCDpNYFRYWXQus8A7GGyGfjeZxPd3x4mioL,k7DVoHkWGGiRrcqmAgkqo1NnJfj6PiFTffCZRuZ41L7,0.220000,7715639753410,1509732
C0,452956691,1791036694,BywNb1cabyoDJtg62AwNvqzGRJ1j3sU1CHKg2mRRi7CZ,B5rVKC4t8bUgtNmmgG3CEyBc7WVR883bwetp8ciW1cvW,0.247500,8117210634394,1509864
C0,452956711,1791036700,3BCTWnrDZT8N7EukZ2MsxLvNDDizGNqs1c4ZMtoJpump,8y5xhxgBeYNh453AB2kWH4PV5kmBJTy4A1mjXmq9Th7W,0.100000,3520918711316,1511515
C0,452956717,1791036701,9F6DrgGx3rJbH7VHj85NncQBaMjVziNALuGB1G9Kpump,HxcdEi6CWzQtPCmM8E2maEZ3oYVGZxESqCWU1iPzmhVW,0.197824,70405761214,1511964
C0,452956718,1791036702,7L35C8JSW5W9Vxhc5AHdpwfXuq2QJj9mm4po74Gdpump,DDSBauvDqoZgteranpK7bm279wSUWdcbhZGFcFEENymw,0.053445,1880219746701,1512029
C0,452956723,1791036703,AwsAcxUS1pNVLrYMvkvK5gbzeu24LfVrcKBMHf5Upump,7mHmNh6BFNWpFp5qh2VXRNzsK63zZ5ZQGQY77khANBQW,0.098997,3485709524202,1512419
C0,452956743,1791036708,6DUqFQkXBZ4sCjr4x23DnhFf82a1F8ohoJZK3KPaHHY1,4G9RznKvrtBWn2sRETcAsnSRkectXiDsFP5imBbSiFM2,0.423085,9952329000000,1514262
C0,452956744,1791036708,FZP2ySxkzaTF2BJLpPzX53daEjAPKGq3r19N9dt5QEY8,7A4qiny2RkixPU9TpE3CWPSahTBdLGe1Tjhe7UeKXLKZ,0.990000,33854389689601,1514323
C0,452956760,1791036713,GZBX1YmuEa6zcRaDy79tGDuXqvSixoE7CQMVkqoSz3XP,BXB7FF4m5x74ZoUvVHfPJnVBbqWHpMEU1WNUZAL9W8PL,1.000000,34199203120618,1515508
C0,452956762,1791036713,V18osKQKdJ12qpZ2V9GpvGN3pYTpX8XzjYp1d3Gpump,6ineTuSW52nwyPkoRDJrrXPdJMQFK3B2irinRia9cTTh,0.892464,587095586,1515748
C0,452956763,1791036714,924cezh4TPeKTWRCnqnSxFKeUTmXX536sxc5FLchpump,9MUUBAK2Gdk4vjW89qN3QsQ8ZxcP5FUYQtBYNtRK2JvB,1.000000,30590357612894,1515827
C0,452956764,1791036714,3xeeLc4MSPSpFuRk78WHXpBzXLNfqor57BqXXUhopump,Fwcn8QjugGVxXuHdvoQQvVmTJMcCPrC1TaQiSHUeqbo7,1.503046,50591814205825,1515907
C0,452956783,1791036719,9rZagPi1UcEbTmCDEYGG3UiCNS6icPg32u6hNgripump,49fAsUF3Nk8qbfpSrQND2sULKXanemwibYLGk5Jpn9bY,2.003727,66401601740007,1517518
C0,452956792,1791036721,5kECwLM1Vfg5zxtnemVazMCaVSgVT6SdKijNpu8cpump,3jcgozhf3Yuv4ezVh1TP6RXmNo2hXfY2u7SoxYKoU1Aq,0.060000,2115327702796,1518199
C0,452956792,1791036721,EGEfnBp8jpLrFFsr8nWkkUEGdDQ1aFcxGM8tRwK2pump,9XPMCaxtvywvKQjtaPtK1prruGPiH4CdMRjUVpkB2dM8,2.000000,60425987016410,1518227
C0,452956803,1791036724,8PzFWyLpCVEmbZmVJcaRTU5r69XKJx1rd7YGpWvnpump,ArbANvGveKVy3Q1b8mL33THv8MxJuFQVEFrrUDVLover,0.143916,3770461084,1519240
C0,452956803,1791036724,EnUweLhW11giLcJGTF9kHt1ST9zA1CmkDReLdV2fpump,AMDEmVocLtN5ji2gBY7BrmSHEyM5vt6TGszBbg4crMXg,0.708750,19458033680157,1519287
C0,452956814,1791036727,26WctV5iLNyGegYi4kcitZGfGPZe3NP2bH7s2Dkepump,GtaJoYuRa9h1T4miw8zD6rdtiqo9QzjSr7jTuRMcL5vE,0.199969,7017716698402,1520239
C0,452956828,1791036731,HtYqYaN2XraQGDteAwByWCN6TmUpteBQHZgQTDGDpump,BuGacsFWAqk8LZk7SPcJ2iqdGdUnPyTqvwSVUU48ao5o,0.065511,1959739472971,1521572
C0,452956829,1791036731,9R6FLWy8HTy3Ys1FFwjejEEqDDbk7kZ5GTFPEsY6pump,F2ngazfdq2ePZa7EaGGXZwDsbFMCA3NnQTupSqG7Xkx9,1.000000,16032763670480,1521664
C0,452956829,1791036731,DvNcJZTiSMD1RBCtZ2J31mh7s42CVCwrzGapv1Lypump,6TYDxGmVxkBPBmEfnmLXx6jVff9LknsjRHqdTjVyZmG8,0.162456,75838455376,1521672
C0,452956833,1791036732,9kZwaPLRdgekZcsTYMyEYM5aUVj87H6bJWUD3zQPpump,EzP7Pprf2mTNZn8CXDxPvW2oCYz8pW16gr8gPZKG2yAy,0.098997,3485709524202,1522025
C0,452956836,1791036733,EKozmcG67qkbwFu2sYRngxfeGw6d8wPJVK9EY2g83chZ,bwamJzztZsepfkteWRChggmXuiiCQvpLqPietdNfSXa,12.000000,303858407045613,1522299
C0,452956842,1791036734,EzZT6LBBYvtUQACkzVMWwcQNE5iUQyWSAEDgu1iupump,Fc9UQeHdMhKeRYKG6jxYe3FZmY9gKXh39BnLv9k23a1X,0.101250,3564784053155,1522869
C0,452956852,1791036737,9zLXpqXQqYkHLSzhd3QVPBHkjbqedSYws3L2x2zmyCDv,B5rVKC4t8bUgtNmmgG3CEyBc7WVR883bwetp8ciW1cvW,0.099000,3293927768141,1523844
C0,452956855,1791036738,DMwbVy48dWVKGe9z1pcVnwF3HLMLrqWdDLfbvx8RchhK,ARu4n5mFdZogZAravu7CcizaojWnS6oqka37gdLT5SZn,1.881107,2444914136032,1524036
C0,452956867,1791036741,FMcNzQSX9jbSjBm48ThLjcRi3QWjTMv1bqTsjRfypump,3xtyS7oYkE8wQ3uZN4uMf3jdhBj5SKnM4HM6kZr7M6uc,0.400959,13979392355183,1525092
C0,452956874,1791036743,Cpy45amypDoECXrSgucDg6JnvCZftEgV3Be7STRypump,BwWK17cbHxwWBKZkUYvzxLcNQ1YVyaFezduWbtm2de6s,0.054222,1886882167233,1525671
C0,452956875,1791036743,GjD4gcGspKABpcMfuc66VqQw5hNnZGwj5LqWkCqwpump,4Sgm5SNaPw9hcRpDgSyyjjDiA2qgokCM6KgA9jBFuU53,0.250000,8211863932809,1525757
C0,452956880,1791036745,kkuFM4VHJv8TmoWhkQ8swNPkjfFgQoG53iKiffvpump,7JCe3GHwkEr3feHgtLXnmuJ1yB3A7coSeyynxTBgdG8k,0.238918,422434681,1526216
C0,452956882,1791036745,GjvzJJMR9V9SdUNqhfKDp5rFKt1cb8VqAiDYtQcLWq4G,EFvqgbL9s2MKQaoqtrj6wMvS9rs6k41gYZfXRnaTsSRQ,1.800000,33584074919056,1526369
C0,452956891,1791036747,9BVn3Y8tPghbnGuuuxoj2mGekqgSQV1M7nALF7brpump,FtfQi1xHPBGGHoBYo94XDpgXJegops7imggLuURDT8uh,0.288625,70523352884,1527086
C0,452956894,1791036748,BUJvVPpfoDfW3HqfWdrsG6F8WLWBbsgxwXt6AabHLocK,k7DVoHkWGGiRrcqmAgkqo1NnJfj6PiFTffCZRuZ41L7,0.220000,7715639753410,1527359
C0,452956903,1791036751,3Yn8DjvS8gWCK3nYe92XHHnkDFBMJvtuiJggz1qVT48T,6anjqMeWigQFo5wpciARAunVQUXTqoat8w8fFWarCkpc,0.500000,8969581216768,1528189
C0,452956908,1791036752,HmFQu66hhLUKFPbhpy1Qa1djRQjgjtK1argZxyAninEj,BuGacsFWAqk8LZk7SPcJ2iqdGdUnPyTqvwSVUU48ao5o,0.052916,1383506965340,1528617
C0,452956934,1791036759,J1L4kUDSq2pNFyM2uPc7KcdWnu527cNZBSoJvePHpump,hv1Svd5VUR1ns5rAQxLZp8mCqcbhTnbc6qM3ZpRLE3Z,0.135117,1251058670247,1531060
C0,452956934,1791036759,EpzFGJXtXtabZnVzM8WFeXvgRFrWSQwGZvpgVJH1EuAZ,89agDAMdSVAQL7qaWUprU46CwZ8ZaoZP4rq2idB8rEzs,0.338276,2062840265615,1531072
C0,452956939,1791036760,91paTwLSfZPvogtSMAiL52dgWTSn66yEswojnsJWpump,SKmksffBedVUw4fYNLJKARjmwuxZMNnNjkrYR8JScjy,0.100000,1515107007054,1531449
C0,452956939,1791036760,E3HSQRoXC34RVPWYYDuxm4cNBspwBaVRSqBnRdEFpump,DFhhezMHrzSbM9y78iJGmaFi1rpiroXCgnkC1Cc5yXrE,0.477140,11920114720529,1531461
C0,452956942,1791036761,AznQHuzyocZYUHWqszxs6cJtS8WwEuhzPzJoqYXTpump,HZBmjtgG8MDownvB9wTLTRN2stjozUBwDaBUhUpybvrm,0.166023,16917625981,1531785
C0,452956960,1791036766,4CQmyRttHHtxKftvuWjzWv1x9d9H2HLuzt3iqu6AwaRf,k7DVoHkWGGiRrcqmAgkqo1NnJfj6PiFTffCZRuZ41L7,0.220000,7715639753410,1533206
C0,452956968,1791036768,EbkHMCbpf9WLZy66k6ZRcNq2aFD9PEPempkyCto9rVY3,bwamJzztZsepfkteWRChggmXuiiCQvpLqPietdNfSXa,5.000000,151660777334045,1533871
C0,452956979,1791036771,7NVajk97oeSEhciELXCeF1ULs69NYNy1c7egJgAVpump,GaMPRt9yhnhRAB134imiwkmXAtVYkcTtZFzF1nBeqw6H,1.503046,50591814205825,1534776
C0,452956989,1791036774,H49xNgg1hMV6LqXK6if2g8CYnrvp7CxQ5SJTnDRwPoS,4h8dr6oUEtx8LVVLRGKKPxaCbuSa1dMaU8BjQtdY8acj,0.529768,5779357518163,1535759
C0,452956991,1791036774,B3eDJDvKgo8a6YLpEa6v1DHmfXC5MHHWdH49Qarkpump,3VW5qAB8zASzMizyrauToRxuxMnS659K6CGqDgYiroFe,0.250000,4255568443793,1535862
C0,452956994,1791036775,6Mym9tCDHn3pN2r9qzF45JPSzdeW2qP4F3H7X4Tspump,3jcgozhf3Yuv4ezVh1TP6RXmNo2hXfY2u7SoxYKoU1Aq,0.150000,5272727232064,1536172
C0,452957004,1791036778,G9a5C17Z3GAk39HsEF1i8cRdekT4ZrwLw41PbwU5QvCp,3yrJE1A8dgSuy5NLimG5GSYxA6wMkvnAYLD9Y4xR2fjJ,0.500000,10021989703390,1537087
C0,452957010,1791036779,26WcxnFgF9cq9CDwWLyqj5W6xByRhFbNCM8nk1cQpump,GtaJoYuRa9h1T4miw8zD6rdtiqo9QzjSr7jTuRMcL5vE,0.199969,7017716698402,1537598
C0,452957018,1791036781,cGyrGVj2CUZUXCGh9q9XXVwCMj5uLocbKy6WdMspump,ARu4n5mFdZogZAravu7CcizaojWnS6oqka37gdLT5SZn,0.221051,2336108899589,1538298
C0,452957021,1791036782,Cxs8qUkcik7fg3N3qQbD9AKTQBcsNEwkCrRnFa7spump,CWiNFAEk4M1y6SjvnZkmxWDmhqSmnKFcnop1WoDW3S2J,1.000000,24338896615145,1538548
C0,452957025,1791036783,3ppxNdhMHZfC58a7D45zcxQWYHL1GBdwiXpPYQbWpump,93cGkDQXbKdExtKKoEJWMrc1L9WdHTPMFTpAn6U36GKT,0.200493,7035992724623,1538927
C0,452957026,1791036783,8jfUc8CFWL7h3AzuA7dbcmiDwko1gPKKFKcUMomqKbBc,E9kjuewSm9kg4f3qbCPkRLQb4MhdcN19gJEbbZgXrRAQ,0.178199,53251212577,1539033
C0,452957033,1791036785,FSxU4tMPj3Bcd14GQKTDtbp3Vz4BJWh2QwNkYQWYpump,CM8eJsqqgYyXiZXk1cwX9k5CgAm84Ut9ucHsCTtvqo8H,0.067726,2387090610249,1539648
C0,452957039,1791036787,JCsWPjifARX46xSZZMLjE6Er4BBXgUxyfu17bNX9EWj5,DbG7RyLFBWXpEWgfKUA8qByvBZEZ3chqGh9TLkpjpF3b,1.822500,60735849056603,1540038
C0,452957039,1791036787,FDLKcYUkqijCkNBmCgux2oggCFN4Ac9KztUJCYye1CtF,k7DVoHkWGGiRrcqmAgkqo1NnJfj6PiFTffCZRuZ41L7,0.220000,7715639753410,1540057
C0,452957050,1791036789,7uQifGdUTZpx26rnEcBbdPNBNGWdxwCLUuUC9aC3aJxc,GKW7NxqGzvwKGaF9jCCCP7iNbYwcjBBxsqmwbfVdPGdu,1.106871,13113588515414,1541065
C0,452957050,1791036789,FPE2Egg6CgE9xv8nGbHgwMFk87MRcNGF8nfzG2RRpump,BXB7FF4m5x74ZoUvVHfPJnVBbqWHpMEU1WNUZAL9W8PL,1.000000,20016492564390,1541100
C0,452957061,1791036792,92ub6sPSU17SVe8fPFjUD5mJ4VnohM5Wndw4Cwdrpump,2dbohozjjVR1svvRbrPJZVPpyCCGytjNga9x7SnxC2MW,0.493827,16845581496856,1542350
C0,452957069,1791036795,5ZFBWWxLRUfDLBXhNYzsUenGoMfQkHavAJbm8MZWEY4R,5DC3tMyFSXeujJn9KWnh1MkM8QCgXXm2tDEGpjhcwFck,2.000000,27866140086110,1543101
C0,452957076,1791036797,26Wd3N6rhukUzB5WZB4Yhyc4XRs2S8xM8wCGDGdMpump,GtaJoYuRa9h1T4miw8zD6rdtiqo9QzjSr7jTuRMcL5vE,0.199969,7017716698402,1544001
C0,452957097,1791036803,FtortHc86T4QGYHFhYxXDFJqrwraEUhFaEPNftpHpump,3xtyS7oYkE8wQ3uZN4uMf3jdhBj5SKnM4HM6kZr7M6uc,0.400959,13979392355183,1546082
C0,452957098,1791036803,Ge87EtsjwRQbHaqQmKRno69RFTwh9bfSsm99XNxTpump,5WCMBCYuE9ZyVqbTgBWPjSYdVMjFqGgrc26pB1FWgLst,0.496278,14882007337,1546189
C0,452957101,1791036804,6x4G1SqbPTWkqmZ4VAWVgoZ1jmA7TqJUSHnKyqsHpump,6U91aKa8pmMxkJwBCfPTmUEfZi6dHe7DcFq2ALvB2tbB,0.123320,95594430076,1546524
C0,452957116,1791036809,3znS89gifim2Hhhu8wjb2PfSgaCDdma187D5NMkDpump,6FQqYKDjTCXFhsGbMLgDqNXgeR9ALpxemyBrcvJ6TZuV,0.147199,2651175867932,1548330
C0,452957117,1791036809,2eryCa4t9X6DVy2QshsQZvN2wuwFCuYqMYK3tmrfmxVB,Gheo2XsP5TBk34yiZNZvZAw7dgYNTavsiJuhGy6RFgga,0.150000,4341467780724,1548355
C0,452957122,1791036811,26WdK2Ldrg5wYrQMpysVqKUW1h3znhJE8YYmPi4ipump,GtaJoYuRa9h1T4miw8zD6rdtiqo9QzjSr7jTuRMcL5vE,0.199969,7017716698402,1548942
C0,452957126,1791036812,33tPjybyrDq27XbUfxxYiUrTRE3q2epCzPFVQRmCpump,DdBiZ6wdGp6g3YKwWpJj6ZzFDUQ8ChSpFGYhMyw5Vjfx,0.494919,17202752950970,1549307
C0,452957132,1791036813,4D11UgRZPh8AeA8wxdecdY6sowYJ7pzJTTuwJNHKpump,38sJMyKWkTRQnzKrYxuCVfvVMKeEYLEAdqR6jaeqRZGv,1.036764,34281931446348,1549791
C0,452957132,1791036813,7375cu6K5FiaTfQZYWCAdCcoD4fuFvJsuohEBriQpump,Fi9fjEmzM7ieUEwT5LtFiYBrnz8EFYFYSqgZg5F2T8T8,1.390000,40337551152874,1549801
C0,452957135,1791036814,CGz7XSsCd6CbgeDuPVegXz31Gd56j9dAC3yuP7EKpump,6bD2YsuNF2MjMdYiLHRzmHswx3BzmtRgkFhJuBF6czBs,0.386413,13457400961476,1550168
C0,452957137,1791036815,AZVpzajrWqHfi6S8Npjkrbs7WcWKZHJJDgzhnFE3pump,DL11CHBXbMMAfB3WEc1MaXqNBbVnWjuPVCzUjEwsPLv4,1.800000,59607584512476,1550394
C0,452957140,1791036815,2yGp5x4SzpTCDvSNpQaPY58f1cHeEp1wpPVKCWt1pump,5Loj1k2uftjeyDyEJ45MQxCtTZ3osJXnbAV7sckgxDdk,0.070000,2467071716458,1550656
C0,452957142,1791036816,26VsYcDJ4Vv8C1TbbCg8K9ZQau8xre6CK1CD2hdEpump,EUdFWWNP4BT8BUfVhrAdqhGXAHNPVt2BkAsfUvP8P3hH,0.115311,337333158168,1550888
C0,452957178,1791036825,9Th6C275Pst8gFT9B9Bevd2zS4uWJaRMpA1dpDPqpump,CWNAJ1ZTPxWpKH3CTGpZPAtFpTzsVuuXabCw16RbaVjp,1.000000,22966033021489,1554422
C0,452957193,1791036829,uAV8ZHccTrsG1qs6dyZB8QaPyw4wniHfU4y8UUCpump,6er67SXWcHuQVd7ihcvjoMDtpArBpGqqEEP6yXpN55uM,0.105444,8127992688394,1556096
C0,452957204,1791036832,4Ndsi1a5sP8uN5oFGe222xvG7fiH315EJRfDaB1Ypump,2J2rtMBRLxAbFkSLgrsuSNN8N5KMTJVaRTdnGfbZ5Vjw,1.302727,44126448625281,1557236
C0,452957213,1791036835,3ohSTLELs5epoJZ9BigcoUcgWbnczprgsT8YK4URpump,8y5xhxgBeYNh453AB2kWH4PV5kmBJTy4A1mjXmq9Th7W,0.100000,3498117295407,1558066
C0,452957240,1791036842,HPpnW9Kk4388DYKyeWsRPpx3HhtEw1gzTpUCWPoypump,J6DdwTar52hc1Bk7idh8c4wJ8XwHkH2tkyHimXtKJuBk,1.200000,39681642579469,1560609
C0,452957243,1791036843,E28eQFoCPndfLUPnxYgEWHhbnEVqSpyNPgAacoAEpump,2dbohozjjVR1svvRbrPJZVPpyCCGytjNga9x7SnxC2MW,0.494071,829764718346,1560981
C0,452957251,1791036845,3n34DkYCFNPcp5XLzjPBDJmeasPi8hjzMSn27TYvK7da,82skHJXp9MHsW1FMjYvnivy39DXPPcy2xrw6saFoU7XL,0.091333,1849248375755,1561644
C0,452957254,1791036846,4o1SAoq2nDZpdSKC41yckeMmqc56wfSydbUwrX9kpump,CM8eJsqqgYyXiZXk1cwX9k5CgAm84Ut9ucHsCTtvqo8H,0.060946,2148618499697,1561877
C0,452957256,1791036846,8qHYyzSFGUStmRM3RernijnB79JVpAuxDuNLrvyWbcK4,DbG7RyLFBWXpEWgfKUA8qByvBZEZ3chqGh9TLkpjpF3b,1.822500,60735849056603,1562069
C0,452957266,1791036849,BYq4q218EM5fMW6EwHn6ZxqLaMhi6JD3XMr9vWZE3pvM,HTYdiaieE4kFn1dr7bcKvpvQtiNQqZUMP3TegB8RXtbe,1.049374,35483100138671,1562942
C0,452957284,1791036854,5F3X646pweWoyQr9FZn4Dt37pr9VLKCLryu81YyMuXv2,9Br9huBvMaW2XYxcWdA6wnhtyZ4Ew2DUzJMb5mSTTR8W,0.990000,33868005704044,1564839
C0,452957332,1791036866,AeyEzUPjc7m3125TgoQbJATvua7LqMyVjo6sRtVWdTvL,CWiNFAEk4M1y6SjvnZkmxWDmhqSmnKFcnop1WoDW3S2J,1.000000,23876279436988,1569096
C0,452957335,1791036867,3vBRTG9vbeMxAKb4ihEk8vy4Dy9LK1ncyJ2Cru81pump,4KQGocKQW25nJ8xT9GPNW5Uqy2t7eFs2NzwcXqiyuY1X,0.150000,2837750116073,1569382
C0,452957338,1791036868,DXQcENopqJoT4bQ6ZL2z8zNdMvqnouJ53kKYf9gXHFyM,9eW6ccmehRe7gFHWZQdSSU5FfEjgkAteHSxRLdswZNxN,1.518750,51095238095238,1569721
C0,452957340,1791036868,GPiMBn7y1CbEcPiCAGXKwXSSaQahSv1EtCTs21nLzDfL,FFdBLYqL9rs5fUT38ArE8GV2L3BziEgG5LJUu6sshfkF,4.050000,126235294117647,1569849
C0,452957363,1791036874,3Qd9WHXJVzX6rpSYGKuVoSLDW6D13S5cbCuxmpfNpump,EzP7Pprf2mTNZn8CXDxPvW2oCYz8pW16gr8gPZKG2yAy,0.247480,8671591758466,1571714
C0,452957365,1791036875,3B1ijcocM5EDga6XxQ7JLW7weocQPWWjuhBYG8Vepump,ARu4n5mFdZogZAravu7CcizaojWnS6oqka37gdLT5SZn,0.155317,9166658793,1571907
C0,452957370,1791036876,DD3AC2Cmr5rXzJ6ErRHeryx3ASLVMhSBALiUqeKcpump,DG7KMrxf5mDkPBYtkwVFun3TqJdq3cVGzwzoRqFkcT7Q,0.494805,125019737691,1572336
C0,452957370,1791036876,AVBN6kXdaw27ySuvMevKYzNTL8d39b7sGQFDCmsvpump,DG7KMrxf5mDkPBYtkwVFun3TqJdq3cVGzwzoRqFkcT7Q,0.494315,274957719258,1572337
C0,452957392,1791036882,DxGnYkBqCEsw8G8pe1CpZ6KvJV1zqgomPW35tbCdpump,CM8eJsqqgYyXiZXk1cwX9k5CgAm84Ut9ucHsCTtvqo8H,0.084646,2981826883480,1573970
C0,452957396,1791036883,68RUKJSkhT7Z9itn2tUhCzR7t2pbBahqjgG8qbkB5Dux,35dszeQQQzkMvjcmyrPWPnN5ZyK9ZjYkNp9kKXZWMvji,0.096774,202457187609,1574384
C0,452957397,1791036883,dVQYV8fpCgvFWhZReNKaMHfKxzGNTGksy3md2gMpump,7iVCXQn4u6tiTEfNVqbWSEsRdEi69E9oYsSMiepuECwi,0.203847,1096519915,1574482
C0,452957402,1791036885,rVxotebyzFpe6WfH9XafNHJBojNcqqY51B43iFUpump,DL11CHBXbMMAfB3WEc1MaXqNBbVnWjuPVCzUjEwsPLv4,1.800000,39859392768095,1574866
C0,452957403,1791036885,Ey6bVxoHPZuUfmGtZkTDJTAqNrpMduwGRvYhX96gpump,6VcgH1SLdsSBWGwyRygV7w5BGSrfiR1vdWSKDFgiAn4G,0.060151,2120630001336,1574973
C0,452957423,1791036890,FaNeNzGpEqMbqqBZjHBL6KJBSNTDx8DRreh6T3TX3ZJB,bwamJzztZsepfkteWRChggmXuiiCQvpLqPietdNfSXa,5.000000,151660777334045,1576594
C0,452957431,1791036892,9Bn1UUGToEUJF6TGt6bRGnoFG5TJKszRqmGFoA3eLp3h,5U9dHj78QtbMSn1eV9E8h4BRAcJ4TfSyVoZ1EBgWhh9p,0.810822,27881539826809,1577285
C0,452957439,1791036895,2MFMzeQDJLjWpHrwtb2qAS2rt4PU8Gndfm6CABoJ3c3f,7EAji2sxaQCgVYxuNfZN6YkYhka1AvvmgT6zZUo5n91z,0.501683,16041483827564,1577847
C0,452957447,1791036897,4VXkcbdzgfQAyKfJFxywT5Rz1sSuQasJ6NgYJD3Mnzjf,bwamJzztZsepfkteWRChggmXuiiCQvpLqPietdNfSXa,5.000000,151660777334045,1578480
C0,452957453,1791036898,G7mk7RzviEe3NFDkakhdByYxQULRLTQBjtHfmRXFcYdz,3yrJE1A8dgSuy5NLimG5GSYxA6wMkvnAYLD9Y4xR2fjJ,2.000000,44893048075396,1578893
C0,452957454,1791036899,61NtH6grzJnb2maWtbh21kR5Wn7mYDjt5TCXXuJCpump,ACuHbKicPBArGtrtGBYzdPyq4HYHwiwETVE98YQ7X6Fy,1.002198,34271956398008,1579055
C0,452957454,1791036899,2xJgM5F4VyVoaQ3r2CK9kwzMpVu6p7FttKbtBCQLpump,EW6k3ZkxGQxxVrbJ5S5xcbA98b7qX1YmzSuBp3Y7epSD,4.000000,124858181763706,1579095
C0,452957457,1791036899,4UgGN2vtFZ9T1sDk2mDfnyHqfVatkQ2T1LcUYde351PL,9Br9huBvMaW2XYxcWdA6wnhtyZ4Ew2DUzJMb5mSTTR8W,2.025000,67062499999999,1579340
C0,452957462,1791036901,F458Huat36hKjLPc7dmL4uEixBAgX7fUjxWwnUEkpump,BuGacsFWAqk8LZk7SPcJ2iqdGdUnPyTqvwSVUU48ao5o,0.199135,243605948767,1579879
C0,452957489,1791036908,FBEYGYSdzdWgovbwfP5mzzsG5NLQYoFNiUmAgdm7pump,3xtyS7oYkE8wQ3uZN4uMf3jdhBj5SKnM4HM6kZr7M6uc,0.400959,13979392355183,1582058
C0,452957489,1791036908,HcAcGpkibNRejJThdKRqSqS246x9zTf5RPxULRLQ43Ei,2nU1AogLMqD6iLr8u2itPPimAozyZoyZ24f9TmbRW7vM,0.270184,9367034161479,1582063
C0,452957491,1791036909,8vbg4vMp2VLwkyQy4u72FJFgLsJVpmo4axvt817xpump,2U8yp6D3r21mXXHAmHrJbk6ahYBCFZ97c6RSHkrmSwbc,0.197531,852812453639003,1582246
C0,452957491,1791036909,27PYvsbwEh59GEvD5AHNiEMHasFouZ9soQrvwjuipump,6TYDxGmVxkBPBmEfnmLXx6jVff9LknsjRHqdTjVyZmG8,1.920812,26333698345914,1582280
C0,452957491,1791036909,EpXtn6xGoZ4Y45vRjiDUHSCGbBoJD5FaEqZbF98YswH1,ARu4n5mFdZogZAravu7CcizaojWnS6oqka37gdLT5SZn,0.820642,91139297832,1582281
C0,452957494,1791036910,26WdQupDSPYZFP9mf2dXEq46gbYHQMxV7ftfshY3pump,GtaJoYuRa9h1T4miw8zD6rdtiqo9QzjSr7jTuRMcL5vE,0.199969,7017716698402,1582500
C0,452957496,1791036910,6BBidopCpfVNRPgNMUcjUyPuJQN6F16AV1rrHNq2q1vH,9JKcoVPW6ozNQZAuFcfTYWS3Mm9aq61dBhG7oEgZ55DF,0.283556,11589789907452,1582821
C0,452957497,1791036911,8tAmS4NPckNwFt7W4eB2PRM2skoGEftXyhgZBCnrpump,BwWK17cbHxwWBKZkUYvzxLcNQ1YVyaFezduWbtm2de6s,0.060329,2103155152695,1582934
C0,452957514,1791036915,FgmcQY57ZnWR7SkzzhVyxDmvQZXQm53FMevmzkV7pump,93cGkDQXbKdExtKKoEJWMrc1L9WdHTPMFTpAn6U36GKT,0.100250,3529685843060,1584237
C0,452957527,1791036919,HqjNsiCLp5wWTns2Xyk2vknnMV81DwpibCMe9vE7foMX,CNfiCELzj4jEFSC6okYpweDdMrzzJj3xet6R9UiJD58B,0.742500,25591571702077,1585353
C0,452957541,1791036922,B5V1VVYcA1rsjzBQRgZh2NpuYHZRURYb6VyxybhnbQVs,DbG7RyLFBWXpEWgfKUA8qByvBZEZ3chqGh9TLkpjpF3b,1.822500,60735849056603,1586533
C0,452957542,1791036923,3v4GuvgiapPCFiDndthFn1gMCHYfeTUN3Ftm6TJ1pump,35dszeQQQzkMvjcmyrPWPnN5ZyK9ZjYkNp9kKXZWMvji,0.727734,417844192076,1586631
C0,452957550,1791036925,6WbiJtjXoNpLH6GhSvDX4HqRUN3ShQgxsk56Synpump,ARu4n5mFdZogZAravu7CcizaojWnS6oqka37gdLT5SZn,0.399556,37220964,1587306
C0,452957558,1791036927,259KJCzsZ8K7r61PuoXzQRLo8apgoPFEPw9ifa4opump,CM8eJsqqgYyXiZXk1cwX9k5CgAm84Ut9ucHsCTtvqo8H,0.126939,4465466933858,1587998
C0,452957563,1791036928,ES5e4c14egwVeVomg7yxfNSHAAWQdv7xn2muFoQG2U5t,bwamJzztZsepfkteWRChggmXuiiCQvpLqPietdNfSXa,12.000000,303858407045613,1588364
C0,452957565,1791036929,Db84zuEkYV3rVvYD9vNC21K5xEabPEvuZp7N4yBjrnVF,dKMjeGJ4Mk9S3hxdfTThvZ7exks2xMwWqSM5NvN2CTK,1.800000,32628444694733,1588510
C0,452957569,1791036930,ChTjXh6W78twtutzMi1kNpRTMjYjUmzMPicaGH1Dpump,CWiNFAEk4M1y6SjvnZkmxWDmhqSmnKFcnop1WoDW3S2J,1.000000,22793252435950,1588800
C0,452957577,1791036932,B5RWLJCxnFCaxsgGo3ZQTdRK5h9vWzxVoNZ2N4gQpump,6bD2YsuNF2MjMdYiLHRzmHswx3BzmtRgkFhJuBF6czBs,0.386417,13330706635014,1589447
C0,452957593,1791036936,2oNFjF156ueamdqSEa2Qa4RDqat8paXw3sEd4bUaHKUB,55msLm128tQdXLXCXLxd756H9SaCo7wPpdetEioe7D8d,1.485000,39832503141533,1590833
C0,452957599,1791036938,CHwFpTSybr7oEP72SD78dS4P5fzudhc9789CnM6Apump,8Jkx8w2dDwwSdju4frFRCvHrMax2ZV2DvKYRZC6jAHEK,0.894500,11419966837727,1591331
C0,452957600,1791036938,26WdhnHks9FaTPY7T3vfHWb1TPBwiTwd2XQXzYhPpump,GtaJoYuRa9h1T4miw8zD6rdtiqo9QzjSr7jTuRMcL5vE,0.199969,7017716698402,1591371
C0,452957631,1791036946,6uwct55bcfQn6p7evoAtMjHGT21pn1Yjgxr1wZrzNWuF,6nNzEg86rbY4J1Z6euDn9iQoih8uaSj6ZVZHZVvFxjJf,0.099000,2321730355960,1591490
C0,452957640,1791036949,6iAj2oywQMiD9NeyTcW1S7UtG7e3jSK7Ud5ZJDqJpump,DtvmxrTACskMG2W8a6KXgSemUfvyNVeQTgfpJoGvMVKx,0.127222,43184143424,1592315
C0,452957641,1791036949,4h1j6o9dunwdZM4ymm2F1BwEWfFxh9xwhWW6wWcDpump,G8gTguf7EUwqfwdRhiZ3KCBEgPURVB7LXoDzHif4p6oh,0.200000,4201767006579,1592347
C0,452957643,1791036949,6L2Xu8VbbN9bzXnzxuJTDTR3z7kTeyh8KMJY6Hrbpump,BvWjawDshCraT8jNuexNwNEF8cYJPcGyNkvRxp985Y9i,0.082207,5654866737,1592482
C0,452957654,1791036952,AoVUJmvL5fEYjk6qwEJxU6GUXfP5t3jUT4sL71PPdvXc,bwamJzztZsepfkteWRChggmXuiiCQvpLqPietdNfSXa,5.000000,151660777334045,1593474
C0,452957654,1791036952,DTpZo8EbCLsp98cxSmN146jjqmWnewDsypvjASVdpump,CWiNFAEk4M1y6SjvnZkmxWDmhqSmnKFcnop1WoDW3S2J,1.000000,22793252435950,1593516
C0,452957663,1791036955,4gZN2hQbYS5dHt1khSaGx1xbxEd471hAMRRef3etpump,BuGacsFWAqk8LZk7SPcJ2iqdGdUnPyTqvwSVUU48ao5o,0.167098,5708244435824,1594464
C0,452957664,1791036955,D13BMy6QzhXG922EB1Zp7FksVYhUScoATwFfibKYpump,straywAWvrXhKJKCLiVwaPvTuqd419c2i4Ry9cvUPyD,1.000000,19180440173796,1594563
C0,452957665,1791036955,3A9FrJ36nuKbxi5rBKshfkwfFYfhEFG1FZhNqivfpump,3yrJE1A8dgSuy5NLimG5GSYxA6wMkvnAYLD9Y4xR2fjJ,2.000000,44759581951723,1594618
C0,452957666,1791036956,6NPMTYatMDE85vgPgtSMT177xCUkK5NYBBTWF93twH6L,k7DVoHkWGGiRrcqmAgkqo1NnJfj6PiFTffCZRuZ41L7,0.220000,7715639753410,1594824
C0,452957677,1791036959,39NeEtHeA5BzTnvmrQ55CcNy9unA5aHNuepG4xcmpump,5QY3MBvLEsP4xjE4SNYJYPuwvJgoBUrDnvSaZUNsNHZT,0.150000,4651581752487,1595929
C0,452957683,1791036960,C6ghQWUa6Ko3arM7wgZa2Hp9rznKzC34jCMu7FRMiCzk,H1gcwLfGW76E5CpAPcxRVD5x1jDbARKkX8DieVjKagCc,0.100000,2922497051148,1596460
C0,452957702,1791036965,BcvhowVwW94ZvVvxcVJBBDrTbBpihs6KvggLuJ4gpump,Em8J3gBWapfVBGVhVipwQnLrqCvnWBnLajw6XFsFECPF,0.834400,14946887000679,1598047
C0,452957705,1791036966,HZ9Z4W7jeJ5zwdxDHgKgr8WQ2SvXWBANaTB77dYLVWWE,NxuytLabaySAsF6orD8UneKM2HRNJQBR7k3SbKwuvSN,0.065602,2267207026677,1598268
C0,452957708,1791036967,AJTC9m7wkmAUCxEC8m6NGWBDkTYygPyMeUWqpu2Cpump,BXB7FF4m5x74ZoUvVHfPJnVBbqWHpMEU1WNUZAL9W8PL,1.000000,32342407297991,1598482
C0,452957711,1791036968,Ewf2itATjh5jesswsc8J9GocP1gXtekYg6SthW1nJy91,7kGAXsa7n1qN2FuNoJAGmzebmN9KqqLAHcwj7gvoekKk,3.037500,97545454545454,1598735
C0,452957719,1791036970,FFrRBPP9yWtSqnKjXXM9C77MBdLztfdgSnRE858zpump,FtfQi1xHPBGGHoBYo94XDpgXJegops7imggLuURDT8uh,0.317723,4181237112542,1599380
C0,452957729,1791036972,7tEsDuij7aj4b2jLUAS5oXcp6B3zWratYVmviS5zpump,ARu4n5mFdZogZAravu7CcizaojWnS6oqka37gdLT5SZn,1.080988,18508609615116,1600095
C0,452957738,1791036974,ETbqN5nKYWSjin1BDqbLYQJNdmcEghAKnjQCiCPSpump,GmjBmgHKeCu6vRKVx1k6rv4erJ3ewk8GrkgxXHyg8gQi,0.201113,430391161205,1600690
C0,452957738,1791036974,Dmkj4dB3Ngva9gWKkDgj8UMF39EC7ArpGf2rxLxDpump,ARu4n5mFdZogZAravu7CcizaojWnS6oqka37gdLT5SZn,0.057514,178511351793,1600715
C0,452957749,1791036977,mx8SXAAg4GbvnTmF7FurBUDVyhSkkBtu9irRjwcZFsk,2tcFfXU2Q5q2kz123EnU6PBuNNxBp4SYEfjwcRVNnaZF,0.150000,2310178553530,1601515
C0,452957751,1791036978,9QSjVAg5rDfBZPhvKwZcB63St3r6bqohP3Adurkjpump,7D1hLATFbfJobSvxNH6D8bL45XgojUUrWMyEsGT5EVAu,1.173333,3437421449410,1601774
C0,452957753,1791036978,HCLZktWuKodRUFQN7pzEXN5uVocMFBmEiJyku7zbRHQ,Em8J3gBWapfVBGVhVipwQnLrqCvnWBnLajw6XFsFECPF,0.203684,7147248541511,1601920
C0,452957756,1791036979,26WdqHpEs8uhY2JSgVmzaj9fWqHHAhkK2iXFvuqNpump,B8Nc7ecsXDcocVtmoDNNNGMdeo51nMshPKnnVBP8kWqq,0.100000,1656734068363,1602164
C0,452957761,1791036981,26WduBSEwAo2S5UCsxkzEWvZSLCefYbPC3Laq5Kwpump,GtaJoYuRa9h1T4miw8zD6rdtiqo9QzjSr7jTuRMcL5vE,0.199969,7017716698402,1602606
C0,452957764,1791036981,TKHaGhRg4J2m9PUBychZrGRYVHywZyDB1puwRv32vTh,k7DVoHkWGGiRrcqmAgkqo1NnJfj6PiFTffCZRuZ41L7,0.220000,7715639753410,1602832
C0,452957766,1791036982,Ew8KqgSitYucieR5KnSAL2SUFspcwA8AgSuZ5xWspump,3byvsa7YHf9iqN37iguJN4jWZMtpvBL1SL9XCJvGuVwT,0.546496,67755488788,1603062
C0,452957767,1791036982,5b4n12eHotCTYxktAkKcD6xhakzoAnwZJJad8f8fpump,ARu4n5mFdZogZAravu7CcizaojWnS6oqka37gdLT5SZn,0.822786,308186786889,1603124
C0,452957768,1791036982,412Bm98qajEJZTCjMPM4t7NyFn6JXXcSV1DGSQ4Lpump,dKMjeGJ4Mk9S3hxdfTThvZ7exks2xMwWqSM5NvN2CTK,1.800000,57871410901443,1603159
C0,452957779,1791036985,7avFzYJaFq9MGE8T4ohtcZHQtQvJ4y9unvpv3zXbpump,ES9zJAMZFYUB1qJyzLteoZVpYiqVKubSNET6K7oHRR3A,0.060151,2120630001336,1604040
C0,452957790,1791036988,4nV5gNwwP68zUDat26ySChREqVaQaLudfJBkSgEzpump,DAqCpTpQN1JNCDYLXWir28q1J2eXSufiNNADsSnUQTBZ,0.074272,1612491582,1605006
C0,452957792,1791036989,9GdCMKYY96EuUySz26qjDP4wVV6A33sXhFqa3MY9pump,3jcgozhf3Yuv4ezVh1TP6RXmNo2hXfY2u7SoxYKoU1Aq,0.060000,2115327702796,1605132
C0,452957793,1791036989,Eo5Tago9NLH55uX6hmAkVtnsbYGu4NHcrYKWgTPipump,DdBiZ6wdGp6g3YKwWpJj6ZzFDUQ8ChSpFGYhMyw5Vjfx,0.494919,17202752950970,1605284
C0,452957795,1791036990,Fu9cy6avYrRTt7bycPrTuUkeDJncH8jp62S1BwhHtVnU,ADkquSiH1zS6LmGoJxzwE6x44gpE6S3KWLALqNc3sTDs,0.300000,5661259522264,1605535
C0,452957800,1791036992,FgssigTgpp1EAZaAvmFJDQ8mXEatZZ6CNvmGg7Sppump,4h8dr6oUEtx8LVVLRGKKPxaCbuSa1dMaU8BjQtdY8acj,0.525280,7333090555222,1606075
C0,452957800,1791036992,3Jaohoqm45ox3pDuwqfrbbHfeHtqa5S6ECq6QW8ZDDXU,BuGacsFWAqk8LZk7SPcJ2iqdGdUnPyTqvwSVUU48ao5o,0.070865,2252048344371,1606123
C0,452957805,1791036993,4RDCgMAgoapjmmCj9jWmYKbsGEL91qyBcSiMwc2Epump,FZU56d9iPqohXM5XBrYYBZLi2UoUnZT4V5Qf2631tEzb,1.300000,12442748913706,1606644
C0,452957812,1791036995,6P6FdZdAPFaDbbRa6kcreipBKothrWX27giBCyTx2CJa,CWiNFAEk4M1y6SjvnZkmxWDmhqSmnKFcnop1WoDW3S2J,1.000000,23035389558810,1607293
C0,452957814,1791036996,AABsf4iXwwyibYxGsxKug81sPUiYaPtosQ84suuSabJU,6fAV85kfyqXexp7uJVqByxDehU61WGVq8YD3CSWrYwQ8,0.291567,10194927187743,1607389
C0,452957817,1791036996,8poWAa3vgvpDkvWJhxswv8nKm9HBR9U72swqnJzHpump,HL1oF2j9C1HtAMownXKsUhXQdMgJLTSt5T4iENV55tTY,0.550000,18240512036142,1607571
C0,452957822,1791036998,2pJrLp4R3bH7TosrgG9B3gWRUwvm8RfLoMCknTMepump,BXB7FF4m5x74ZoUvVHfPJnVBbqWHpMEU1WNUZAL9W8PL,1.000000,32955762800425,1607968
C0,452957824,1791036998,DVTKvmWZ2KgnAGC7RLxsopa2VyyTx1CDZG2c9neVpump,2FfEBBV6hmtXc7bQyXk3hjQwsQaUMcKTEC1DWQqvdwzu,0.197987,6948618075286,1608130
C0,452957826,1791036999,HRwTVgvGFwDSeXeGKcGW5Ufhk5qD31RAqeF3fnTxCizb,6Zx9wRV4kMQPv9x3atiyqDr1qxT3LfYJYEMJyPxYwT7F,0.541977,8458795313840,1608296
C0,452957830,1791037000,DRnMYnkK3dCwypBgZaH5jcVoQHQhoEr8NcMNLJ18pump,3B1C3AJmWftX84XLc4f4WuTXo5rpyXcnrpbBCh9pXjeT,0.991500,36551563749272,1608593
C0,452957835,1791037001,4bkQbfVC1AwqTmNcTxkgJ6fVkQ3UaKwGRxkESmVrpump,HpaaqAgFP76CEEXcrcr9C1bn2Rr5ti4so52gV6P1RyX7,0.183987,6460215454512,1608840
C0,452957847,1791037004,3RRGi7ZcodyqNRNDJEySgCuteuE9AV5MsYjXiZLQpCJH,2T3U2FzVKVWYvdimQESxo9gpTCQyJ4rYUAStuitcAgKQ,0.150000,2557239374212,1609817
C0,452957847,1791037004,GqRXbwAEuBDUezYUPtVyKExp9dey3qq6vVQWpgaYpump,5VkBjWtL5SuGsRfeH3gywLHff3XzM5irZ1BZ3F4yRDn8,1.978697,65622857081287,1609822
C0,452957849,1791037004,8H5yfL1GoDETLDaLYZzrgQuZs37eiKJjdfP21b6ypump,F7p3dFrjRTbtRp8FRF6qHLomXbKRBzpvBLjtQcfcgmNe,0.082541,20140717530,1610029
C0,452957850,1791037005,c2fJFn3satRgWcpdYcTP7smQHLKQeL9eGL6zMyVpump,3B1C3AJmWftX84XLc4f4WuTXo5rpyXcnrpbBCh9pXjeT,0.991500,30501138945048,1610052
C0,452957852,1791037005,GAwhcphCqCv5bKHmCiN4VDdNWfbXJL4npmkc8L3Q9S9H,shakRDxyKwaBbduqZTZt8Q4etTALbDLnAANStv9TLH3,0.088550,15567615518,1610199
C0,452957859,1791037007,84C9c9banvAPKTukJxNssfL7aLodSgddzRmoRpQFpump,4Sgm5SNaPw9hcRpDgSyyjjDiA2qgokCM6KgA9jBFuU53,0.250000,8264252917344,1610645
C0,452957861,1791037008,C3FQhKzfVoJikDFHeW48pgAfK7SQ8kNVoTYrD7yhpump,CWiNFAEk4M1y6SjvnZkmxWDmhqSmnKFcnop1WoDW3S2J,1.000000,27749394519862,1610750
C0,452957868,1791037010,3aTYty74fNwRN9nCnbNMERX7abNbvnTvnnr3mF42pump,Fi9fjEmzM7ieUEwT5LtFiYBrnz8EFYFYSqgZg5F2T8T8,0.642900,14746538359062,1611258
C0,452957877,1791037012,GpkqoDiiiPRSaeS3PTqmf99y5jRLfCEuq2yrU8Kspump,ES9zJAMZFYUB1qJyzLteoZVpYiqVKubSNET6K7oHRR3A,0.059399,2094174425768,1612033
C0,452957885,1791037014,EATUdKyBB5K3y4jY2QhR28QcLaAmWh3Q59tkMDqipump,D8na6cgPt5ndncmzZJNyofVMeRnRBnsj5VWjznY4C7yt,0.098997,3485709524202,1612683
C0,452957886,1791037014,6Fzn6PtAiVFvweUibxAiqQrofo138k9YZtJ1HK9EVShp,2tgUbS9UMoQD6GkDZBiqKYCURnGrSb6ocYwRABrSJUvY,0.102787,1613388112606,1612787
C0,452957890,1791037015,2YYiCE1LYiD59XoUpQgkwSFZ4W4JnBCN1CBv4iTppump,3B1C3AJmWftX84XLc4f4WuTXo5rpyXcnrpbBCh9pXjeT,0.991500,46462280680176,1613067
C0,452957902,1791037019,GrBJDF6BhvVGv5w9EERV5dEvPgPFhsAxGspCFVoupump,GaMPRt9yhnhRAB134imiwkmXAtVYkcTtZFzF1nBeqw6H,1.503046,50591814205825,1613920
C0,452957909,1791037021,ZTPMXEDD8pSarMkK9iLq4Y4Lr13mHUrpHwPfp8Dpump,3B1C3AJmWftX84XLc4f4WuTXo5rpyXcnrpbBCh9pXjeT,0.991500,47601793790401,1614481
C0,452957913,1791037022,9HHiABAhrKYL7LzMHAu7W95wd6jPwvnkRx788PHZgJRF,Da1Erpm3FoS2f3Sto7FfVVnd8S2acvQyxY52VDmpH2iQ,0.128442,2979671392633,1614802
C0,452957924,1791037025,5ytCTHr927pLeaNVEoE5JcaJSiQy3YBSghjzf5R2e4Yh,3B1C3AJmWftX84XLc4f4WuTXo5rpyXcnrpbBCh9pXjeT,0.991500,50231811714070,1615700
C0,452957932,1791037027,499DrtCapi4wSLnZZBY3RASAqQkMDysy6e1L7i2TMpXR,CWiNFAEk4M1y6SjvnZkmxWDmhqSmnKFcnop1WoDW3S2J,1.000000,30117889162759,1616329
C0,452957936,1791037028,83qtar4BCJrWEdD8cwmKjpu8dwPbqKdeHZo32PEjpump,7gLVfZavnRpuN5iFQQYAvRpbyvNkARhy2sURRvgsaFby,0.480000,1315157918174,1616639
C0,452957943,1791037030,FnacNFDYBGBzf6zVijxWUd1oAieBpd7KDXfadDZ4dApA,3B1C3AJmWftX84XLc4f4WuTXo5rpyXcnrpbBCh9pXjeT,0.991500,27709613470641,1617214
C0,452957947,1791037031,92G6qAymyDNQe4kaBoB9h2fz6mzsYJrEV3T5BetZpump,ARu4n5mFdZogZAravu7CcizaojWnS6oqka37gdLT5SZn,0.683570,11974406723848,1617504
C0,452957948,1791037031,9ZG18jFHqf99txMBsmk3AXYYCkzLGfHw2GVBbGv45gfF,E3rMjNHp8uFKbwZuBjGwGMN1GntiS4KLnu6ZdBYFdjAi,1.000000,16683529966633,1617518
C0,452957955,1791037033,4LBPTZUaJdBNHEEBbzFeMXaaZzD5cggtsorwYaPtzbiZ,BuGacsFWAqk8LZk7SPcJ2iqdGdUnPyTqvwSVUU48ao5o,0.129569,1182358979516,1618118
C0,452957956,1791037033,7dhVFTVzQ9st6dXLXrt2Tvq9NKRsoqn82kZNnaaWpump,8N4CBW2aX5jzpZuhsvzB5AXwLmfBJZEU8mYnC84KWrxF,0.900000,28077964708103,1618126
C0,452957962,1791037035,721rsquQzb2SVdQoS1pztW7tqbw2CinxV2ZSosVepump,3B1C3AJmWftX84XLc4f4WuTXo5rpyXcnrpbBCh9pXjeT,0.991500,46834845865011,1618662
C0,452957976,1791037038,BLYhFQZR1Yc8aDiw96SsWRudLi6xh4JRKdMwhjjS4qNP,BuGacsFWAqk8LZk7SPcJ2iqdGdUnPyTqvwSVUU48ao5o,0.064089,1636492625443,1619541
C0,452957977,1791037039,39unCNBFgsyGy4kiXptetaqhTBvxAYtRm3z8PSe7v6vE,HroCa5trKeQi9Y85JPr3h2TXm1CB7AimiYJLp2hP7aPy,0.109890,3622500010785,1619628
C0,452957986,1791037041,FdqkwEGXhyvZ8huTDDHLQE2ZnTEfTQQ964vEqQhDrWAQ,BuGacsFWAqk8LZk7SPcJ2iqdGdUnPyTqvwSVUU48ao5o,0.107758,1541392737202,1620332
C0,452957997,1791037044,3aUCEMuC4EccrUwCLiDuaHFcdAxBMCsRVwFKj7Kapump,7K1ygpyD3EXtyfnQ1X8Vsk5tn2PR7Whah96dCZoR7uZ,1.940000,53645988602995,1621094
C0,452958016,1791037049,25LPsdLW9aA4QYipcGvTutB1n5AhQ4xyYqg3bUkbpump,BwWK17cbHxwWBKZkUYvzxLcNQ1YVyaFezduWbtm2de6s,0.051894,2211433900129,1622589
C0,452958019,1791037050,AzwewLAyFEt7yLBRbmfQEp5NHF3jhAfxfLvYfkFL6NaH,6isWGQL4i1tXfXVNvrrJn9TQXJSNPiKt7ZiU28tAK762,0.100000,3446746887194,1622870
C0,452958025,1791037051,AUxp5nVeBw2wjNCYSPcjbr4LQB4PWkkNwGmu5y54dtCB,3B1C3AJmWftX84XLc4f4WuTXo5rpyXcnrpbBCh9pXjeT,0.991500,22298831960600,1623276
C0,452958026,1791037052,BBXG2FPLFsr4ibJhtnWYz1Nu3GtPzaEA3dPu3CJopump,ES9zJAMZFYUB1qJyzLteoZVpYiqVKubSNET6K7oHRR3A,0.100250,3529685843060,1623374
C0,452958039,1791037055,BARjMMjhm9kit1uGwHQQbuETQEkjP815DWSGKA6E5jbe,BoEVpctnMRtB7XhaJ99gNRGhP88HojtPvJ76BwX1gUwQ,5.062500,153285714285714,1624392
C0,452958041,1791037055,BkH2WCpnrMPjCnGDstsVFHezcbgZxAgdhM5Y2R2xZ6oB,FaCYdntuk2w3KZBj4Jgm1THMG5dHAHGrW8X7VGU3wh9X,0.091125,1320227343281,1624596
C0,452958051,1791037058,Ea2qiPRE3xPo53txg5p1sf66wseN1GREBMSkdqXapump,2pcL7kT6wK1Qh8Kp3HAkaDDQzhu4PHrnWmspqs1oqXmb,1.546618,33951418734064,1625352
C0,452958057,1791037060,4RZSpXoAKoxQwtNr5NfechsFeMM9UqfNsf3Enk1iH2vr,CWiNFAEk4M1y6SjvnZkmxWDmhqSmnKFcnop1WoDW3S2J,1.000000,16695353146401,1625855
C0,452958061,1791037061,be7fctsvhDHS8ZBnXj3Lkz6NckbRZm4JtTs6g7ppump,F7p3dFrjRTbtRp8FRF6qHLomXbKRBzpvBLjtQcfcgmNe,0.760284,11642718487,1626209
C0,452958062,1791037061,5wW9mhbwq1HTFh341iimpmrqBB4mfxdXiYhdYBL7hUnp,6TYDxGmVxkBPBmEfnmLXx6jVff9LknsjRHqdTjVyZmG8,2.516530,1383128411169,1626266
C0,452958064,1791037062,Ao7VqgksoFWA88UK6HofmX14be9aYGEFrKCNfEQDChS5,pBTiFEds716DaFSkjGbetxk6eQMYaoDQ7ySU2b1Y7ow,0.150000,4299661617099,1626413
C0,452958068,1791037063,2JaA2hV3KzByrqsN1b45fkwKYx8jiT6LMWKUVUb29fJt,DbG7RyLFBWXpEWgfKUA8qByvBZEZ3chqGh9TLkpjpF3b,1.822500,60735849056603,1626780
C0,452958071,1791037063,8hXKCngHWuL2ANf3skbcgG6b3wKMediH3k5FUiwN3qDJ,2pcL7kT6wK1Qh8Kp3HAkaDDQzhu4PHrnWmspqs1oqXmb,0.506250,13721227594438,1627050
C0,452958073,1791037064,nR36maAgqkpmV7K3nqHANiaXVNgsmcFJep4B1efdYa4,6anjqMeWigQFo5wpciARAunVQUXTqoat8w8fFWarCkpc,0.500000,8969581216344,1627324
C0,452958074,1791037064,7ZLJiDV4g4m8uN5Am2juGghyjkNyQiSfreXockWApump,3B1C3AJmWftX84XLc4f4WuTXo5rpyXcnrpbBCh9pXjeT,0.991500,49153945921325,1627339
C0,452958077,1791037065,8VDTHpABaRAgkqDT5YNGLk2XpJJrqP5G9hkZ63Udpump,FiFawHqxeTVBhv6YbqbLwDVuvokRpPUM1bNwAyxhGc6W,1.960284,64924783000000,1627557
C0,452958089,1791037068,63xsGSDTvqsVBRr1zmzQxa71XaXCa2gx1MLKR9KFpump,6VcgH1SLdsSBWGwyRygV7w5BGSrfiR1vdWSKDFgiAn4G,0.060151,2120630001336,1628433
C0,452958092,1791037069,Ca23RtWLDFpoNALkwUZ8kUAX9EB72tRYxpaNV5SQsjiH,FFdBLYqL9rs5fUT38ArE8GV2L3BziEgG5LJUu6sshfkF,4.050000,126235294117647,1628688
C0,452958094,1791037069,5YTmkdUgZtEEzno4MgKaUroMZd18hLyS1ehQLohSpump,DJQwtiowTJmAvAu4vhCaFgPiS3nnKD5r5agZgBQEdHK2,3.000000,96449438144093,1628837
C0,452958094,1791037069,4ErfHZDqrGRV8mCnCruk8oqABCgBhhWP5yNeG7EiFbbF,3B1C3AJmWftX84XLc4f4WuTXo5rpyXcnrpbBCh9pXjeT,0.991500,50154693092634,1628865
C0,452958106,1791037073,FvofuLhf8j3TsFAe4noUnUANNwa4nSX4httgz1zVpump,3B1C3AJmWftX84XLc4f4WuTXo5rpyXcnrpbBCh9pXjeT,0.991500,47860211729645,1629729
C0,452958117,1791037076,9PWTiyva3vW56JM54kUeDs1RMMuDabq9voi2LiJu21sV,BPUhUcAtPp4bA2dAEJTJrzhbficSAch6Zc6tHWdXkrTc,0.940000,28695600124689,1630718
C0,452958124,1791037077,D5j8DDFLBPhThffdJRrvBrX5iDKa29HuTm9Ae9dVpump,BwWK17cbHxwWBKZkUYvzxLcNQ1YVyaFezduWbtm2de6s,0.107908,3630359362127,1631422
C0,452958125,1791037078,4tZJ6AkH9NSdCGV5wxzrSJqFJ7VAqhLGtGSkH5VCpump,3B1C3AJmWftX84XLc4f4WuTXo5rpyXcnrpbBCh9pXjeT,0.991500,35382681740619,1631465
C0,452958126,1791037078,4VfaV49eiEPKr3XC31oZjqsLoCnfYjgXtaqf3Tdx782f,E3rMjNHp8uFKbwZuBjGwGMN1GntiS4KLnu6ZdBYFdjAi,1.000000,19180822431713,1631493
C0,452958126,1791037078,FU36e3gRF3oJUgef7Xn18JPUQRuN548S8PhL65rECaYV,3K7XMbqvFTKT211Dqu8tXC1iK5vmQQ2MZp5mxSdEzWvx,0.978453,731147357845,1631521
C0,452958130,1791037079,Gt4cxo7LFZt7doKdTNn2SVs6bwttcybupNxXWgN5pump,9p6f4N7t7eXyFk5Dr6D7iM631Z9pjZi99uuYQ7Eo58LY,0.400000,12196341224597,1631792
C0,452958133,1791037080,Fyko94e1Rmh1QCFC8dtNLVJfmZ3XQhXbG93MiU2Dpump,sssssDdMNAWKingjpEojkTNdVuZrBe7FsJLaGtexe7d,0.866902,13001616707830,1632006
C0,452958133,1791037080,2sY7rkMCQyFNcSpHm3fciJf2ptYRg3cYpn4srN6Bpump,Em8J3gBWapfVBGVhVipwQnLrqCvnWBnLajw6XFsFECPF,0.244928,6111546082,1632069
C0,452958138,1791037081,CfXd9sfm3Wf5mkkfFWyRJnM1NruWq1AXJ5ZqvxUv41pZ,7kGAXsa7n1qN2FuNoJAGmzebmN9KqqLAHcwj7gvoekKk,3.037500,97545454545454,1632415
C0,452958139,1791037082,HxdKs5T8xTyDWvtuXhFXTxJhLJ3bom46M2Xp8kuJpump,3B1C3AJmWftX84XLc4f4WuTXo5rpyXcnrpbBCh9pXjeT,0.991500,47473300074080,1632526
C0,452958143,1791037082,wJCJmcJLnbCKbVkXv3oG1ApxwkiiEsCQfdcSR4hTL5R,7gRgFE531zymDuzmK72zimTHz5yJ6sVyKMxEX29ok9Rj,3.037500,97545454545454,1632842
C0,452958146,1791037083,2ZoiMe6J7XJ2DTSE13Cv7yDiSJpcDgBiCGm7XGYypump,GTW4HfwbJfmjG1xCRQGeJixRJLbEtu7e54uE3b2ATfXT,0.100000,719575209558,1633192
C0,452958148,1791037084,Ashxyc4G8scYGC3MZauMwaaN1nhtjJoaAbGaP2f4pump,FiFawHqxeTVBhv6YbqbLwDVuvokRpPUM1bNwAyxhGc6W,1.959874,63808367000000,1633346
C0,452958175,1791037091,D69eVDZays9ya6uncTDTBFT3oaGMGvrwdiBWEJ2Zpump,BwWK17cbHxwWBKZkUYvzxLcNQ1YVyaFezduWbtm2de6s,0.070453,2901227789855,1635844
C0,452958189,1791037095,GWtL16X7SpEJbQgHuszUNVLhR22iEJM9L7x7Rkwvpump,7K1ygpyD3EXtyfnQ1X8Vsk5tn2PR7Whah96dCZoR7uZ,1.940000,53645988602995,1637096
C0,452958193,1791037096,8uewdmpfjprkkygotC18FUMKBGEvGER9GP18eCUdpump,AvzrpAqdyp1YRa6JgNtrK84hyoxQia1TwPQWqbUURdpG,0.198000,5756020406459,1637426
C0,452958196,1791037097,9hSfBd6KqUsEVdzm7H5NpbLoZpNJsADbKCWdXa55ijRL,bwamJzztZsepfkteWRChggmXuiiCQvpLqPietdNfSXa,12.000000,303858407045613,1637755
C0,452958202,1791037098,J8eF92wkAhpYEZTJdowj2tJfyBZQRoE3wYiSrqaTwgZw,J1zfVjuXgFd6oDLXo2w5vpBi17iGFQQvYb12ouq75JdH,0.101420,893254442426,1638264
C0,452958209,1791037100,GPDnvKFzVvrCYbbGpPjnkQzhoJaCVY9TjydGbV2qpump,BwWK17cbHxwWBKZkUYvzxLcNQ1YVyaFezduWbtm2de6s,0.244054,35660775568749,1638878
C0,452958210,1791037101,26Wdw1hYNMj4kFgR1aBo6G8mAkeezHctnhoTnodfpump,GtaJoYuRa9h1T4miw8zD6rdtiqo9QzjSr7jTuRMcL5vE,0.199969,7017716698402,1638914
C0,452958211,1791037101,AaUmgj56zxD1npEBFZSAABqWdURbyCQKNsQSBJd2cXqp,B5rVKC4t8bUgtNmmgG3CEyBc7WVR883bwetp8ciW1cvW,0.099000,3293927768247,1639035
C0,452958215,1791037102,Btw9zgKfXV71WNsFDGnQ1yFnbEUajciukURwJ7drpump,ARu4n5mFdZogZAravu7CcizaojWnS6oqka37gdLT5SZn,1.648024,15344068584723,1639336
C0,452958215,1791037102,Ard8dTZH5sBuyGevGsCdmLCFeSTnQnFGm4B7yQn8pump,HL1oF2j9C1HtAMownXKsUhXQdMgJLTSt5T4iENV55tTY,0.550000,18715079592532,1639373
C0,452958224,1791037104,4TyZGqRLG3VcHTGMcLBoPUmqYitMVojXinAmkL8xpump,ARu4n5mFdZogZAravu7CcizaojWnS6oqka37gdLT5SZn,0.671981,291326164019,1640252
C0,452958225,1791037104,CiCJ1CV7vThRs37PdYXRhzTMgiMiV17LWWeBUFGBpump,AMDEmVocLtN5ji2gBY7BrmSHEyM5vt6TGszBbg4crMXg,0.708750,20549760158527,1640334
C0,452958239,1791037108,9aCktzmSFcNSs3RRcBL2TzNKbhCu5RboCiGLhCV76Xjh,HDRxoQ1RbK2upKCqYMyqvnjb7LRAJef4GAN5LvjL8UT2,0.400000,13946385004194,1641822
C0,452958246,1791037110,BSp5dhuFQbJRm6BYZ5CfuVsz95iEecpWjAmTMnih8prP,CnTeYCBA7Hzj9r2s99SaEXKYpiWixtMUkqZWHwyNbm3g,1.500000,50494117563253,1642925
C0,452958257,1791037113,B4Gq9t1cA9ErHTG6N2zvKo7ru9b5mX5beUB5cTZdztfm,2vzVZeQvwqcDFcUCr71dFzhHARVhs4Km2zMgPtxqL2u5,1.140156,27231434926892,1644056
C0,452958259,1791037114,5gLWNNxbBYWExraydhUmRU7HgvQ8fGVQC4HndkCyBvjh,CWiNFAEk4M1y6SjvnZkmxWDmhqSmnKFcnop1WoDW3S2J,1.000000,16695353146401,1644276
C0,452958263,1791037115,8aFcnL8jbpJC8TfibkZm8MqHwn6NCVhqxVHJpBKppump,HL1oF2j9C1HtAMownXKsUhXQdMgJLTSt5T4iENV55tTY,0.300000,9846873618815,1644835
C0,452958264,1791037115,DhnqrdkZTGPbq6pgHsijwnszVnQgWsEsG7PbRh76hr9X,Dz3cCju5E1fmjqtscZg52xg6CXA7B8yCEYt5RPHsyuvp,1.012500,34612903225806,1644891
C0,452958271,1791037117,eNEeCdCUGGvXfaSpGNaG2fA6rL7GeMSyzUjT4XVpump,7JCe3GHwkEr3feHgtLXnmuJ1yB3A7coSeyynxTBgdG8k,0.123637,1280840371700,1645906
C0,452958293,1791037123,5YSKsM3KgXjWgJEY6cpzUeyTUY4x2c8JgC41FTTypump,HL1oF2j9C1HtAMownXKsUhXQdMgJLTSt5T4iENV55tTY,0.550000,18723001925420,1648492
C0,452958298,1791037124,8k4sBtEeK4pf26noKqApv8NBTnuSJcbdwpKYknk5PbAA,6TYDxGmVxkBPBmEfnmLXx6jVff9LknsjRHqdTjVyZmG8,0.757978,44093823403,1649321
C0,452958299,1791037125,CDdAeSbFWxCjRAD81vvztUZZ78bp3x1o2T8vywnEpump,CWiNFAEk4M1y6SjvnZkmxWDmhqSmnKFcnop1WoDW3S2J,1.000000,22966033021489,1649432
C0,452958308,1791037127,3iZLCTqbmfBo61dnxRThwvJGUENqsJzNZFLY3hywpump,ES9zJAMZFYUB1qJyzLteoZVpYiqVKubSNET6K7oHRR3A,0.150372,5285747121422,1650485
C0,452958317,1791037130,5cVcEbR6fxEVDyRxAmpCZtW1fTFF5RARqBKaoSd1xvgw,pBTiFEds716DaFSkjGbetxk6eQMYaoDQ7ySU2b1Y7ow,0.350000,9202893664820,1651504
C0,452958321,1791037131,DSmp1qi6fAGn9Xj4cztBi8B1UJUBoiADn7QPhfEnsFq6,8rpnuCgDPWzUaQxJKrxBP4PN199pbs4dip3BEU6mHPCP,0.098765,1092094118580,1651941
C0,452958328,1791037133,5gENkuryXZY4ktTjW1z4WUHSt3wAb7Lo4baVfWJkpump,CM8eJsqqgYyXiZXk1cwX9k5CgAm84Ut9ucHsCTtvqo8H,0.253815,8891730237825,1652541
C0,452958328,1791037133,A6nmQEYUdBUdSZiJGjWCJp6aHqGgQmE8SjwEF8S7pump,5aLY85pyxiuX3fd4RgM3Yc1e3MAL6b7UgaZz6MS3JUfG,0.409478,15990250701452,1652629
C0,452958340,1791037136,j6reh3L8mzZweXZSFEev7qADjGSuzvbYz3WE23LqX5L,DbG7RyLFBWXpEWgfKUA8qByvBZEZ3chqGh9TLkpjpF3b,1.822500,60735849056603,1653691
C0,452958342,1791037137,9grT1sAsZsZqnS5XnZHJyacLb6mBhPgqj7wQgLFCpump,BwWK17cbHxwWBKZkUYvzxLcNQ1YVyaFezduWbtm2de6s,0.157361,5257355350089,1653885
C0,452958342,1791037137,AQw8LQ7nUWtSsmHHxLL2XeGGV3kF9EKY65YqCinVvSZx,bwamJzztZsepfkteWRChggmXuiiCQvpLqPietdNfSXa,5.000000,151660777334045,1653899
C0,452958345,1791037137,2R9pnAQfqUAZqvtNwAiUkWaQdeYnMjoFJbRAewiS2mMB,k7DVoHkWGGiRrcqmAgkqo1NnJfj6PiFTffCZRuZ41L7,0.220000,7715639753410,1654154
C0,452958345,1791037137,AoHPknazJrezyQLKemrhqfsco9cX1DXbpqvCKAaBpump,7K1ygpyD3EXtyfnQ1X8Vsk5tn2PR7Whah96dCZoR7uZ,1.940000,53645988602995,1654158
C0,452958346,1791037137,A6HLQLgGkh81fLunBgffhG5nCCryJPdfzum7Bnh5pump,DdBiZ6wdGp6g3YKwWpJj6ZzFDUQ8ChSpFGYhMyw5Vjfx,0.073753,2599028323843,1654277
C0,452958357,1791037140,Goi7BhJLGPPouVzY1x828JdfFKvdRHpQBuCXKZnWqohi,7gRgFE531zymDuzmK72zimTHz5yJ6sVyKMxEX29ok9Rj,3.037500,97545454545454,1655285
C0,452958362,1791037141,GXDfUuNKXVDvKrDW4Uvo2FLA89EgVvr4DYJrNBkwpump,HRCUUUv5dHz8ftFbuC5L6Xu4FwdLWKrtqCCtf9iKJCCR,0.198000,9922392664723,1655750
C0,452958369,1791037143,5LdT48yuqiBmsdwXKDGDmBw3MZc2ZwRKxSu5kGTSNxmp,6anjqMeWigQFo5wpciARAunVQUXTqoat8w8fFWarCkpc,0.500000,12149292269636,1656421
C0,452958374,1791037145,CSLFSPXCWaWZcKLk6qwZgyyRe27iq7drEwoDT2H3pump,BwWK17cbHxwWBKZkUYvzxLcNQ1YVyaFezduWbtm2de6s,0.157814,5202040462437,1656921
C0,452958376,1791037145,DA3os8LeYyyYXXDb3KuQEmuTyL5EHLb1SmqzMrVcpump,2FfEBBV6hmtXc7bQyXk3hjQwsQaUMcKTEC1DWQqvdwzu,0.247480,8671591758466,1657177
C0,452958376,1791037145,2271oJkbpQeVW1rzeUtfPThAnz8GepPgNWNiTs3PbgGq,k7DVoHkWGGiRrcqmAgkqo1NnJfj6PiFTffCZRuZ41L7,0.220000,7715639753410,1657205
C0,452958382,1791037147,26WeRMpA8zT3B89Bu62hpAWh2q2xAkYBjmHZNyAupump,GtaJoYuRa9h1T4miw8zD6rdtiqo9QzjSr7jTuRMcL5vE,0.199969,7017716698402,1657722
C0,452958392,1791037150,HbmTmUns7tKSKS22SqMbd7NuN9AmrDywM36vWL5Nz4iw,6anjqMeWigQFo5wpciARAunVQUXTqoat8w8fFWarCkpc,0.500000,12149292269636,1658818
C0,452958407,1791037154,Bmigv3AhuXeEK3UUrKHRqgFFL3YstwreysNDUJEdpump,4c5kmFWxdxyHaJ3wZN5cxGZ7vDN4rCKnbFwxvYimXyPb,0.977200,27779449546193,1660298
C0,452958413,1791037155,ESn6yfRSNokAZPuBFcpN5Y4mMy3VZAG1fk2dwFX4pump,haqqiUUXB5gp7gDbSjpEkw3phAjQb25r86uXJsZQgWq,0.750000,25855421589181,1660875
C0,452958415,1791037156,8HjcCM9iKj2jHKmkFuSdG97wi2H6guXKTM3fr4uwpump,6qKh3CAbb3ujX6hauTFGr5XqjANDpitSMeVmc2NxC8XX,0.098997,3485709524202,1660983
C0,452958416,1791037156,EVxZ6UXe1QMexJeM6sBNMyCySEvinjUfECizfSdPpump,GePaAUXD4XyCSZnzUjLwFrcWM1rJHtT7powVZPJ6Xjft,2.469136,5841151927961,1661036
C0,452958450,1791037165,8rjh414TtiaXMHPiUmo8ThmUm2UDx7vMmKwi6PcWpump,B5rVKC4t8bUgtNmmgG3CEyBc7WVR883bwetp8ciW1cvW,0.099000,3462511317522,1661104
C0,452958451,1791037165,HVm64R9vUbEdm4bzSutFduESg7JLHQkxtsNPcpCYEToW,5bb5kQKhp4zT3MYuFp7QSpkvJkghfLp6yjQbvTDLK2vy,0.498950,7862697219468,1661212
C0,452958462,1791037168,DwoMMA1YSQqaZGi914zsjvAJB7efj5eCZH8Tq68Lpump,DHWV6MwD9X3JmHCaXPJ6JtvHmccVSBKoGzYFzgmb5yds,0.110000,3871740153629,1662036
C0,452958488,1791037174,GiTJz1HHVwfkga7LHVfdPenZhYdstgwZTmTHcT6CfAnW,3tNPvytXB9yTZLgh5RGdjrXVxHp89vGeCiwx9juqgp7q,1.721250,47788839402672,1663792
C0,452958491,1791037175,DEWT1SRTE7RfginebYugRPFLzsJiBsoXoh4oYjvQpump,BDRHqXck921gb5szXhvMpSN9jxMr5uj9DuyzYn319RLe,0.273728,9582977929650,1664074
C0,452958491,1791037175,6QaEdau4rSC8mCttwDyVNnFha8Y78oYtbA8j4qyoitdd,AEgTuy8Lg4wfnjm285mk3P2k1p39ofqNXk8b5VtYhdCs,1.500000,23564210676117,1664076
C0,452958492,1791037175,DVL2mEFgtnyFL6m2HG2RCiRCaxazKkQ7kuTiCt4rpump,35dszeQQQzkMvjcmyrPWPnN5ZyK9ZjYkNp9kKXZWMvji,1.235706,7696876607662,1664186
C0,452958494,1791037176,SPqTn8KkooByR41x3SsaNxGxXDqPFFRXR2Kkt8TJhSK,BuGacsFWAqk8LZk7SPcJ2iqdGdUnPyTqvwSVUU48ao5o,0.230083,1087603663243,1664349
C0,452958500,1791037177,8Njz4HRD9dgBkaSDtv8PbdXBTNnGyMsdFM3776Fmpump,5EnZkxh6cH4rPEd1yXa8xbM4nx6oZDpng4xYcRg11XPj,1.002198,34271956398008,1664842
C0,452958504,1791037179,BEypuER3paiRNpn7ofptD7eLJkttoJTrGeKThf91pump,DdBiZ6wdGp6g3YKwWpJj6ZzFDUQ8ChSpFGYhMyw5Vjfx,0.098997,3485709524202,1665062
C0,452958518,1791037182,H7XgMxDg4sreVqyzCLMbLE1T3vgkCt2JahtthjNgkdsM,4UvPYKxeQV8qFZXpgbrLoZGDFgtmYKSR5wvUo9K3fKga,1.026639,27156949796796,1666142
C0,452958528,1791037185,EqFG72Z35r8cAV8mKu3UK2L8NUTR1ZNyMr88E4BnwN8Q,35dszeQQQzkMvjcmyrPWPnN5ZyK9ZjYkNp9kKXZWMvji,0.197082,1670406628211,1667011
C0,452958532,1791037186,D1nTjyp6hk14qnNvCap3rATeB6yj6BxoPsZ5r9Whpump,DfjjNvKhzm9jBvJegMmFjxetUDc2j9VYi7YRjRu4KiSg,0.202500,2241500834880,1667341
C0,452958534,1791037187,CXt3D3zHU6Mq4KGxDPMhqjqPWt8qXncbAYu1Nb1Hpump,2LH3udFpRTwvwUfMNR3MESWznWW57CbuQirhm3QmKJtE,0.506250,17590163934425,1667439
C0,452958548,1791037190,AzeNfRi7DX5HndH7dUgCxMD5sQPV7FPFH1cwDkoqpump,ARu4n5mFdZogZAravu7CcizaojWnS6oqka37gdLT5SZn,0.217182,56972450725,1668529
C0,452958554,1791037192,76dABjXT8aAMYLSyKHPbUakVbVCihcuRAD2y7nt4pump,BwWK17cbHxwWBKZkUYvzxLcNQ1YVyaFezduWbtm2de6s,0.130734,5326669666762,1668967
C0,452958568,1791037196,26WTpiF5P5EVd4za5dm2AMtAzGcEinD1uyoZVx5Spump,ACeUotKyioPgU4N66Rw49fN2i6QcAFuy2MRJwUoxm1UU,0.208965,6518218741662,1670087
C0,452958571,1791037197,DqdXs1NgqusU62dMzDgkV3QScQdrMWf9H8jNVRy4CD95,Axm2zS16FTxswCq1HocMGGqUd3a5MZ7Sd7gG5VnMfuTn,0.495000,15415722431129,1670794
C0,452958571,1791037197,CmhgBUcgeXT3cU1CvCGCcbLuvic7oD8HLi7szdjCpump,BuGacsFWAqk8LZk7SPcJ2iqdGdUnPyTqvwSVUU48ao5o,0.153849,5072181050698,1670900
C0,452958580,1791037199,J5gSpHPQ3eU1iye8XTpFF1usGuwmds2rrkVpxnqeq4zL,BoEVpctnMRtB7XhaJ99gNRGhP88HojtPvJ76BwX1gUwQ,4.455000,137244186046511,1671772
C0,452958588,1791037201,Hh6peQ7XHpzaobRPjppS2dDryk11krMSdPp9AJ8ypump,E83AvoFVWPbVx6m5TvCQytifvBts7p1YF6f4bbNVoydU,0.100000,2917253122736,1672405
C0,452958589,1791037202,H16ivwcsE5Jvm1itqnyf8GK2HvFoUAYSMwphTjr5pump,618CHAKV1Ugsbdp4zfP2PYoGDwrfAUgGYPg8BK1sfxJA,3.000000,45336286538730,1672489
C0,452958591,1791037202,5eEAyHGD5yGnwxaJLzjhUdGrZE1S2tzySE5BKi3Sf4Po,VJSDW6S74YXR4rRR9P4xwhMvLZJQMhrUb8XMFirUsy1,1.241759,36036004347320,1672642
C0,452958599,1791037204,3yZiYqyVwnPQcY9DNRfvFRhwRcHdyuvNL54xXrdKpump,7K1ygpyD3EXtyfnQ1X8Vsk5tn2PR7Whah96dCZoR7uZ,1.940000,53645988602995,1673271
C0,452958600,1791037204,BBqWDKFarT1wNAcuDjZyrgpHFu81Hmu7SJr3W7xNpump,Em8J3gBWapfVBGVhVipwQnLrqCvnWBnLajw6XFsFECPF,0.080190,3848026803735,1673419
C0,452958616,1791037209,J6sAwX1SQ6KaztfivZXNggiUo9YGxcQueHUqwnBapump,BuGacsFWAqk8LZk7SPcJ2iqdGdUnPyTqvwSVUU48ao5o,0.090464,2983707755546,1674527
C0,452958628,1791037212,BNvJXjnmBuN7rydKVoBG9fcF37U8ao7eLYb9khYpR2Fj,DbG7RyLFBWXpEWgfKUA8qByvBZEZ3chqGh9TLkpjpF3b,1.822500,60735849056603,1675432
C0,452958630,1791037212,ECqH6DKiDrGKbQPhbL6fccqxMWjz2QK1gbTQH9XXt1aL,78PHxN4i8EQFuosWCU5tdQGV47NdSun2nvEmzwNniaVu,0.140000,4922824771388,1675555
C0,452958660,1791037220,DKeE5gZEqRuvRCFa7Kgzdqd3QyJaKSrTFnDmGUHopump,6qKh3CAbb3ujX6hauTFGr5XqjANDpitSMeVmc2NxC8XX,0.133644,4700309687717,1677653
C0,452958661,1791037221,GmSLxgPMkPnidej4YDDWZ59V26eVdFxmi6FE9VEVpump,3xtyS7oYkE8wQ3uZN4uMf3jdhBj5SKnM4HM6kZr7M6uc,0.400959,13979392355183,1677688
C0,452958661,1791037221,EN2nnxrg8uUi6x2sJkzNPd2eT6rB9rdSoQNNaENA4RZA,888enCW7bJD1JGJdJpK41wKYdBvRacvMW5qqbynckJ16,0.072384,6630218033,1677782
C0,452958665,1791037222,Gsu8EjBysftuzGazumBFpkE2Ls9m1ibgUSE1aEGypump,straywAWvrXhKJKCLiVwaPvTuqd419c2i4Ry9cvUPyD,1.000000,18153361447748,1678056
C0,452958707,1791037233,2zMMhcVQEXDtdE6vsFS7S7D5oUodfJHE8vd1gnBouauv,shakRDxyKwaBbduqZTZt8Q4etTALbDLnAANStv9TLH3,0.538185,7041589007,1681221
C0,452958708,1791037234,26Weei55mP9cWxxe34b8f9hToFP8yCX6HFQKgKGqpump,GtaJoYuRa9h1T4miw8zD6rdtiqo9QzjSr7jTuRMcL5vE,0.099984,3520370447277,1681242
C0,452958712,1791037235,4hQYNtwesi9HxGy8hWuv2D5hJLWBrwdgUxvU6mMNnAmh,E7hhZy9v9v2WwPx72yf8gTYF5AcJoVaSWVuJ31tueN5C,0.479375,12774251020861,1681631
C0,452958719,1791037237,6dX5M8DY6VTFtVRX5yzWn9RE4MkJTyoAVbAodk6cpump,57eFYzH4hBDDP7XjoxUYw7RFsCefzJ7mSaQM9hkr3DzA,0.124256,5541035474,1682179
C0,452958724,1791037238,9SCoQfQ1b26pffJZ2i1RpYRvi1M9PcsEayDrKQCz17Wq,EFvqgbL9s2MKQaoqtrj6wMvS9rs6k41gYZfXRnaTsSRQ,1.800000,33584074919056,1682575
C0,452958735,1791037241,8f6QkvjYXnjTkHz19yjYoatoyCbDHy3RuoJ7JGrUpump,DdBiZ6wdGp6g3YKwWpJj6ZzFDUQ8ChSpFGYhMyw5Vjfx,0.098997,3485709524202,1683351
C0,452958740,1791037242,4YJ6FyVtnrV6Bnz9NVPFSsqGErqkzLzFG3XLU6SDpump,HRCUUUv5dHz8ftFbuC5L6Xu4FwdLWKrtqCCtf9iKJCCR,0.198000,14648922556626,1683698
C0,452958751,1791037245,B46R1aimRwajLVCWWef8wzn7UruYhwsAyPoSYFWxpump,BTpZws8sRNkiZpGWUfRSMjythEGZyrsKGMVTuqkp2Xso,3.000000,90658978581637,1684559
C0,452958754,1791037246,EgaQiABc6FFL5RugvsNDnnwxx3qxwTQPv1dFF7iWUbY,CWiNFAEk4M1y6SjvnZkmxWDmhqSmnKFcnop1WoDW3S2J,1.000000,26725891433472,1684813
C0,452958761,1791037248,peQovJay3NhcMDSiz2HakMPgwSokCDWvP2sDodzpump,7ttyTk7DyFX3rE2HN8kPe5REV8FtrkPjq9hHRKoxv1D8,2.003727,66401601740007,1685293
C0,452958763,1791037248,neJzh2HnhHHoK2SLn5N9NoZ8n4zvxtryzPkEzWCpump,F7p3dFrjRTbtRp8FRF6qHLomXbKRBzpvBLjtQcfcgmNe,0.139212,745018901,1685402
C0,452958766,1791037249,2NNMVJ5Mt82G3oDKAjb8gxs81bJKHyb2GGAoYEDtASEh,k7DVoHkWGGiRrcqmAgkqo1NnJfj6PiFTffCZRuZ41L7,0.220000,7715639753410,1685669
C0,452958768,1791037250,EWgq2xUb6eVCApeQombkPxd6uFjM8j9zRUXFS9MjKTiv,ARu4n5mFdZogZAravu7CcizaojWnS6oqka37gdLT5SZn,1.157754,1032086796713,1685835
C0,452958777,1791037252,ApmSTUJnGinqRwCcjUrR5SUcYAF7mbJcmAUVNttapump,HxcdEi6CWzQtPCmM8E2maEZ3oYVGZxESqCWU1iPzmhVW,0.262562,327409341533,1686539
C0,452958784,1791037254,6QBLeggrw9TJt1HCvijBpPFJNsagjDbut1estPUXpump,BSP67kBerukLLCxZE4gft3sMQ8ho2sNZuaS4ysrA1dM,0.403084,14052518884330,1687063
C0,452958788,1791037255,2ZSKMrzgL1aPzvyzfM9Xk8zG7bZfvdZkNrn47bos2uCV,CWiNFAEk4M1y6SjvnZkmxWDmhqSmnKFcnop1WoDW3S2J,1.000000,16695353146401,1687323
C0,452958801,1791037258,7t8AeHyifTdJeufVWf3FaxNReRXP6NvQyRQQuM77dgFR,2M3LaoDHX1gsDvXPWubLyYhg3pzw6A5bL89t6CZBYriY,0.060000,1165145726723,1688220
C0,452958812,1791037261,D2rUTUMkUKTZNZiZ6sozzTfeRi2x6Q1xXY3oBEXKpump,D8na6cgPt5ndncmzZJNyofVMeRnRBnsj5VWjznY4C7yt,0.098997,3485709524202,1688977
C0,452958816,1791037262,GBiQwqivsP7UaAvXrUGgRxgRM25992GWTu621E7hJPb7,dKMjeGJ4Mk9S3hxdfTThvZ7exks2xMwWqSM5NvN2CTK,1.800000,33535301931869,1689199
C0,452958832,1791037266,9r1tXSVLKwx3kC2Xj4oZr87oPbhBu51ZcjYnQCMrpump,FdSShBiR1nBtxQzhwNMszyRdcvMVLiAeVraJLvERERZL,1.002972,34297586532304,1690346
C0,452958836,1791037267,GgdAua8qfnwFKZxKEnDqTcJz5jQ81NURPWBK1qDzpump,7HVGmPRxghSWaEMtRmogHeb3avBYYHKJyzmw9CmSndaW,0.179633,92581953182,1690671
C0,452958838,1791037268,GLbpRQx5tXuSP8TNG9zjrcG5NuqzxU4PaUz82rfLoGJG,6anjqMeWigQFo5wpciARAunVQUXTqoat8w8fFWarCkpc,0.500000,10648828622850,1690908
C0,452958849,1791037270,DbRL5KRAun9g4CWs2MVZsitxee61CapEBgx17WzQjpYG,F6pq4UnxJVGfNiFdW9YJG1QPppvNuCdFWTNqdWqpeiCZ,0.714417,2167837671636,1691631
C0,452958854,1791037272,Cax27rPjkBk4JTLZ7LJrcGVgDgDRTxFLVHt8s94Tpump,nya666pQkP3PzWxi7JngU3rRMHuc7zbLK8c8wxQ4qpT,0.097259,2991737301665,1692045
C0,452958862,1791037274,FCHoGT2WULVh2Pcn1934xtqv1UYEGtNGJxgGENZ9pump,ARu4n5mFdZogZAravu7CcizaojWnS6oqka37gdLT5SZn,0.820592,1012149118718,1692714
C0,452958872,1791037277,DGckNwnd9qBqjKHjpniB7Y2vnpp8TNAUTKfq8zrTpump,HyqHWfi3794HXdVhD4jFiGuCcSA9VjYusPJsChS2wde6,0.100000,668029234287,1693471
C0,452958875,1791037277,Chmvh8QXQfjv537YnZTZGqVXWL13EaDgNGQR8ogYpump,7mHmNh6BFNWpFp5qh2VXRNzsK63zZ5ZQGQY77khANBQW,0.059399,2094174425768,1693683
C0,452958877,1791037278,G7nDuu3w34a95iDwbAU2AQChhXTc2acXrp1Ro18N4fi3,3tNPvytXB9yTZLgh5RGdjrXVxHp89vGeCiwx9juqgp7q,1.721250,47788839402672,1693885
C0,452958893,1791037282,B6SQ6eHCyGyif4dAJbnh7nary2V6EGybFVkJK6En4yzP,4BfWVLy15vLYfCbZ3MJk1vSkVBZaKZZPUKWLgwMqZpZh,0.977778,41204679995677,1695134
C0,452958901,1791037284,EfwjViV2snVQb6AY9iAgJh9mJPy8YDZcTaPmi9rppump,BwWK17cbHxwWBKZkUYvzxLcNQ1YVyaFezduWbtm2de6s,0.276002,9063873961754,1695799
C0,452958915,1791037288,hRmonDYUyotTUu7YMagXdkmNwJNHMLUgX76irpN9Bwk,CWiNFAEk4M1y6SjvnZkmxWDmhqSmnKFcnop1WoDW3S2J,1.000000,18986141074265,1696942
C0,452958930,1791037292,2DBMzN8pkKYVht6UszBQjPkJB1KkNVokzYAQqktRpump,49fAsUF3Nk8qbfpSrQND2sULKXanemwibYLGk5Jpn9bY,2.003727,66401601740007,1698075
C0,452958962,1791037300,BSQVbSmz86dtsXnoeNV12SEqNUVmmFcHUANryEaKpump,3m6Gjt6QWwQNZjtgXA2F6fuWACJePBSWyGRrUSiF54ZL,0.252347,5436444327249,1698167
C0,452958972,1791037303,7DGYyozLH4H2HAf1dBAAvtaX6DYeQbLH1vAniYZ5pump,dKMjeGJ4Mk9S3hxdfTThvZ7exks2xMwWqSM5NvN2CTK,1.800000,57871410901443,1698969
C0,452958977,1791037304,8BGrgC6L5q2FtHtT9psuRXnRfAEU9a2Lm4tvXKmvzfQL,8RB5cwrwHrxotxFURLWKH21MjkzeA93vGtLfqBbgKEiG,1.468125,49470588235294,1699451
C0,452958978,1791037305,Hhm8swd9GV12GddXToEsgRqJtUEr9sy35ujsSoHLpump,AMDEmVocLtN5ji2gBY7BrmSHEyM5vt6TGszBbg4crMXg,0.305233,7771984579168,1699533
C0,452958982,1791037306,8446VBpZt9cdQcPgzBkswvwkWxyTqccesp7xTNDRNE9u,J9QZdrZvAzFTayvBGdQtCx17eXBRTCF8wc38MCSGMhbT,0.743044,20598706534922,1699839
C0,452958984,1791037306,9E3MjCMXXaALkCbnTXs9yGYbxGocNMuxr7BnrPCwpump,BwWK17cbHxwWBKZkUYvzxLcNQ1YVyaFezduWbtm2de6s,0.614498,18775469044166,1700042
C0,452958985,1791037307,69oWuhDS75FTtVDSq18aES6cfXo1FKJ7BAD6Dq48pump,9p6f4N7t7eXyFk5Dr6D7iM631Z9pjZi99uuYQ7Eo58LY,0.400000,12912849402237,1700063
C0,452958986,1791037307,ADcF26nFGKMuRZ7va5361H2PCHCDRi2FmeJBkX3Spump,ARu4n5mFdZogZAravu7CcizaojWnS6oqka37gdLT5SZn,0.410803,210853410006,1700130
C0,452958993,1791037309,2FT23Gmhfw7X3TQFxRTsUCR1gmGKEdXDLZNPH4zVpump,ES9zJAMZFYUB1qJyzLteoZVpYiqVKubSNET6K7oHRR3A,0.100250,3529685843060,1700731
C0,452958997,1791037309,svYGMWiBXiTuyQYmdWroFngtByJvRCZPsKBjXDYpump,2pcL7kT6wK1Qh8Kp3HAkaDDQzhu4PHrnWmspqs1oqXmb,1.414287,21013469761669,1700971
C0,452959026,1791037317,Do7yNadJcRZxMJ4QX98at26LfHqmRXsSiZnbZSZEpump,CM8eJsqqgYyXiZXk1cwX9k5CgAm84Ut9ucHsCTtvqo8H,0.422996,14737158303565,1703293
C0,452959040,1791037321,H5Kugtkfc5vrm3oSdX6FDkxuutRK1S3GW7Rr7UgnoDhP,3XZefEdBXzPmENBTVjoBJaYWVaXMvUF4THKdN5ox5kz8,0.099719,484177983693,1704347
C0,452959050,1791037323,EHLc8XYHsK8DY2yoi5TJR1fmgwC9QFN5CUvqkBZcJjCS,EFvqgbL9s2MKQaoqtrj6wMvS9rs6k41gYZfXRnaTsSRQ,1.800000,33584074919056,1705107
C0,452959059,1791037326,4wuEdiXrrkHq8UmPT9qqdyRBAEAe47rUJ9hoehVrpump,3pDHoZBjQhAf9w5zTWsVyys7NxiQdewbjj6jnZcKP9ya,0.100000,620518774057,1705749
C0,452959073,1791037329,9wtJ9u8WAkXmbP5mDrXnqRuoac7j6xrzXr8GFb1opump,3xtyS7oYkE8wQ3uZN4uMf3jdhBj5SKnM4HM6kZr7M6uc,0.400959,13979392355183,1706825
C0,452959078,1791037331,A13oRB9FFaiUjfi6LdCg6p9ka1u8SfGkUFs4SKvPpump,DG7KMrxf5mDkPBYtkwVFun3TqJdq3cVGzwzoRqFkcT7Q,0.495540,32009820280,1707149
C0,452959078,1791037331,4X53PzpWaeRpdpvWWPgLfNqiMFZxi1TXCst3LF5Zpump,7GfGbvSEzWkauSb3jv1RYkGQR8AW36eCK97hD3YC5bbr,0.055138,1944234318403,1707165
C0,452959079,1791037331,771bFnNLEqofyDXqDjWWuGpAfN8Gmxtkopk2izbPpump,HL1oF2j9C1HtAMownXKsUhXQdMgJLTSt5T4iENV55tTY,0.550000,18715079592532,1707236
C0,452959091,1791037334,EWh6T3BV33tP96hnghwBxSixMiiURegVe2khPWuZXnR1,3oN2NBiW9X3dFZ6GYBY5FKfSExoaYL6mFiN9NJn8eBHd,0.503981,12312061832574,1708059
C0,452959096,1791037335,4BBhqe8KuN6dZdkd86vtrnt1BnC19NhWG7YZyzsGqj6y,BuGacsFWAqk8LZk7SPcJ2iqdGdUnPyTqvwSVUU48ao5o,0.073935,1581198436810,1708446
C0,452959097,1791037335,oaLFoJQR21zynu24vTmD4uWRWqido2FCtjYHJESpump,HowYpYwEjJFf7AP9NMQzY4vtTS9XpgYy8VtUghkykPdZ,0.073912,7091420,1708523
C0,452959099,1791037336,4iCF7ksbEGU5RQQcykfPCFJ4nbradcGpnRTzKNi2YAmH,BjzsKb5PvAzJcNEP7BmcFMFvB8BrBXAbi5CTxKKMtYwz,1.127010,31828674622071,1708630
C0,452959100,1791037336,GUZB58ExPH32BSUvwWCmRv2A7yotUZJ57kcGpL5gpump,2mqrindMAjJEQPLhroYWyiYPo5h9iAsahfdd4QtsjwdY,1.451692,48926356387549,1708697
C0,452959103,1791037337,4yLSB3W3fiXffaN7V4GAYD6TyAQxRVvLDAHQAk1Vpump,DsGJkPzFEQZuwy7JjZzPcJEyEfdC6StV7rarXG4ftRSA,1.113750,31350774380184,1708957
C0,452959118,1791037341,5ghqcC9NSAdyXTFCktezCbU4teQFKSenhiHtthYCpump,5Loj1k2uftjeyDyEJ45MQxCtTZ3osJXnbAV7sckgxDdk,0.070000,2467071716458,1710111
C0,452959121,1791037342,3x2NqY94bxePELsKqF3yn94iRSk8NvPd7MndeV1ypump,HGXr65KiTHQWNbmRR7Z9vNdJhCPRdHK4wwH27Wpt8q3b,0.258434,6889676738121,1710343
C0,452959124,1791037343,6283z7NMiPvpQWq12FX6FgHgFpENTuSWpt8P3zaz2KJc,k7DVoHkWGGiRrcqmAgkqo1NnJfj6PiFTffCZRuZ41L7,0.220000,7715639753410,1710622
C0,452959128,1791037344,AH78pAoZ8bw1dd7fiworqr1fbyeifdTa2ztQnDLepump,DdBiZ6wdGp6g3YKwWpJj6ZzFDUQ8ChSpFGYhMyw5Vjfx,0.098997,3485709524202,1710865
C0,452959135,1791037346,En7EQxwDeR7UZeUisxsKQYYbzGsFTyNUv3qbXM6pump,8RvtT8189KpAq5MkXGVHFn6LdZpxq9PkvDeAvs1g5Yj4,2.962963,26090716255409,1711418
C0,452959135,1791037346,9DRDSZs3umD4YWNKDumRWbXwvX3HGrpAVmppf3Gjpump,BwWK17cbHxwWBKZkUYvzxLcNQ1YVyaFezduWbtm2de6s,0.463177,15829957565211,1711427
C0,452959140,1791037347,6pAAAPLrB6Lr1pTAqSp5ZjnqpkJoLp7dGDNo5SfCRmi9,DbG7RyLFBWXpEWgfKUA8qByvBZEZ3chqGh9TLkpjpF3b,1.822500,60735849056603,1711789
C0,452959146,1791037349,E4NM4Eo3WaWCiaa8Judd5CMv8Fnvs7VRoQdJVEYapump,uFMSy1ZMvmNeMQRTijreXv2VAtoTeerHWzXxfqrLRWR,0.060151,2120630001336,1712236
C0,452959148,1791037349,EkEq6teGMFEwrs2pWNbCEgSqEoV4q8WLBg9k6SKcgvh,BuGacsFWAqk8LZk7SPcJ2iqdGdUnPyTqvwSVUU48ao5o,0.090951,1470276140041,1712347
C0,452959148,1791037349,8tRGtvjzqWskrVvuVZcYJMZdpubdNcbZjBzqXCzMpump,3SJHbVjvdpMYGthDLkDKjJox4gHA4VhoMeNReiwBHB43,0.750000,25358141019614,1712418
C0,452959154,1791037351,CNSjVMbjrbHymXi4AuGneqwQBaXS3cfewqiupUaspump,BPKVyybfMjhTEDFWBYa2wDnRV5a4Z3Lks8ZfMec3qUAW,0.900000,27103402728783,1713175
C0,452959167,1791037354,BW9dHvupY7AjnNP25ivxvjpRZTC5M22fEG9yKyuppump,BXB7FF4m5x74ZoUvVHfPJnVBbqWHpMEU1WNUZAL9W8PL,1.000000,32955762800425,1714089
C0,452959168,1791037354,DFktQqq2w3QKdXiuqPnUKXMg77ioKjXJihdo8qWMpump,BwWK17cbHxwWBKZkUYvzxLcNQ1YVyaFezduWbtm2de6s,0.131165,4327262426138,1714173
C0,452959173,1791037356,4wGPzzawNNguLdB4r1nmWULbT2f3PEjqx1ZCE2APPhzi,DfG6UhpaE4kXTi6qFWp6n2FLV1djoZQ5YyD7gqbVPscU,2.328750,76405572755417,1714616
C0,452959176,1791037356,DaXGqP381rw6ZqvhpKHAWUesuFpDcrK3fYj3qTDDpump,DdBiZ6wdGp6g3YKwWpJj6ZzFDUQ8ChSpFGYhMyw5Vjfx,0.559345,19401643016984,1714873
C0,452959193,1791037361,7uC6Luii8fs5sAx33434qds9zq7mkFmiVYJbCrhVpump,9p6f4N7t7eXyFk5Dr6D7iM631Z9pjZi99uuYQ7Eo58LY,0.400000,12267229396848,1716127
C0,452959194,1791037361,BmpoJDSkWbrSHoivW1UHs2GBhZWLFVuoq1cm9AhApump,3SJHbVjvdpMYGthDLkDKjJox4gHA4VhoMeNReiwBHB43,0.750000,25688048296939,1716196
C0,452959200,1791037363,GvZ9UXZm8U14uZNi7hBN5cY2iUta7stArZE486yHe2nA,BuGacsFWAqk8LZk7SPcJ2iqdGdUnPyTqvwSVUU48ao5o,0.246914,1806616358482,1716656
C0,452959237,1791037373,4We4b2es6mPCazLWMNeBUZwUoUb1fYezdhsKr38Rpump,BfKHhnkVSzPCdY8fyW4RayqDr7FZXRVLRUHtr3kvAhe1,1.113750,24090575819680,1717088
C0,452959238,1791037373,26Wef521wA3S87W3VqxSFWLF2X6NZN7F2DvBFPWSpump,HYFhXZ3Gugdcag7PEbzgcx3vAs84wRpVP3B1Et2Gffna,0.100000,1915628276337,1717156
C0,452959240,1791037374,6Y71RGrqeJUiMhB7362Jbuza7zcv34DnAMomVKcwpump,9EvwoWA8CjeTjNJQGjEp7zV7dvEzcpE7bsTZ6BbazbqS,0.838082,25339064208324,1717347
C0,452959241,1791037374,5QPBcxZ9ahSPpkMxsn5EzoNcGkEYz6tPnvwf6jtWpump,DdBiZ6wdGp6g3YKwWpJj6ZzFDUQ8ChSpFGYhMyw5Vjfx,0.598138,20721248017501,1717453
C0,452959248,1791037376,26SnVsWbv5XboUMGiRJcho8CXQ6TJD94ox4jbiMFpump,8pcBSWL5Ny9mm5nYwLq7sdFox3EWSJBrhFAqxtWcQbos,0.350000,9046530324256,1717817
C0,452959251,1791037377,ALijm8MMnWTfSLZMJsr5tojU7s8hJEp5S7A3qfdtpump,BwWK17cbHxwWBKZkUYvzxLcNQ1YVyaFezduWbtm2de6s,0.871317,56223013278284,1718156
C0,452959256,1791037378,7Xgc5RacHtGzfhw2HukUBk5V986yBbvshr7rrCoopump,5aLY85pyxiuX3fd4RgM3Yc1e3MAL6b7UgaZz6MS3JUfG,5.196565,1514072801112,1718623
C0,452959267,1791037381,2JjZiRudrg3m4P7eaaKW43r939doeocEdgQguhBLpump,CWNAJ1ZTPxWpKH3CTGpZPAtFpTzsVuuXabCw16RbaVjp,1.000000,22368271450566,1719393
C0,452959277,1791037384,ECKX44acqHNvB93LGVQMiytRjaUXm3T25xpmCPy4pump,AMDEmVocLtN5ji2gBY7BrmSHEyM5vt6TGszBbg4crMXg,0.708750,22262916704741,1720311
C0,452959283,1791037385,5BjfgmtfqvNpAWx1CnZynoWLWNMnrwHLhTFzQ81vkEc8,DY5qAVztKXXPMY9enjbgvJxn6wPPZ1Ek34Jp3xJm4Lct,0.689076,306786172040,1720775
C0,452959287,1791037386,6f47g7b4hB2QFYHNJNTFzF87msQV92QNx14HganCpump,dev12bVcv5ZLjo7eYgZcSmZ7KBjEVfnfvorwqdZ14fo,0.505500,16734952323084,1721017
C0,452959291,1791037387,44dQzoftm1i2ho7XZA5iKsioMQTximSTYK2vzMafpump,HL1oF2j9C1HtAMownXKsUhXQdMgJLTSt5T4iENV55tTY,0.550000,18715079592532,1721396
C0,452959299,1791037390,E91hdTAQVAfh3XvdEyKJZBVRiAe8EsT6KjexoztAbD1q,HDRxoQ1RbK2upKCqYMyqvnjb7LRAJef4GAN5LvjL8UT2,0.400000,13946385004194,1722116
C0,452959300,1791037390,CT6nYFchzxAcQWQUnr1AT2ha4SwRF6AnK3RJK54Ppump,CM8eJsqqgYyXiZXk1cwX9k5CgAm84Ut9ucHsCTtvqo8H,0.211487,7419140724733,1722182
C0,452959309,1791037392,6wS4DzEd95sBu2i9zbw6DhJNK6Wxd7hjttwSmcCepump,BwWK17cbHxwWBKZkUYvzxLcNQ1YVyaFezduWbtm2de6s,0.443269,15129784933297,1722824
C0,452959312,1791037393,A7T16tqfsTuS5gEdqevgupdjXTLh2APJDEfqfkVxpump,2LH3udFpRTwvwUfMNR3MESWznWW57CbuQirhm3QmKJtE,0.506250,17590163934425,1723084
C0,452959344,1791037402,8P5KuSxWwQ7CXcFRnPRbcfEno3y9P2zzR7bzeWtjpump,3xtyS7oYkE8wQ3uZN4uMf3jdhBj5SKnM4HM6kZr7M6uc,0.400959,13979392355183,1725610
C0,452959346,1791037402,CdmjEpps6wHfYQM9z4goZMdCTZrPgdzguM5CNa7C3LM1,E3rMjNHp8uFKbwZuBjGwGMN1GntiS4KLnu6ZdBYFdjAi,2.000000,8863362559107,1725730
C0,452959351,1791037403,GKCLHM7F4Q7BC7tnueJrsijrRGzGCWP61zTbVGfxpump,BwWK17cbHxwWBKZkUYvzxLcNQ1YVyaFezduWbtm2de6s,0.258322,8325275673130,1726141
C0,452959360,1791037406,FbNcBeZJrfepYvDh4QJBVsseBLndFQfVKqMWDUzKTzBu,AEgTuy8Lg4wfnjm285mk3P2k1p39ofqNXk8b5VtYhdCs,1.500000,32691659013273,1726840
C0,452959379,1791037411,7Dk5fZUKuETs1AxMXWyPvXKsrGNj3ohxGNYyDeQxpump,F341bZuvKLaudFGcAUWEMTCcqjVSJNWQaSF97u3wTKHA,1.500000,36661478257953,1728310
C0,452959385,1791037413,B17YqUyonsmyJnvWVftbEtdnw69ae17vhCWjDhWzHwn6,bwamJzztZsepfkteWRChggmXuiiCQvpLqPietdNfSXa,5.000000,151660777334045,1728770
C0,452959390,1791037414,2quwygNbREuVEjfKkUjHUwQVtoJsVm5VLvKhxfcCHi4K,4yFAz7dp5WwuZs3vbWKedbRiUmSFxTVGCdsLAxfEQrG3,1.604940,36509802074501,1729093
C0,452959406,1791037418,9WRShu3Gztn36qp9NQ5QZzP1n7cvaG5bx3NSWegrpump,3SJHbVjvdpMYGthDLkDKjJox4gHA4VhoMeNReiwBHB43,0.750000,25439014799117,1730335
C0,452959409,1791037419,DmxDBXTxEnNXVNNVVZe9QhgoKnr8anjE1b49dpZapump,7iVCXQn4u6tiTEfNVqbWSEsRdEi69E9oYsSMiepuECwi,0.410700,59241638470,1730621
C0,452959415,1791037420,2ctBZn1je6q62p9jyCJmYsWpfSfH4QV8nHzTg2drpump,4G9RznKvrtBWn2sRETcAsnSRkectXiDsFP5imBbSiFM2,0.427598,6778772000000,1731001
C0,452959418,1791037421,8ZdouUhaZHmRu1p2kY8UJmQ8L5agwGjgYBCk6dipump,7W8SEZv79hk4445o56Fd6RzhbUsozkzGXi8vkc7vNRr8,0.364786,7300995816638,1731318
C0,452959419,1791037422,2kvieH5buSHbeKGBFugeq45zopyS8pFcqgGC6QQqpump,3SJHbVjvdpMYGthDLkDKjJox4gHA4VhoMeNReiwBHB43,0.750000,25844156864662,1731408
C0,452959428,1791037424,9Twcpm7bRdhTnjMTKWwL3TTb8fMWS9uRmJiLMQ2fpump,7QBQLNXfCHNhuCsvzBWH3kMMh6NAiKyZSfb1NYjfVXNi,2.505992,81777623746152,1732061
C0,452959438,1791037427,Am6SB1xhuwyv6hENfR2uHj2fvKeo87KN8vVw28RcrmEa,FtfQi1xHPBGGHoBYo94XDpgXJegops7imggLuURDT8uh,0.065646,623179570540,1732862
C0,452959439,1791037427,9kd4sBdDm3JGGYzPGKzSPFB6fkEbHtzrzu2sLitwpump,FiFawHqxeTVBhv6YbqbLwDVuvokRpPUM1bNwAyxhGc6W,1.470635,48608732732579,1732926
C0,452959447,1791037429,6nh71EimKnyFASmB9TjZsomd5xeevWukz3UjCp72pump,uD4GmMrAHkj3zHm6UuK2mrDLKbxn1TWPnSujeWJZHve,0.083529,6120624869901,1733493
C0,452959450,1791037430,BSvXYMBWRewwJTesN335pkzV7j7h5f2gFvgQwqxecnw1,FkatEH7YmMyRFF45p4NhZq2uGjTgmkrbgmZEpQajWud7,0.148500,4625433619327,1733820
C0,452959454,1791037431,F9n3Q7CfNJaW7wWy1BnGu2o3DLn19ffaPaTWQMVbpump,ES9zJAMZFYUB1qJyzLteoZVpYiqVKubSNET6K7oHRR3A,0.160397,5636260542331,1734094
C0,452959455,1791037431,29M44K6aa5B5PBgkqgrqvM6rpHFMX87Bg2pffSp3pump,HGN4SUJfNE4EzRe78duSgWhCDKU1v2JBrvjmDH2wDNPd,0.251362,2038364831070,1734170
C0,452959469,1791037435,HHEQ9VyPEw2NkDMRdRAZhEnaUsD5cbet9RsAc5M9J7tq,bwamJzztZsepfkteWRChggmXuiiCQvpLqPietdNfSXa,6.000000,176989690673615,1735312
C0,452959474,1791037436,5UUH9RTDiSpq6HKS6bp4NdU9PNJpXRXuiw6ShBTBhgH2,HZBmjtgG8MDownvB9wTLTRN2stjozUBwDaBUhUpybvrm,0.165415,432733143,1735682
C0,452959481,1791037438,E4819dfKV9hu15FgM84k2BENh5Ewp4HumSyvwt3Wpump,3xtyS7oYkE8wQ3uZN4uMf3jdhBj5SKnM4HM6kZr7M6uc,0.400959,13979392355183,1736255
C0,452959501,1791037443,DxQ5rz7hVdFNJuu58dwdRMXiq28XNNJytfgmEkdfpump,8EQjQkeQezhArP7qSP4QHJ63aEMy4b17coxpxKHysa5V,1.102381,37577914616381,1737838
C0,452959501,1791037443,8JDbSTjxSzy4M89aSXbys84sr2HAkKW9Wfj9YVH9pump,2d7K64WSXzidALbVYQy3J1RrywhwWF8evQjfCZ9r3Rbz,0.083801,4920710783751,1737842
C0,452959507,1791037445,GPLRAZREP9ohN46KgDSHCnxsMxmQfb2BgJeUbhsmJESp,CWiNFAEk4M1y6SjvnZkmxWDmhqSmnKFcnop1WoDW3S2J,1.000000,34199203120618,1738360
C0,452959516,1791037447,9BkmWCgpL3j1LpoDuUMxJpkpDzSKm6NHLxUZnj2Ypump,GTW4HfwbJfmjG1xCRQGeJixRJLbEtu7e54uE3b2ATfXT,0.100000,884979655217,1739217
C0,452959524,1791037449,C44QM1n7SfBJxZY3Lxo4myXanaySbCEuomHQF7FUpump,9t6RnQ83wgPwka77bc6B5tHCMc1UWXQUpaNHeiyp5Y4v,0.126086,3602991761466,1739913
C0,452959524,1791037449,UWUy7J86LUiBv5SjAUZ53LMGhtnqvbQ7QNSSkyupump,ARu4n5mFdZogZAravu7CcizaojWnS6oqka37gdLT5SZn,0.120581,6471167243,1740008
C0,452959527,1791037450,3q5sCMoL1kyCJK8w1M2BXhzF8EGg1ZzaoZTiDngPpump,BwWK17cbHxwWBKZkUYvzxLcNQ1YVyaFezduWbtm2de6s,0.538332,17533419900449,1740253
C0,452959541,1791037454,522UFABQkD4kVp7XiudQBREcs5ambeSv74rvbE1spump,93cGkDQXbKdExtKKoEJWMrc1L9WdHTPMFTpAn6U36GKT,0.100250,3529685843060,1741334
C0,452959545,1791037455,5UV9izfsjePDKZ7fKHtXD4cqvMjZx7XtbujWVeVx5V35,4BfWVLy15vLYfCbZ3MJk1vSkVBZaKZZPUKWLgwMqZpZh,0.977778,31544293398116,1741749
C0,452959554,1791037457,7tVndBGKzfWusBUeFUvJ4mBo196avDQXSesxvV7Qpump,BsNemx1CrL8jBy6sepqnpXYNf91PvjaicxeGwuo6JSnq,0.258000,5577269718167,1742529
C0,452959567,1791037461,2uFy4Q1Nr32xXn8MsjqUp1C3ga14GMv5wMytCCu1pump,4Sgm5SNaPw9hcRpDgSyyjjDiA2qgokCM6KgA9jBFuU53,0.250000,8057651574210,1743752
C0,452959567,1791037461,DiZGboVdmqJQsM1h2K5DxqneMSBvoxMEj1Z9WSgETeu8,timeworn2X1EwMLSzeVhdVTbVSzSCKuibKd2kQ2Lsyn,4.000000,124858181763706,1743771
C0,452959568,1791037462,8iX67wnJuJkDk2Hvsdd4nBdwNQC2hc6TNiHK2gE5svCF,3AoQmpHaVTV3tcZqWAFrYgtCPqkMkdgxib9MjtvDRsom,0.056189,129534767537,1744002
C0,452959570,1791037463,GjrhXcr8YzUZBbu5rifdqM5CPBS4LFJveq3ZiY2u3g5G,3AoQmpHaVTV3tcZqWAFrYgtCPqkMkdgxib9MjtvDRsom,0.093364,121532272155,1744154
C0,452959570,1791037463,HFMZaKPmTPxxtbEtyfATJEHW8fK9aBbn7979Zg77pump,uD4GmMrAHkj3zHm6UuK2mrDLKbxn1TWPnSujeWJZHve,0.083533,33589338092943,1744172
C0,452959571,1791037463,Dqm6Sv9P36s5CbuCsNwPPrJzGzCuRbitrHesEjyQNyk8,CnTeYCBA7Hzj9r2s99SaEXKYpiWixtMUkqZWHwyNbm3g,1.500000,50466904618702,1744174
C0,452959573,1791037463,7F3Ngm7srLBPZi3p9MwvRjBrEp32G6T3VaStoAPa2Tdf,BuGacsFWAqk8LZk7SPcJ2iqdGdUnPyTqvwSVUU48ao5o,0.050325,1588212848736,1744514
C0,452959584,1791037466,MukLDtJ8Cx9DxLbeyLRSWPSposTMWuwHANbuaudpump,FtfQi1xHPBGGHoBYo94XDpgXJegops7imggLuURDT8uh,0.405016,7528622571,1745396
C0,452959587,1791037467,6t7eEP5HPLZT3kWgxia8xiH6oQYfa9QVkCw6grKkpump,DdBiZ6wdGp6g3YKwWpJj6ZzFDUQ8ChSpFGYhMyw5Vjfx,0.959598,32859790531748,1745559
C0,452959593,1791037469,88MecDNYJbnm95rDtd3cXnidPgbti6Squptx6NNqpump,7FVfSdnR9VPGjMtmBP1Hz9C2DFTpoNX8gVVRmnimnGt9,0.060151,2120630001336,1746030
C0,452959603,1791037471,ACSfRALBVcpE1fnZV7qobAsLoiV2bQuahBs8d6u1pump,FiFawHqxeTVBhv6YbqbLwDVuvokRpPUM1bNwAyxhGc6W,1.959874,63808367000000,1746797
C0,452959604,1791037472,32avnMmg2z7AUdCfEzq48Uu4p98PDAab7zrS963f3ATp,9UwnDq4sqama13xwxjSfEvZu1MgQehLxyP4pC5JHCXpn,0.120000,1708001896976,1746857
C0,452959621,1791037476,5GHEtN6HEUNzhnAvYPKnRDy6wZP8XfoFnsbeiBJYZHSR,7z2d4eFuY8DWoJennEoUEH12U9DsNMRsU7gkhjnRx8D1,0.058038,1127813805798,1748125
C0,452959621,1791037476,FU7eXEcqrBbYAi69MQbY1pFjdMvBW8miQGwCVEUjpump,HGN4SUJfNE4EzRe78duSgWhCDKU1v2JBrvjmDH2wDNPd,0.251362,2213346458808,1748127
C0,452959622,1791037477,FoAqz5AzzKk4YgAqSjZ237p5hCmP6dXmAqJ9rTfEpump,2CkArwyYvfAppyMacUo4ZWQumFGGwTKwwJoURbrTi8bQ,3.000000,53534228757466,1748160
C0,452959624,1791037477,MB3XEHbxxTSmd4z1kx8uneaMgAmoFKHgrAxCL3Lpump,F7p3dFrjRTbtRp8FRF6qHLomXbKRBzpvBLjtQcfcgmNe,0.094743,337430939,1748314
C0,452959633,1791037480,8xSSF1cCnmZYKijMimgDBbMzWoR2j5vfF7SphnMSpump,8y5xhxgBeYNh453AB2kWH4PV5kmBJTy4A1mjXmq9Th7W,0.100000,3518605355410,1749057
C0,452959634,1791037480,2sWHXyUNQbYRCu1ux7eZktThWp9ii4fSUZAbGNR6WunQ,4KQGocKQW25nJ8xT9GPNW5Uqy2t7eFs2NzwcXqiyuY1X,0.150000,4076796148141,1749068
C0,452959636,1791037480,A9AHYeqb7nQk7LZUraw7rBCzYRjy2DRvE6NqWfFHKRdH,ARu4n5mFdZogZAravu7CcizaojWnS6oqka37gdLT5SZn,1.614303,5552042085918,1749272
C0,452959643,1791037482,8VEyEPVut56yAYWdw4RwPwpWc42AvJDbguLn4LGwpump,HL1oF2j9C1HtAMownXKsUhXQdMgJLTSt5T4iENV55tTY,0.550000,18715079592532,1749897
C0,452959661,1791037487,9q2UtTV1KeuDckNoEfiXpDHddnsQhQAKV88a78NuCPn1,6anjqMeWigQFo5wpciARAunVQUXTqoat8w8fFWarCkpc,0.500000,12149292269636,1751251
C0,452959667,1791037489,2FoCyMneaAQEMW5xrzzAGyW4nGDVxF6YEbA2BoVnpump,BwWK17cbHxwWBKZkUYvzxLcNQ1YVyaFezduWbtm2de6s,0.128161,6755234678784,1751686
C0,452959668,1791037489,HBpgBygTxE1hWmZYvVY5u918DGDdSPCjGGbkLry7pump,ES9zJAMZFYUB1qJyzLteoZVpYiqVKubSNET6K7oHRR3A,0.247480,8671591758466,1751739
C0,452959676,1791037491,8zEGVVqWvs8zF47hqWWphGPTmo7YgfM2NNsreLotpump,H1gcwLfGW76E5CpAPcxRVD5x1jDbARKkX8DieVjKagCc,0.101963,3147160094208,1752371
C0,452959682,1791037493,E19Urikxa2eDcZppnfDP5LgMX9DBs8m792hfToKSpump,DdBiZ6wdGp6g3YKwWpJj6ZzFDUQ8ChSpFGYhMyw5Vjfx,0.204421,7172923291151,1752809
C0,452959703,1791037498,6JLsT8Y55vKfrxy2f5VK3XEDshpq6rqXxj6bNLXepump,7mHmNh6BFNWpFp5qh2VXRNzsK63zZ5ZQGQY77khANBQW,0.069298,2442400964047,1754339
C0,452959704,1791037498,7Y7V1a4m2nWK7BMgbka5B4vR1pDvCK7yva3Hnrqkraze,F73LAQ3x3dYETwQqFbKe3i1QHc9JLptAubAKAX9NVDsK,0.148413,102881948050,1754462
C0,452959709,1791037500,FcY32GuEqznyM9jxwW1nMumWG3pxFeNmwLbMaDY1BLKa,2vzVZeQvwqcDFcUCr71dFzhHARVhs4Km2zMgPtxqL2u5,0.760104,18340086493059,1754707
C0,452959715,1791037501,AkZZ7bT8Vcdm3Q8JmAf8n8vXKjJn2eftfMNUWMAHpump,CM8eJsqqgYyXiZXk1cwX9k5CgAm84Ut9ucHsCTtvqo8H,0.253790,8890862014673,1755241
C0,452959724,1791037503,6kmsAngxWkscnTxVmpqGKFth12wAu29oVV9BTsqNpump,BwWK17cbHxwWBKZkUYvzxLcNQ1YVyaFezduWbtm2de6s,0.134224,7477278848157,1755896
C0,452959730,1791037505,4EZ4P7z8SAhKbdtJaa4TtMVscAjGs2A4Yaudbg6ypump,C3A52EvMkxYKXuTREHufNNZ7r6WRKVRzzhssYpoV1Unr,0.486555,8302326886170,1756272
C0,452959738,1791037507,6hTLdzZaaCjmqtn7RtaEMQsCbXT5Pg8q76tRViEGpump,GzSY6zLnQN4RUsK2dhzUsLmNnA9rxGbg934Ju7siEQHP,0.494315,274899437024,1756873
C0,452959745,1791037509,HZ4nTSFU4NhchwGhdDrHirEsutySjSsG2G1ZfacCpump,5VkBjWtL5SuGsRfeH3gywLHff3XzM5irZ1BZ3F4yRDn8,1.978697,65622857081287,1757393
C0,452959755,1791037512,DSZCXxSPr44azwwtFLvS1BTVMNT7cj5zD29hpnsqohiS,9sqBx1FqZqTi1Zo4TpRamwQDED7wgeueh7wSUyxhKpJE,0.694073,10540991605150,1758102
C0,452959758,1791037512,EQ28Mda9yu44u69ocSXrMXWQesTqHRNStoCanxNHK5dT,pBTiFEds716DaFSkjGbetxk6eQMYaoDQ7ySU2b1Y7ow,0.250000,3973643857474,1758413
C0,452959785,1791037520,FtrH7NCrPDkhDmKCCdTnsDBFxiibc1X5aJPHqKQnpump,ARu4n5mFdZogZAravu7CcizaojWnS6oqka37gdLT5SZn,0.611454,3800882996150,1760285
C0,452959800,1791037524,H1irtLC6wbj1PRypwkxAJoebjiyCutAXeRaFcgGopump,3xtyS7oYkE8wQ3uZN4uMf3jdhBj5SKnM4HM6kZr7M6uc,0.400959,13979392355183,1761389
C0,452959805,1791037525,At1zC1nJYh7Ntz5fcSCzSxznk57UKkVkreHxTXoPvN34,bwamJzztZsepfkteWRChggmXuiiCQvpLqPietdNfSXa,5.000000,151660777334045,1761704
C0,452959814,1791037527,5XPJKP53VxJuot62W7gnVrUspojrrJ5weVniZ3hUpump,Fi9fjEmzM7ieUEwT5LtFiYBrnz8EFYFYSqgZg5F2T8T8,1.370000,43427927064476,1762428
C0,452959817,1791037528,UgrANGx3JKUyVWiYAbDj6UmhW6xDSmNhyP41apfpump,ARu4n5mFdZogZAravu7CcizaojWnS6oqka37gdLT5SZn,0.414178,9041822802480,1762699
C0,452959821,1791037529,9kuixS1L8QBSoJyGMtNFZea9WeSGuCXU3AqduofEs4gZ,DbG7RyLFBWXpEWgfKUA8qByvBZEZ3chqGh9TLkpjpF3b,1.822500,60735849056603,1762990
C0,452959825,1791037530,HfX7kGXe1h7pWcHdVGdKKYnfNTPR191zbfXdG2bEpump,HyqHWfi3794HXdVhD4jFiGuCcSA9VjYusPJsChS2wde6,0.100000,1569640543909,1763282
C0,452959837,1791037533,F94bVT7y7eim2HEfNcj3PkQ6MVNoyULSB5XsD9xxDFt5,HGN4SUJfNE4EzRe78duSgWhCDKU1v2JBrvjmDH2wDNPd,0.083810,1668000335901,1764244
C0,452959842,1791037535,AD664i5iYzUwq3rwDkWLdhwhh7G7KafmD9oEKWoBTkFi,37V1znU2AxgHM67xjwHdvtg7ASKEii7nQU9kp5FM8PXN,1.500000,42061169138950,1764635
C0,452959851,1791037537,GhUg2YGYnU1kggb9hC1nnwW4v5CcFqiuHKRviPHfpump,ES9zJAMZFYUB1qJyzLteoZVpYiqVKubSNET6K7oHRR3A,0.098997,3485709524202,1765310
C0,452959856,1791037539,GZ5Lj3q1PA6x3AsdEiJNGCgeCAFeEiqFFBW8Djunpump,F341bZuvKLaudFGcAUWEMTCcqjVSJNWQaSF97u3wTKHA,1.500000,36661478257953,1765637
C0,452959864,1791037541,EFvdLptvhf8nG9rzzgtuVMguHvSKjLH5Gmt1bZp77kVA,2dbohozjjVR1svvRbrPJZVPpyCCGytjNga9x7SnxC2MW,0.493827,8732321134012,1766272
C0,452959865,1791037541,GRnhunbsCcUahhtitfBPc7a9jhuR9oiFMg97Gmovpump,BwWK17cbHxwWBKZkUYvzxLcNQ1YVyaFezduWbtm2de6s,0.058299,2002018815829,1766384
C0,452959870,1791037542,vrWNmhBp1izv6Kb5CXPLyYgfPvfUzXUnF4465gBHftL,BuGacsFWAqk8LZk7SPcJ2iqdGdUnPyTqvwSVUU48ao5o,0.052788,1732266774249,1766716
C0,452959884,1791037546,5MAStfLJqYFFaSJMszk9NNKj9ECuQhQ83jqSfh8vpump,9JhbsjpSQJVGst9aWhuR7MEJLwYaTSWHYNHWLTGwm51j,0.940000,18694594736397,1767923
C0,452959888,1791037547,HG2YwSk9DBFsjSWGcwTcbJUZMgTyPaWcbaWjg4dCpump,BwWK17cbHxwWBKZkUYvzxLcNQ1YVyaFezduWbtm2de6s,0.077263,4530000497198,1768203
C0,452959888,1791037547,QsPHeq6KNd8Amu2657DD81WaStYaqA6bg6qj7wbqufM,CVfFXzmXf15os2MAVhLH4dj8z1gELZJ2FTLBj5ecvkD1,0.829908,27506823620225,1768220
C0,452959896,1791037549,CX31iu9pjX11YCesskWds9Ly9BTrRtYAKWhgcg6tqpWM,8RvtT8189KpAq5MkXGVHFn6LdZpxq9PkvDeAvs1g5Yj4,2.180000,58173835444431,1768979
C0,452959917,1791037555,AeFASw7ckoVPL5FAjWjVsEy33yzhpx6C1EqNh7YodmL4,bwamJzztZsepfkteWRChggmXuiiCQvpLqPietdNfSXa,6.000000,176989690673615,1770456
C0,452959929,1791037558,Ce2gx9KGXJ6C9Mp5b5x1sn9Mg87JwEbrQby4Zqo3pump,MriyaNN8TMp6qRWjfr723PK7xgQK7yCt7Kg2v2PQu7X,5.729381,18023839139,1771253
C0,452959930,1791037558,BQ2hgVwRmjAmLgrnBFUBnk6y1HuzZPzQYhChL5c3pump,GxDC9e7SP9mzhDo4re5HbpLa2RW7gB9DtmThx4i4pXSq,0.156662,39616440453,1771309
C0,452959936,1791037560,9EtAUbQDybExabs4UF5PYTNAJhWbdiB7uUPxan5mwS9M,3yrJE1A8dgSuy5NLimG5GSYxA6wMkvnAYLD9Y4xR2fjJ,0.500000,10021989703390,1771788
C0,452959940,1791037561,8UJyLmZy4GnaA7FRQbzpdbmyXS4LzHvrxTCqd3vspump,BwWK17cbHxwWBKZkUYvzxLcNQ1YVyaFezduWbtm2de6s,0.050198,1758747273979,1772084
C0,452959951,1791037563,6FhVPctYg363pQbs4iSvqyHe2cJzfsvFD96gePy6pump,F7p3dFrjRTbtRp8FRF6qHLomXbKRBzpvBLjtQcfcgmNe,0.860109,1729162705626,1772986
C0,452959954,1791037564,2Czw4gicG3qczY2xhwT2qfpci5Gy7HGQ2LLcwBzYyKYi,sB1rGXexYakXr1s8GxTQ2w4FuX3zM3WQdwpP9y7fxC9,0.990000,30067385428781,1773168
C0,452959965,1791037567,ApfDQpye8xRs9VLFJkCKkH5cDvnCNNR44orruw4Ypump,HL1oF2j9C1HtAMownXKsUhXQdMgJLTSt5T4iENV55tTY,0.550000,18715079592532,1773976
C0,452959975,1791037570,5oMSUx1Ag9QGbotzhoHkKcALFmhGv4oGSv45PbsYpump,8onxzPhFeCTkwELU1d4Y3qaT4VXVNZ1zrTYtevqkPKse,0.062240,1961618113352,1774668
C0,452959979,1791037571,9J4w9fA2ADHZfquWo7ko9mezPHWCZZ18zeNcYv8tpump,hv1Svd5VUR1ns5rAQxLZp8mCqcbhTnbc6qM3ZpRLE3Z,0.081225,2326460004220,1775035
C0,452959984,1791037572,BPkXZBCo6VFaanm8yVPwf9XrY3ygeiJ7naRSUFCNpump,7mHmNh6BFNWpFp5qh2VXRNzsK63zZ5ZQGQY77khANBQW,0.079198,2790398854905,1775329
C0,452959985,1791037572,Bwh6Hb19XFvPjqRaXGD53DuFAwP9J9gBf6jQJoU1pump,7FVfSdnR9VPGjMtmBP1Hz9C2DFTpoNX8gVVRmnimnGt9,0.060151,2120630001336,1775353
C0,452959987,1791037573,3VPoXaRcXxju8qgkVRN87UuXZxbdBD7zyaXPDqqmpump,ARu4n5mFdZogZAravu7CcizaojWnS6oqka37gdLT5SZn,1.966403,1616383684714,1775573
C0,452959987,1791037573,3kb26a5t3uZs9fhJwaeJ6dVh5dWXoVFmRZJTcAxnpump,BSP67kBerukLLCxZE4gft3sMQ8ho2sNZuaS4ysrA1dM,0.631013,21836958913841,1775596
C0,452959992,1791037574,8r2Lgeg2aJzekpg1vLRJ2BoNUGKXqvH11Ab74eRPjd4V,BuGacsFWAqk8LZk7SPcJ2iqdGdUnPyTqvwSVUU48ao5o,0.093754,584573838155,1775935
C0,452960006,1791037578,FmTAGnaGxaPwXZaMC1JfbfxdQB35pEpwN5fHvZoE2uwD,BoEVpctnMRtB7XhaJ99gNRGhP88HojtPvJ76BwX1gUwQ,4.455000,137244186046511,1776965
C0,452960026,1791037583,AsS164KP7Q8SKWkxyYcNhc5d21TVGNRZnpoYY1B6pump,CBSsBvTygD4oj15KMy2251PAirHtnbybvspKwUL2BfCM,1.000000,34199203097442,1778253
C0,452960030,1791037584,4Qk9ca6ysVVDy8BgjPZapRtsLDRpNzDnMAMSxfoASPiN,k7DVoHkWGGiRrcqmAgkqo1NnJfj6PiFTffCZRuZ41L7,0.220000,7715639753410,1778599
C0,452960033,1791037585,GFXkShzwtuv6esKcurj7FrscNHzsgxzsESQDqsn5pump,HxcdEi6CWzQtPCmM8E2maEZ3oYVGZxESqCWU1iPzmhVW,0.197922,54696460074,1778744
C0,452960038,1791037586,DhbsiyZhB2zpViz9dcPecENRwu4o424PidortPEKpump,6Us8oi5bSN6eJgY9RndjWCyN113RwLDQxDESDdDQ9sZy,0.135621,2981676422310,1779126
C0,452960042,1791037587,9pUdhKqDpk8kMv3GJ8oxUZ6eRXtpxg4RGSM4MuxGpump,BMpcsuoVTv3YxmSDFVSGmQtG1MQkvMHpuoG7FpFyjdAd,0.198000,6949072650543,1779391
C0,452960063,1791037593,8QWGhJY5ZPa4ZD9GuEKnLnyBd9NRWMgjvxZMKe5upump,2J2rtMBRLxAbFkSLgrsuSNN8N5KMTJVaRTdnGfbZ5Vjw,1.102381,37577914616381,1780741
C0,452960069,1791037594,Fh5i1i8BPm6fTPDpxz9kDsDbKgA8r3Le6i4CXpGNpump,CM8eJsqqgYyXiZXk1cwX9k5CgAm84Ut9ucHsCTtvqo8H,0.338407,11822552544587,1781094
C0,452960069,1791037594,823AGFGzRs1pJaDLLkG9eWMgTVN2GohE2nMNk8fuCccB,BsNemx1CrL8jBy6sepqnpXYNf91PvjaicxeGwuo6JSnq,0.298000,8625804740730,1781096
C0,452960069,1791037594,DkQYd9q2p7VSruiKhj54wu4F9CbyqruCRKFewg3dpump,ARu4n5mFdZogZAravu7CcizaojWnS6oqka37gdLT5SZn,0.231345,2684222323632,1781134
C0,452960074,1791037596,GrXMbn56JtFngA2FgoXenJG5HeD1GhvFnjyFPWbfpump,BuGacsFWAqk8LZk7SPcJ2iqdGdUnPyTqvwSVUU48ao5o,0.082284,1808962682288,1781456
C0,452960075,1791037596,7SAeCrHeN8xXw9BBvFEHYXFW4SofnHNr8yXDgcovpump,BXB7FF4m5x74ZoUvVHfPJnVBbqWHpMEU1WNUZAL9W8PL,1.000000,32086511037897,1781559
C0,452960078,1791037597,84Y5jk1JWqgdNNfhDJRCvSnXaBSviVWfcbeRVibEMLPa,8RB5cwrwHrxotxFURLWKH21MjkzeA93vGtLfqBbgKEiG,1.620000,54329113924050,1781732
C0,452960079,1791037597,EkDGB5fbPXiRmDDjxKcC7dFjzvFZj2KT9t7oeyyPx4SX,7JCe3GHwkEr3feHgtLXnmuJ1yB3A7coSeyynxTBgdG8k,0.162368,70395217217,1781821
C0,452960087,1791037599,H8XUG8ZtK4hVYf2cuTZtetxmVddVgAWUTLVMGwJppump,BwWK17cbHxwWBKZkUYvzxLcNQ1YVyaFezduWbtm2de6s,0.122383,7018433895211,1782275
C0,452960095,1791037601,FQ5XPqndRk1omGunLARK8TZ7AX4mKHNCp2MLP9GWpump,6anjqMeWigQFo5wpciARAunVQUXTqoat8w8fFWarCkpc,0.500000,15562468237616,1782711
C0,452960098,1791037602,DSi7W7DpuznDk9vZciQx9mTbeo32P8KobaCy8AZApump,omegoMAe1AMY5MFKQQr3JwXVy8F4eCvmBAfcpo8XAfq,0.445602,6574770831271,1782921
C0,452960099,1791037602,4jxHBQ5YcUeu582x4h4firETkz1MTFAfmzys68xQpump,3XZefEdBXzPmENBTVjoBJaYWVaXMvUF4THKdN5ox5kz8,0.080097,488101386464,1783012
C0,452960101,1791037603,AzAR9mS5LN73mEhVqdcoWNBKy5eHKt41pPhxPbsxpump,6Zx9wRV4kMQPv9x3atiyqDr1qxT3LfYJYEMJyPxYwT7F,1.200000,35843715220124,1783153
C0,452960101,1791037603,EbfrTtEdnQzbcfAjF5CoFTPAinwMLTT2A6wS82qspump,hv1Svd5VUR1ns5rAQxLZp8mCqcbhTnbc6qM3ZpRLE3Z,0.072235,2482459201500,1783157
C0,452960103,1791037603,FWpbHZtPtwbSDjkbvL4RQhKmtErZ9DKNNnYyHuQVVy3T,bwamJzztZsepfkteWRChggmXuiiCQvpLqPietdNfSXa,5.000000,151660777334045,1783321
C0,452960116,1791037607,FpiozzgxzwdTPV2vuer8BpoX8cMVsw24Sbm2GCNbpump,DJQwtiowTJmAvAu4vhCaFgPiS3nnKD5r5agZgBQEdHK2,3.000000,96449438144093,1784363
C0,452960119,1791037608,Co8Gqw25NAojbj3ZcZ96KLRPVmK9LpbLMpdBymQ8pump,6bD2YsuNF2MjMdYiLHRzmHswx3BzmtRgkFhJuBF6czBs,0.386412,13471191615915,1784507
C0,452960126,1791037609,FGoqTnMpT2YTkRiGXELyHNnqGH8RKPTGv1H4enCGpump,2EuodHpSwEHeqWkcAxjMdnkN45tnUphJPh6hK2SxeQvA,0.284692,9963392595668,1784992
C0,452960141,1791037614,HNESxiZ3UzBCGifiMApknSSfqLgL3mUdQSXZy8eKpump,BuGacsFWAqk8LZk7SPcJ2iqdGdUnPyTqvwSVUU48ao5o,0.077913,2486218762727,1786060
C0,452960144,1791037614,DBguvUaxWdsY9aVkTDxSF4cY97L8zejsrgduBDACpump,8y5xhxgBeYNh453AB2kWH4PV5kmBJTy4A1mjXmq9Th7W,0.100000,3518605355410,1786235
C0,452960172,1791037622,JCX5nDG99k1CWB9AttJ3U57NmjSgnCoagFaZhqfEf7Ah,CkUZV387xnoGpF7wC2moMa6mPmAgCvTT4pWgzq4M9fCD,0.103758,219844711159,1788165
C0,452960192,1791037627,FxXrAwx4KaxFTySYva5J3jt1puA6vXiArkS18SPJpump,3SJHbVjvdpMYGthDLkDKjJox4gHA4VhoMeNReiwBHB43,0.750000,25844151246770,1789674
C0,452960202,1791037630,VAKaYEdsXKbtpBzsoccLm9WwmTkAD6xWniWH1FDpump,GTW4HfwbJfmjG1xCRQGeJixRJLbEtu7e54uE3b2ATfXT,0.100000,713861269672,1790402
C0,452960212,1791037632,7Sk6d1xWnwqsYVsKyzGGrrZLsMhYh15hTQG6W4ybpump,AEgTuy8Lg4wfnjm285mk3P2k1p39ofqNXk8b5VtYhdCs,1.500000,31283471651628,1791082
C0,452960215,1791037633,CWWFnUq9NJnBSvu4PFhBmNZoED8nhJ4rtSoioCsXpump,6Zx9wRV4kMQPv9x3atiyqDr1qxT3LfYJYEMJyPxYwT7F,0.645663,18031322235750,1791405
C0,452960220,1791037634,8rcLwHiwbYyAzCWcmaLNtyRxhSMj5dGJ2bazhYwM96HY,BKNCXADbjBt54bGoyupx2aK8KjjVSDRxFprbWFWTnqDj,0.054074,17281736478,1791872
C0,452960230,1791037637,9YoeX2ZmDopQLEBCZum52an6zGBuXe7AkwgVa5jZpump,D8na6cgPt5ndncmzZJNyofVMeRnRBnsj5VWjznY4C7yt,0.098997,3485709524202,1792703
C0,452960234,1791037638,7a8wUCnr1bjkB8gKvtRmmokgTaZXZWnoauwUWmsFoP7m,6aXFYXbFob1ZKAEDCcqZnX2vooA3TgEqDoy5dAQbeWoV,1.214400,35378509283393,1792994
C0,452960234,1791037638,GEEdq1REaaMRrrnRm7157VxT6WTKsxTm6PxqqEHmpump,5EnZkxh6cH4rPEd1yXa8xbM4nx6oZDpng4xYcRg11XPj,1.002198,34271956398008,1793005
C0,452960254,1791037643,C7cQnga6ACRzUg6b2rj6a1tKVJS5VnR7xXFKAy1Jpump,FiFawHqxeTVBhv6YbqbLwDVuvokRpPUM1bNwAyxhGc6W,1.226313,37881055000000,1794632
C0,452960255,1791037644,J1yxV53EmVRmt9RUj6PPufMfdAYUbtgwXCuNYTBTsYzJ,7JCe3GHwkEr3feHgtLXnmuJ1yB3A7coSeyynxTBgdG8k,0.583166,571786857223,1794765
C0,452960261,1791037645,GZ8Ah2fZFKd4cL54nj2jcdsdWbDX1gBMfip9Pb4qpump,3xtyS7oYkE8wQ3uZN4uMf3jdhBj5SKnM4HM6kZr7M6uc,0.400959,13979392355183,1795195
C0,452960267,1791037647,9w2dXDKxQbHcAG8XdHaNKgLaBof4hhaiiUG7v2QBpump,F7p3dFrjRTbtRp8FRF6qHLomXbKRBzpvBLjtQcfcgmNe,0.463495,113138668493,1795568
C0,452960278,1791037650,joMqFZ2o6ADLX1RxgtqyRNp5aS9YriXDwNnNi5upump,ES9zJAMZFYUB1qJyzLteoZVpYiqVKubSNET6K7oHRR3A,0.098997,3485709524202,1796433
C0,452960294,1791037655,696th4oYaP5JZQp5LgKk76fSjwRvFj9cxSa9CdGEpump,AEgTuy8Lg4wfnjm285mk3P2k1p39ofqNXk8b5VtYhdCs,1.500000,45121248401877,1797662
C0,452960309,1791037659,3tsdUrLgnra9LdKS3RN8b6qoz4GbYA5juGXWNFk5pump,BwWK17cbHxwWBKZkUYvzxLcNQ1YVyaFezduWbtm2de6s,0.360753,14961289705904,1798844
C0,452960319,1791037661,7TMHgrQLncBPrD8dXjFaEH6gnhPocNp9pbsQi1L23n82,k7DVoHkWGGiRrcqmAgkqo1NnJfj6PiFTffCZRuZ41L7,0.220000,7715639753410,1799513
C0,452960321,1791037662,75EbNj1LmShPMcdGBgpVZd4SgZsk6MoFBvYZvRc6pump,2d7K64WSXzidALbVYQy3J1RrywhwWF8evQjfCZ9r3Rbz,0.083801,2910683130499,1799651
C0,452960344,1791037668,V8EfrNrC92yVh4htRSm2bfDVCUx7Er811z8a6vxpump,Da1Erpm3FoS2f3Sto7FfVVnd8S2acvQyxY52VDmpH2iQ,0.148772,4274421174565,1801240
C0,452960353,1791037670,D4sBdmPaDKxKThQW3Eh721R9M335VcCThn31w7CRtdkN,ARu4n5mFdZogZAravu7CcizaojWnS6oqka37gdLT5SZn,3.341235,23584816970899,1801856
C0,452960358,1791037672,4JVYXGrVpStDb3a823MA8L62JqUTSwQg5Pf414q2pump,7mEET6gCWYW7iacK7FV6FQBdpRWQLseczDvChAtWDAn2,0.100000,3520918746848,1802190
C0,452960365,1791037673,J1vUwD9H1u7Mx4cLopJuMPK8S5kaT1mtmfo1XDzypump,HL1oF2j9C1HtAMownXKsUhXQdMgJLTSt5T4iENV55tTY,0.550000,18715079592532,1802630
C0,452960389,1791037680,3wbaD7K59QybgPJR6rmW6rbeFaAwCscGpoXVjG2gpump,GGztQqQ6pCPaJQnNpXBgELr5cs3WwDakRbh1iEMzjgSJ,0.434595,8223655195344,1804178
C0,452960392,1791037680,9vYGjRqgjb8GtaLiHWyHUhXyrTkhckbKkxYehM5KErW1,FSz6mptAxKrjDjaJYQiGiCGGwsxL4WgWjsh9sGhw4BZX,0.750000,18124190877579,1804345
C0,452960396,1791037682,5RUrbAftnTBptroKfpiJKyGF5v7aGsX9zYzNjSXjpump,DupzWEQ49GowYkDsiDYD7q6o9HVp6Sjd44J2iAGpAk2V,0.174049,897154646219,1804672
C0,452960414,1791037687,J4C8jmGST2jU34FMya6hL8StHpa9VbiSEUdQgguwpump,8EQjQkeQezhArP7qSP4QHJ63aEMy4b17coxpxKHysa5V,1.000000,30213712124805,1805890
C0,452960417,1791037687,xZS3tYZcBcZmsT2mRZEbsGk5YXt5CP39pGf3qGvpump,2mqrindMAjJEQPLhroYWyiYPo5h9iAsahfdd4QtsjwdY,1.295146,27728260202481,1806059
C0,452960423,1791037689,39gkk54YgA85LMu98grwLUEqMUVTqsWt8SnkxmeXpump,7iVCXQn4u6tiTEfNVqbWSEsRdEi69E9oYsSMiepuECwi,0.203293,6636623266573,1806430
C0,452960434,1791037692,ETX8sqYjqafSmxfEgvSL5G45EiAVamnbk3fVRPzhpump,BPKVyybfMjhTEDFWBYa2wDnRV5a4Z3Lks8ZfMec3qUAW,0.450000,14686420874067,1807206
C0,452960435,1791037692,gyzYs3AZWf8R98vcpFsMyMZe8DZNxaAXWcLqf9Dpump,ARu4n5mFdZogZAravu7CcizaojWnS6oqka37gdLT5SZn,0.822444,48981805133,1807225
C0,452960439,1791037693,E1wcAjHhxtXupCLLfyZmjKSB8Cycn9xnRHC6xNrhpump,BwWK17cbHxwWBKZkUYvzxLcNQ1YVyaFezduWbtm2de6s,0.052447,2418126324672,1807740
C0,452960448,1791037696,CxaFX6V6xod4Dn1vKVwsNG1NjKUbMrWqTBeVYSmNpump,EoqodDDzKqEGcKBuEHtkAAzs3rM2dZtoNqpgcNkyY7Zq,0.100000,7049028947932,1808564
C0,452960450,1791037696,9bFZ1PkRZZrRxFfFCVHKNc6yB22AZgenfEoTxQeNpump,7mHmNh6BFNWpFp5qh2VXRNzsK63zZ5ZQGQY77khANBQW,0.098997,3485709524202,1808734
C0,452960465,1791037701,G2sYK7qDFFWUmcm8aoVU3ewKKwB27Hxm8jCt5A4qpump,FaHvzFA7qJzZQ2kc3wA6gM6TyKKakGSfdqSy1vZ5hXB,0.900000,28967334354187,1809719
C0,452960475,1791037704,EiBLBELdb4Tvo5r1uouT1fLWjN96pfXTEGrrLe9npump,EW6k3ZkxGQxxVrbJ5S5xcbA98b7qX1YmzSuBp3Y7epSD,4.000000,124858181763706,1810314
C0,452960487,1791037707,6vW3rkvah1eT8GFoqKkr1hXtkDEA4rd93GzwKDpLm6HV,k7DVoHkWGGiRrcqmAgkqo1NnJfj6PiFTffCZRuZ41L7,0.220000,7715639753410,1811316
C0,452960491,1791037708,2yu92oYzBWLAdVpu8BoaLzmM1oxPsHoboay2BXmeDDZr,9nnLbotNTcUhvbrsA6Mdkx45Sm82G35zo28AqUvjExn8,0.081870,325438104625,1811565
C0,452960504,1791037712,5p31YBaQ8k5JL6mibabW2qH5qxDEXnwcnx9nqUSepump,4yFAz7dp5WwuZs3vbWKedbRiUmSFxTVGCdsLAxfEQrG3,1.298238,29048278031568,1812341
C0,452960508,1791037713,6pXCwc4AszHoVan92MdrcJ3FVRyhJXZ3GxstDxoNpump,6VcgH1SLdsSBWGwyRygV7w5BGSrfiR1vdWSKDFgiAn4G,0.060151,2120630001336,1812549
C0,452960519,1791037716,2F3VSnTdEJAKjWmSahfRG43RZFdkCDzSPySNdpz8pump,5AbNfyw8Li3D2SC44cR2iZ4QNZ2mfew4Ymzgc1bYvysE,0.620280,5431147867944,1813280
C0,452960520,1791037716,2HmYP4foE1gUzqiTdj5N1pmv41eErzozXuLmhYwdpump,Hq1s2PqSABdHgt3LHihEUS8c8nWyTZRiVwEZvwhyTJYm,0.098912,29145675761,1813437
C0,452960523,1791037717,BSXaprpgkxNNEj928eUb9XPDkMnfhFSpeMjQHVGjpump,3xtyS7oYkE8wQ3uZN4uMf3jdhBj5SKnM4HM6kZr7M6uc,0.400959,13979392355183,1813607
C0,452960526,1791037718,AA1hANzAbftBU32KQCYfbsYnyMqA3uGCBeek1ZE5pump,ARu4n5mFdZogZAravu7CcizaojWnS6oqka37gdLT5SZn,0.806335,4161673217470,1813860
C0,452960530,1791037719,JBBbWBnuWLYBkce4G1gSTK5H2TRB8sX6ZZpxr1MdSi5x,2CkArwyYvfAppyMacUo4ZWQumFGGwTKwwJoURbrTi8bQ,3.000000,96449438144093,1814095
C0,452960533,1791037719,8mwUoUu6fJCxWuZG2iiqT7yiwp1gyGoa1NpY5nAvRRGs,DQFd2EaopjzZuJWtU91HPbgawFCun624wnS7uEJKvsPV,0.127723,1694931384428,1814335
C0,452960536,1791037720,41Ur5BYofC6tRBkzcPUajujeYukd7ZABnH9iypKEpump,CnTeYCBA7Hzj9r2s99SaEXKYpiWixtMUkqZWHwyNbm3g,1.500000,50494117548818,1814535
C0,452960540,1791037721,Hw9uE7EwZQ2HoHyGhDokyQ6yjWgWXp9UC9vEoFg97FCq,FtfQi1xHPBGGHoBYo94XDpgXJegops7imggLuURDT8uh,0.082519,2907097027058,1814779
C0,452960541,1791037721,6cKnR3x71nnrGVt1aDrAC9cVgcZhYhtWMneqFWYMpump,7K1ygpyD3EXtyfnQ1X8Vsk5tn2PR7Whah96dCZoR7uZ,1.940000,53645988602995,1814863
C0,452960543,1791037722,68eM7hLffp9y43onkvZxjnjHuEMPCcHHfuGBa31Apump,AEgTuy8Lg4wfnjm285mk3P2k1p39ofqNXk8b5VtYhdCs,1.500000,16650331769566,1814984
C0,452960545,1791037723,GtDd9j5kjNBCwsPJ3t4VvdFDiDutiWqL57xjRsmypump,ARu4n5mFdZogZAravu7CcizaojWnS6oqka37gdLT5SZn,0.189885,2517609684288,1815188
C0,452960555,1791037725,5qMTgLKo9UD31aSB34iTJ6pMp6H1DEvUkzY4GvRrpump,2EuodHpSwEHeqWkcAxjMdnkN45tnUphJPh6hK2SxeQvA,0.194479,6826269352590,1815735
C0,452960560,1791037727,9mHe3ZCtin6nneQsMDmXkX97aFTXx8oiHeT7PKg8QWMo,FFdBLYqL9rs5fUT38ArE8GV2L3BziEgG5LJUu6sshfkF,7.087500,202999999999999,1816123
C0,452960562,1791037727,GUX3Qhj4V88ABb5X9dWMwWSGM2kZyDPzQ9MaahgWpump,BwWK17cbHxwWBKZkUYvzxLcNQ1YVyaFezduWbtm2de6s,0.076012,2570684696973,1816319
C0,452960565,1791037728,98kfF7rmsg1QDUEoCqNE7g7M1FdrTt92TEp2CLzypump,Em8J3gBWapfVBGVhVipwQnLrqCvnWBnLajw6XFsFECPF,0.054657,955674658,1816539
C0,452960572,1791037730,5C38HdRQSQh7GHGGKU59qPZ92Y7bE1TE46atHtugpump,7EAji2sxaQCgVYxuNfZN6YkYhka1AvvmgT6zZUo5n91z,0.469835,16094999999463,1817044
C0,452960579,1791037732,CvUX4G2tzq7J3ECmNvWZLayZYV6KpgQp6SJ5K8Uvsu5g,C86oRMyUqzsXKXEAsCUbrhJuYuMbqXxE886s9MpUFF88,1.937655,489212478487,1817528
C0,452960602,1791037738,3zoV7tJm2meguJtRnwEdQ9TyytKsV3xGP1s41Q84pump,DsGJkPzFEQZuwy7JjZzPcJEyEfdC6StV7rarXG4ftRSA,0.455625,14963996863252,1819153
C0,452960604,1791037738,GHt1bK6Mk6sYie2nrUMGRF9rgEUogmcCH1h7BzbRpump,BXB7FF4m5x74ZoUvVHfPJnVBbqWHpMEU1WNUZAL9W8PL,1.000000,32342407297991,1819291
C0,452960606,1791037739,5BEKZ7rmr7estRRbTG7bSYEmJTQrHBmPyQmfc8w1pump,CM8eJsqqgYyXiZXk1cwX9k5CgAm84Ut9ucHsCTtvqo8H,0.422954,14735716843526,1819568
C0,452960643,1791037749,5eX6gGNL3RcTRzaw1GzeeGwuRgx94M3Y1aoKJXEwpump,HfRaipbxQN4eK4ZPwJvwJCwGWbfPUU1vva4ou8x6fTpg,0.124144,781275976402,1822444
C0,452960645,1791037749,94zZp2PLZgNWJ3mGZPNgdGPmF4rH8bNKhsMy7dBnpump,DxhpC9c4kGkYJR34xUrfFeDx9vwb6yoHUMWrTCZybwtH,2.400000,75773741496423,1822568
C0,452960659,1791037753,CxPhp52ffcTsZHqqKVoWnL33qovM4LJDDPGihqBjU1cG,2pcL7kT6wK1Qh8Kp3HAkaDDQzhu4PHrnWmspqs1oqXmb,0.563294,13090615834796,1823509
C0,452960672,1791037756,EBnA9HbJkhRTP1n1ZCkZzNCGjLssRWTetBFL9nzPpump,ARu4n5mFdZogZAravu7CcizaojWnS6oqka37gdLT5SZn,0.819417,1599938858839,1824341
C0,452960679,1791037758,JD3d8mxEJ91LHZSuwVLquFAKdo5PbEeLCUevjjDsPdRe,BuGacsFWAqk8LZk7SPcJ2iqdGdUnPyTqvwSVUU48ao5o,0.245726,1062121320579,1824798
C0,452960685,1791037759,ACN5KScYZ8gV15mKcKbWc855S3CmXS8gen1QTjYUpump,2FfEBBV6hmtXc7bQyXk3hjQwsQaUMcKTEC1DWQqvdwzu,0.247480,8671591758466,1825129
C0,452960697,1791037763,4DYpQAiKQA872y9xuSGFLSguho8XZn9mQBmVcRQZpump,ARu4n5mFdZogZAravu7CcizaojWnS6oqka37gdLT5SZn,1.852185,32359293298741,1825956
C0,452960703,1791037764,AyYNfPtftg2zDP4ZbgcoQMggQtwLh4zpfVVmUJs2thto,7dGrdJRYtsNR8UYxZ3TnifXGjGc9eRYLq9sELwYpuuUu,0.947491,392451942528,1826374
C0,452960722,1791037769,DUccHrmenJAH4ofNc5Gs6vuK1rWLpF2NwMcVEe5fpump,Dj216RQsRoKCKxPtV4Xr1pPwZgqP6adkAfLxafAhBRAS,0.200000,14450039829621,1827600
C0,452960734,1791037772,5mH155ePpNWJb2GktpftLJbcTvoxFaUrv7XkZPDtpump,AfHNjAnXJKkQ4yrBDop77A3UaLZgFmGKhaSDZC4Msrvk,1.467670,5637657047985,1828418
C0,452960743,1791037775,5F1Se9J2L16YcK1fpk18NhSvnPjtyjQSaczKGLDoV1Uy,2dbohozjjVR1svvRbrPJZVPpyCCGytjNga9x7SnxC2MW,0.493827,14393330626791,1828955
C0,452960754,1791037778,2yJ7LrDPMJTdqhnYfaZ31FvyBq5tbbWhsxCiBvncpump,6VcgH1SLdsSBWGwyRygV7w5BGSrfiR1vdWSKDFgiAn4G,0.070176,2473245495739,1829651
C0,452960776,1791037784,HwZ9gkmFe1g1ALM3zEQZX5GdSRLygLqGUoUDmtSL8QN9,E9kjuewSm9kg4f3qbCPkRLQb4MhdcN19gJEbbZgXrRAQ,0.179216,56921515805,1832192
C0,452960798,1791037789,CbV9ZLacV9pk8Re9f8f8QwCacWyhsE5fzN1G5MX3pump,ES9zJAMZFYUB1qJyzLteoZVpYiqVKubSNET6K7oHRR3A,0.098997,3485709524202,1833541
C0,452960807,1791037792,4L3e5pAJbwGQyWjk8eFxoaMyh5NQcg9AqTqWy8ua7UrV,9nH7FpthjMGRKhEzzBQ2TxBbpdSfnGkFPjxzAUpAnjsU,0.850000,11648570485286,1833933
C0,452960835,1791037799,4iNPcVXH6S8kq5v9RVipo13MM7RHGP7Ks9X8EDB3pump,G8gTguf7EUwqfwdRhiZ3KCBEgPURVB7LXoDzHif4p6oh,0.200000,1390931086485,1835825
C0,452960840,1791037801,HJtjy9Cobn2PeF82R93tMAJRVvpJQM7rjRq2dALypump,Ahekwy9V7q2tmqJdTX92TAtEHM4pafQbsfc5oLakbZs1,0.647486,22672410971501,1836264
C0,452960846,1791037802,3WKcAumcsxEMyheaZ6PzG3xfp9HeJ3Nz7bpr757Rpump,DL11CHBXbMMAfB3WEc1MaXqNBbVnWjuPVCzUjEwsPLv4,2.400000,35116120860336,1836692
C0,452960853,1791037804,AC1quo3497ZzbWNsEU5MYQHMDrsK6DtWfx6dV4MSpump,8y5xhxgBeYNh453AB2kWH4PV5kmBJTy4A1mjXmq9Th7W,0.100000,3520918711316,1837270
C0,452960858,1791037805,9kXG537MZvtTBUieRvrye9KG93FbA25QAk7zf5oYpump,4G9RznKvrtBWn2sRETcAsnSRkectXiDsFP5imBbSiFM2,0.424433,7757642000000,1837598
C0,452960883,1791037812,7sPUjkj3zvqrFcy4Rutu1cPsoBUch3dNDESjgLZjpump,BwWK17cbHxwWBKZkUYvzxLcNQ1YVyaFezduWbtm2de6s,0.137046,4664255057849,1839444
C0,452960893,1791037815,GrTw82Y7KjdWPJyk8TmQVVXoqUN6FnTEE17Do4pypump,BwWK17cbHxwWBKZkUYvzxLcNQ1YVyaFezduWbtm2de6s,0.136125,4659358454000,1840108
C0,452960898,1791037816,3KJTCBDrLuuVe4t1naxJ6XDuYZPxAQYqNEzzNe42pump,3xtyS7oYkE8wQ3uZN4uMf3jdhBj5SKnM4HM6kZr7M6uc,0.400959,13979392355183,1840536
C0,452960901,1791037817,CqT1nFPdiQUYXBYkm73kEGV3XaNgxC6CPxxxrxaepump,7FVfSdnR9VPGjMtmBP1Hz9C2DFTpoNX8gVVRmnimnGt9,0.066767,2353382540503,1840659
C0,452960904,1791037818,BSdj5Bh5QgZut5zmKEbLwATLpiwUpix9U6dNL6pzpump,APSH89SQVtvFGawuRCfPAQf6AYwsYoadErt5EMXi1gUP,0.098568,1122474253658,1840956
C0,452960912,1791037820,HV6UJykVqADjkq71qEk5BMRAnKYP9PUhV4bgFjoEpump,3Le7cTELrgoSX51gRZagrueWsm4fPJWMa64sXAqYcJk9,1.200000,39681642579469,1841426
C0,452960932,1791037826,4mS5JinFf5f1GCr5K2MRLgQiu95ifd4X763Uhj2Ypump,6TYDxGmVxkBPBmEfnmLXx6jVff9LknsjRHqdTjVyZmG8,0.139774,5090140829,1842801
C0,452960937,1791037827,7mTEzQ2yGzBRvBq1ADGbpcFr69yuP6ea8CNBNBDjqDHQ,7A4qiny2RkixPU9TpE3CWPSahTBdLGe1Tjhe7UeKXLKZ,0.990000,32108193095441,1843139
C0,452960944,1791037829,DGWTr1Mv6E3XAVg9sZ69V51fDeoLn11bGyvhttxvpump,BwWK17cbHxwWBKZkUYvzxLcNQ1YVyaFezduWbtm2de6s,0.082884,3004191286085,1843601
C0,452960957,1791037832,8UuahUv1qPGu8uyRQkoGmJJqWdEPcrnaXsKC3s9spump,HyqHWfi3794HXdVhD4jFiGuCcSA9VjYusPJsChS2wde6,0.100000,637697781750,1844555
C0,452960957,1791037832,DLGRpmkMGr7J4KD1xR5x2XjaGeQH64PLFQkyxNNSpump,MriyaNN8TMp6qRWjfr723PK7xgQK7yCt7Kg2v2PQu7X,0.184151,7016599493,1844575
C0,452960968,1791037835,7Un14KLJHzwTdYzMetkoqtBgJLrPTMBLawBSkF1Vpump,k7DVoHkWGGiRrcqmAgkqo1NnJfj6PiFTffCZRuZ41L7,0.220000,7715639753410,1845353
C0,452960972,1791037836,Ey7DcEsCpSRs8JkSmgBbot5ZBSazyZk68SCxtVXApump,AMDEmVocLtN5ji2gBY7BrmSHEyM5vt6TGszBbg4crMXg,0.302657,7771984579168,1845583
C0,452960973,1791037836,C9ZXAMPNgufo6HvZ6aoCqAFghxvvDDxcJZyHapzPpump,DL11CHBXbMMAfB3WEc1MaXqNBbVnWjuPVCzUjEwsPLv4,0.600000,20449783448036,1845692
C0,452960983,1791037839,9qwxahBxcgKyn5X7kZvkN7qxKZg6pkVD8Lo4URtopump,GEVKg5F4hLHkFzb2RZtQj1jcrapRC929FWHkJXf8hpKU,0.150000,1028446281901,1846419
C0,452961004,1791037844,Bqvyw4hm9xwXsiARdmvkV1KaEEFC1EaWBKD5iLdpump,DMZeNvKR8wLfDFbagbUPTjU41maDUkugS5QfbnjLBKx6,0.151875,1808975012933,1847761
C0,452961011,1791037846,2oXZNYdCXLpQeMPZqYHF42cqe1qfpxdsq6itYReWpump,dev12bVcv5ZLjo7eYgZcSmZ7KBjEVfnfvorwqdZ14fo,0.505500,16420851883450,1848260
C0,452961018,1791037848,5enE6MjpmvQrgynbHFTkNF4WcoWjqQFJjsMi48zFpump,dKMjeGJ4Mk9S3hxdfTThvZ7exks2xMwWqSM5NvN2CTK,1.800000,58918174488992,1848762
C0,452961032,1791037852,Ct3EwuXRCPtjoRW2hPQ2caMhE5mbkLC1SEQrD47azYjk,GeUnv1jmtviRbR7Gu1JnXSGkUMUgFVBHuEVQVpTaUX1W,3.100000,99366691529599,1849635
C0,452961043,1791037855,F7DdTctynKBqB1ZJNVyjhLFqhxhf4AhQH2tt8xHKpump,ES9zJAMZFYUB1qJyzLteoZVpYiqVKubSNET6K7oHRR3A,0.250612,8780451425543,1850457
C0,452961046,1791037856,HjpzNgeYFzyFAuWhvmYSkFroVSnXpjRU721JUQCopump,GTW4HfwbJfmjG1xCRQGeJixRJLbEtu7e54uE3b2ATfXT,0.100000,725588825706,1850644
C0,452961055,1791037858,Hbwsj31XqRi7qrfoKrXz2zi8F1zu65WwiaNtRnTQ5MNK,sssssDdMNAWKingjpEojkTNdVuZrBe7FsJLaGtexe7d,0.572953,19671971841966,1851066
C0,452961056,1791037858,6rWzQVMnF8zM6YTh6zqz7iyHXr3gUX1fA9FZ4E51pump,FiFawHqxeTVBhv6YbqbLwDVuvokRpPUM1bNwAyxhGc6W,1.960299,64966694000000,1851167
C0,452961062,1791037860,7DKfPvoFi6YBMyaacAYLFnTBRQQuUsGw8Hp3goB2pump,6bD2YsuNF2MjMdYiLHRzmHswx3BzmtRgkFhJuBF6czBs,0.386415,13389818988532,1851600
C0,452961074,1791037863,4EqbXMHpF5KSuGRn58Ve5iLjqpFGfaa7vSW6r6x14Y9a,8RB5cwrwHrxotxFURLWKH21MjkzeA93vGtLfqBbgKEiG,1.822500,60735849056603,1852535
C0,452961078,1791037864,FebCrJ938XEuuDMvJSfREmTeKfTMPREszPgovnxLpump,BXB7FF4m5x74ZoUvVHfPJnVBbqWHpMEU1WNUZAL9W8PL,1.000000,32955762800425,1852782
C0,452961086,1791037867,AuecKsYKJmJYHkRHE6Er7asr4qs3WKe4zrhSo8DXpump,7FVfSdnR9VPGjMtmBP1Hz9C2DFTpoNX8gVVRmnimnGt9,0.060151,2120630001336,1853176
C0,452961087,1791037867,8DZSLV81fWnaptPZq5FpcxbbtPYeuZhPBYisG6wRZzMM,ADkquSiH1zS6LmGoJxzwE6x44gpE6S3KWLALqNc3sTDs,0.300000,7372561581719,1853221
C0,452961094,1791037869,4k4RkqUqbkzjWcKR14TR5B2dS2jvHxhd4BMiCyxhpump,CnTeYCBA7Hzj9r2s99SaEXKYpiWixtMUkqZWHwyNbm3g,1.500000,50479170225557,1853788
C0,452961097,1791037870,9kMdP2jH6RDqqitzCAqCkuMZVhyWXh2ntjHzSdv1jJiM,ARu4n5mFdZogZAravu7CcizaojWnS6oqka37gdLT5SZn,0.982716,5202248719527,1854031
C0,452961098,1791037870,CZFNyHmMrmYgkyRX4nFNnyDEpqd9N2nVM4kDyzvMpump,EoqodDDzKqEGcKBuEHtkAAzs3rM2dZtoNqpgcNkyY7Zq,0.100000,3489831142726,1854048
C0,452961114,1791037874,A7iQ8N5jKDrg1YUxJ7v8aN5AtkwJaUTNhq1jZ8YLFrAJ,6TYDxGmVxkBPBmEfnmLXx6jVff9LknsjRHqdTjVyZmG8,4.110217,13869653315385,1855031
C0,452961125,1791037876,45ExsaafkJCuJHZNRisWe7wG38DzBFRd5gAXJHigpump,BUBBLEtr8BEJZ9PyC2DFYxG58r8tu5PiyAKMVm14hCg9,0.102022,744193920917,1855613
C0,452961137,1791037879,74oDhfK8Lxa6XmGSKEdHSqDaGuMzF7j98bkCrAqf6hHr,k7DVoHkWGGiRrcqmAgkqo1NnJfj6PiFTffCZRuZ41L7,0.220000,7715639753410,1856468
C0,452961143,1791037881,BMxZEhwAHMzarwMRZUGknKtXNkAhraFYqUpVbh6spump,3xtyS7oYkE8wQ3uZN4uMf3jdhBj5SKnM4HM6kZr7M6uc,0.400959,13979392355183,1857069
C0,452961154,1791037884,9m9ELtY4HuBmkdf5V2nRtutAcyjZo6fLcDBdgRYmpump,HL1oF2j9C1HtAMownXKsUhXQdMgJLTSt5T4iENV55tTY,0.550000,18715079592532,1858088
C0,452961155,1791037884,7ckGdGJHySxiTz83nK98wAKe9y3RJTVtxbyW8EJepump,GaMPRt9yhnhRAB134imiwkmXAtVYkcTtZFzF1nBeqw6H,1.503046,50591814205825,1858176
C0,452961158,1791037885,GEfczgTDgAXjBCSDH5HdGFwbduQGpvAVzHp9evPppump,ES9zJAMZFYUB1qJyzLteoZVpYiqVKubSNET6K7oHRR3A,0.247480,8671591758466,1858439
C0,452961174,1791037889,36MGGQQDEjUQrFZTZBYqPiSd4CFfUQY1DpdT9pZJcXMv,ARu4n5mFdZogZAravu7CcizaojWnS6oqka37gdLT5SZn,0.782085,10067700392466,1859856
C0,452961178,1791037890,BfeCcpRBx2pg7NzoosBBpN9JeC9bCDdtjGMovqQygQSs,8RB5cwrwHrxotxFURLWKH21MjkzeA93vGtLfqBbgKEiG,1.822500,60735849056603,1860187
C0,452961191,1791037894,CboRUDunUJtJeWGnsrRyAGhDBYQU4tpXnF8ChsRuKpL1,EBVyC1VakvQvWs1bPoSstS9AHhPux4tmB8yRpuSeuNfQ,1.822500,60735849056603,1861388
C0,452961200,1791037896,AWiEQAPkjhy9nRoy4fjrrJ5M3n5qUdH46LDem6vWXNpB,9Br9huBvMaW2XYxcWdA6wnhtyZ4Ew2DUzJMb5mSTTR8W,2.025000,67062499999999,1862211
C0,452961201,1791037896,2d5iUMK1QRGtSA8DzUbVUwMcsZxdejJceZmvBQmVDvHp,k7DVoHkWGGiRrcqmAgkqo1NnJfj6PiFTffCZRuZ41L7,0.220000,7715639753410,1862247
C0,452961204,1791037897,2b2Tv315U1FUtYF9Y1H2b2qrCnL3tN5QPabScFPCw8vw,4KQGocKQW25nJ8xT9GPNW5Uqy2t7eFs2NzwcXqiyuY1X,0.150000,2395849331851,1862578
C0,452961206,1791037898,835NmmWyy84pPNaPAVHwWEG7VNAPu9hX7eHdpZELqEPo,7QBQLNXfCHNhuCsvzBWH3kMMh6NAiKyZSfb1NYjfVXNi,2.506825,81802728251399,1862681
C0,452961207,1791037898,AMAk42nJAzxdgr1Yt2yJyD3MbhdWBjZ4T9rZzRR7pump,BwWK17cbHxwWBKZkUYvzxLcNQ1YVyaFezduWbtm2de6s,0.128455,6908285064631,1862771
C0,452961209,1791037898,HUow7u6gn8MNZJSvhKRBFSpJpN7KEsqzBVqR4mGUpump,BwWK17cbHxwWBKZkUYvzxLcNQ1YVyaFezduWbtm2de6s,0.050094,3482303454017,1862970
C0,452961210,1791037899,26Wevb7AQ85y4wz7Epo6N9SFPqKLSDNQjDcK3e4Spump,FiFawHqxeTVBhv6YbqbLwDVuvokRpPUM1bNwAyxhGc6W,1.470809,46517113000000,1863026
C0,452961215,1791037900,9sq4s7osEuwe3qpK1dBC4K4Ldbr21DrmXbhuZ3a8pump,HvJi28GXR2yWgDg1bewcvTV9yficRvgTnrdcc78kCFEF,2.500000,81235471868107,1863413
C0,452961221,1791037901,DpqGym1eDYpYP83npjurEf4CgLWUmHy7y6PtWLqdpump,5zg2wYPcAKKjCRnCoDyTUqxh9fQX2awGK48aPFX7UQ37,1.800000,39883597111951,1863836
C0,452961221,1791037901,3627B5cWiCMTAaewukXGpJH2AYpr2Wo8Dsy6LDzZpump,7iVCXQn4u6tiTEfNVqbWSEsRdEi69E9oYsSMiepuECwi,0.398362,836394620786,1863894
C0,452961226,1791037904,8H8CDTV24JQjwoU7JPQk6FAXW5CVBByipvNLGuEBBFe5,ARu4n5mFdZogZAravu7CcizaojWnS6oqka37gdLT5SZn,1.644946,40586247790859,1864403
C0,452961229,1791037904,ChoGZnZiXfEw9W33x4eks2dKERgURfTfnFqv75mppump,CnTeYCBA7Hzj9r2s99SaEXKYpiWixtMUkqZWHwyNbm3g,1.500000,50494117524759,1864508
C0,452961229,1791037904,4ibRy7pDunDpxqvtwqyEqG41DZBUMGj4SF2WcPgkpump,8y5xhxgBeYNh453AB2kWH4PV5kmBJTy4A1mjXmq9Th7W,0.100000,3520918711316,1864509
C0,452961232,1791037905,5vZ954ErdoGbmVq2XsExwd78uzDHp65SzqTztQ2zpump,GjKjTmzuoAMdxmKHJpQp9PTJLNuvN1SBXAEARr4GEB1c,0.100000,549223517542,1864715
C0,452961241,1791037908,6ZhrVVFnLfTqVUkSYkCXGp6c19kCSmWyeFgTjpxJpump,2DqAtaywzksV45pPsuhUjHuwnb8N9RDAUci9C4kUYgRZ,0.050625,1721506166045,1865518
C0,452961241,1791037908,zk1qYK1ZGyFeyEgSQoQPg8bpLtB68zpeLqEvKU8pump,Em8J3gBWapfVBGVhVipwQnLrqCvnWBnLajw6XFsFECPF,0.162182,2325512386685,1865534
C0,452961242,1791037908,G5im68AmQ8c6C56Kdapufyu8dZddYkMBGoLbqtb98j7,6TYDxGmVxkBPBmEfnmLXx6jVff9LknsjRHqdTjVyZmG8,1.644489,13536132202235,1865566
C0,452961243,1791037908,72sVBcH51M8BWigCHM8LuFmYuXnxPzr4sEnCWsixpump,3xtyS7oYkE8wQ3uZN4uMf3jdhBj5SKnM4HM6kZr7M6uc,0.400959,13979392355183,1865633
C0,452961247,1791037909,6J8vB8r9o3Zejf4CaZLSs4bVWtk5XDXPdVQxyNLppump,9JhbsjpSQJVGst9aWhuR7MEJLwYaTSWHYNHWLTGwm51j,0.450000,15163430121129,1865948
C0,452961247,1791037909,2mPPQ4YpuprzopE4qSob9kKqY5jUuLd189XP5ed7pump,7JCe3GHwkEr3feHgtLXnmuJ1yB3A7coSeyynxTBgdG8k,0.080090,260699002,1865986
C0,452961256,1791037912,AFhwV462nMqAJtsdyKd2PToRm4dX7hqEYoHb3M1Fpump,8y5xhxgBeYNh453AB2kWH4PV5kmBJTy4A1mjXmq9Th7W,0.100000,3452497449408,1866779
C0,452961296,1791037922,B72FjVNwQA3EivvFUnFJV7N8mT2TCHoKu4tkCLCDpump,2FfEBBV6hmtXc7bQyXk3hjQwsQaUMcKTEC1DWQqvdwzu,0.197987,6948618075286,1869223
C0,452961298,1791037923,2vLYdrbs8ecm6n3P9mjqEjU1C426ser6GNWPULePpump,GTW4HfwbJfmjG1xCRQGeJixRJLbEtu7e54uE3b2ATfXT,0.100000,726783537085,1869316
C0,452961299,1791037923,Hk8Uiq8CeNdmZzu1aPaT7MhvujtJifFS9kKhfpXmpaid,6TYDxGmVxkBPBmEfnmLXx6jVff9LknsjRHqdTjVyZmG8,2.465611,12395017603391,1869397
C0,452961300,1791037923,4u2DLcFtmJsTmJg4cAjhVJLAwmp2foUPSF8BMzAxJupM,6fAV85kfyqXexp7uJVqByxDehU61WGVq8YD3CSWrYwQ8,0.250973,6047455121986,1869426
C0,452961302,1791037924,6dPG345bf2NXuwQeZSuY2gBGaTwmiUc2LFD9ee6Ypump,7mHmNh6BFNWpFp5qh2VXRNzsK63zZ5ZQGQY77khANBQW,0.118795,4180108161114,1869601
C0,452961311,1791037926,HfcknRngFMfu1oNqsfDfN2AePrgoPV4YHb8FpWL1uMH7,9LXWa7V3AE15VfBupcx5gDts2ix3Y9NzbcKZKjkkq6hV,1.000000,34199203120618,1870140
C0,452961313,1791037927,F15wceyRNGr1Me8Emg7NTS4iWmBGuQkUXCpRQwyTpump,7FVfSdnR9VPGjMtmBP1Hz9C2DFTpoNX8gVVRmnimnGt9,0.066767,2353382540503,1870302
C0,452961326,1791037930,HWgBNCbChw8tVsmZhwwp2fS5Lnmtn766uHZjjip8y8kM,JBa81tah15Vj71YHWnvrPAJsDmXfaghkRRuDh9r7CyRo,2.400000,78572082302189,1871158
C0,452961339,1791037933,71ucy4EvMMwro9HCEnFfjDBR3YD8zpctfpZNVxgZpump,ES9zJAMZFYUB1qJyzLteoZVpYiqVKubSNET6K7oHRR3A,0.250612,8780451425543,1871945
C0,452961352,1791037936,813fzrv2TQ4jZvVdUmShhVpTSgXzuTczNadtBiPc2UpY,DfG6UhpaE4kXTi6qFWp6n2FLV1djoZQ5YyD7gqbVPscU,2.328750,76405572755417,1872736
C0,452961355,1791037937,CjLU6qGFbuHSETpaRJvRAhuFJ3Mt3251qJtnmXf4pump,FiFawHqxeTVBhv6YbqbLwDVuvokRpPUM1bNwAyxhGc6W,1.471227,45112684000000,1872971
C0,452961376,1791037943,6tLrMVg2BvavviV1QVQ5q3BngxSJbfmwnMU5XpExpump,2EuodHpSwEHeqWkcAxjMdnkN45tnUphJPh6hK2SxeQvA,0.143355,5040249271763,1874471
C0,452961379,1791037944,G2twaRpCcbmok5sHZSHcetpvLga5TMuFGTHzVxu1fu1C,Da1Erpm3FoS2f3Sto7FfVVnd8S2acvQyxY52VDmpH2iQ,0.058471,806718923261,1874663
C0,452961400,1791037949,7ZFHVMtWwEesNraman1vxaZXtZySdYAwHdGrxpXwpump,5Loj1k2uftjeyDyEJ45MQxCtTZ3osJXnbAV7sckgxDdk,0.060000,2115327702796,1875863
C0,452961402,1791037950,4E4AA23rebS99tkWPuvBNWdKPmZW9dqapagiFnDHpump,Dj216RQsRoKCKxPtV4Xr1pPwZgqP6adkAfLxafAhBRAS,0.100000,5631678612497,1876039
C0,452961405,1791037951,u9b2GNjQ9RWPAYpbWkEYfBxtBh3QFKn5L8bgtZvpump,BwWK17cbHxwWBKZkUYvzxLcNQ1YVyaFezduWbtm2de6s,0.054005,2405933711661,1876187
C0,452961415,1791037953,BL4z44QDfapTxP6J5srC3DuiyKfEQEMZwGypHMLTpump,3SJHbVjvdpMYGthDLkDKjJox4gHA4VhoMeNReiwBHB43,0.750000,24514004509172,1876866
C0,452961423,1791037956,88tQ7kMsFuF9S5okAFf8k2Bnq8TEag7mNWaqHoUfpump,2DqAtaywzksV45pPsuhUjHuwnb8N9RDAUci9C4kUYgRZ,0.051648,1683647277425,1877395
C0,452961436,1791037959,CPVoPUnaW8hE4x63hbgrrrhwhTvHiXE5sUXyE2A2pump,3xtyS7oYkE8wQ3uZN4uMf3jdhBj5SKnM4HM6kZr7M6uc,0.400959,13979392355183,1878201
C0,452961448,1791037962,CfYYAH6MwCYBr6AURkFj1C33pbujQHsxXYxid8Ywpump,BSP67kBerukLLCxZE4gft3sMQ8ho2sNZuaS4ysrA1dM,0.661126,22856845737944,1878802
C0,452961449,1791037962,9252cjhqfaTYWVhV4bJxnaYgndJ5oA2Utiyiem1Jykyy,CnTeYCBA7Hzj9r2s99SaEXKYpiWixtMUkqZWHwyNbm3g,1.500000,50494117563253,1878887
C0,452961457,1791037964,9rPMKDRazPspXKTsV1UawcthkvAmFiEK6MYLGBPapump,2pcL7kT6wK1Qh8Kp3HAkaDDQzhu4PHrnWmspqs1oqXmb,0.506250,12593535996038,1879402
C0,452961463,1791037966,Cc8M1qkGhURwN8XkKXMSkLrMUzqZ6ygtz3qqiovDmYP2,CWiNFAEk4M1y6SjvnZkmxWDmhqSmnKFcnop1WoDW3S2J,1.000000,24126897969939,1879712
C0,452961475,1791037969,E2vSK85VtfLHQLqByDodqzTfKYcdMENmwmpPdDCtpump,dKMjeGJ4Mk9S3hxdfTThvZ7exks2xMwWqSM5NvN2CTK,1.800000,56807107041882,1880394
C0,452961482,1791037971,5zMU4g8bpUQojmtfhqGU2kAKkax118JCfLd2C6nTpump,AEgTuy8Lg4wfnjm285mk3P2k1p39ofqNXk8b5VtYhdCs,1.500000,33020926598284,1880797
C0,452961497,1791037975,FhETNZ2mvYNkAvYP2tBWpWpTGqtgFGhJ1LemY89jpump,5EnZkxh6cH4rPEd1yXa8xbM4nx6oZDpng4xYcRg11XPj,1.002198,34271956398008,1881534
C0,452961501,1791037976,AsyGtT6pataB2NYWkK1tKUQwadpBWbFEcREhLMgJpump,G8R7h3wMHF32sQGsrsqRd625La7R5zYdsbKDcxeLY5Jk,0.354375,6105827392990,1881833
C0,452961512,1791037979,CCedxDAQayrBqzaQgn7arHuBeWWgrGXJmqeTdhcXnT9c,6bD2YsuNF2MjMdYiLHRzmHswx3BzmtRgkFhJuBF6czBs,0.386415,13371746079797,1882477
C0,452961519,1791037980,GDuFKcKRnDJiZC3mDU3BgzfSAbgMK8nBk1mHMmAzpump,9wJ4jFNM6gRn5z2a8HahYz4AuxwNtWdwLZSnjRhPhjF5,0.060151,2120630001336,1882805
C0,452961527,1791037983,H7tr3z7cY3JfVFcAcWRDh6cZKhLe3w6M3adGg5DEpump,2mqrindMAjJEQPLhroYWyiYPo5h9iAsahfdd4QtsjwdY,2.180000,43424054100932,1883283
C0,452961538,1791037986,FDtdUcNUwUdW7CNkyNHcGFx23XnTrqPkxowVTe7Xpump,6VcgH1SLdsSBWGwyRygV7w5BGSrfiR1vdWSKDFgiAn4G,0.063158,2226439313069,1883891
C0,452961541,1791037987,CcmxUkTXT5ztT9nNZySUNn27oDDDG8ZJhpgG5BXmY63t,7YmzcWmzj1XDiiVhf7KeVqoYf6YgXP3XaRmwq9UADSSu,2.025000,62932551319648,1884025
C0,452961556,1791037991,hy9YUhFJjp4TePxbc8AGYUWSCffUxoRJfms5uzAwexo,ARu4n5mFdZogZAravu7CcizaojWnS6oqka37gdLT5SZn,0.996000,26626162818033,1884786
C0,452961564,1791037993,85gjWa2MyYwRrafCmVbMpFhfqX7XYR2ayF7TApucpump,8y5xhxgBeYNh453AB2kWH4PV5kmBJTy4A1mjXmq9Th7W,0.100000,3306710132597,1885269
C0,452961569,1791037994,DBqs762NMqjK7AkQbZUFj4RowzsYGEn5wEGwGiyYpump,2J2rtMBRLxAbFkSLgrsuSNN8N5KMTJVaRTdnGfbZ5Vjw,1.002198,34271956398008,1885568
C0,452961571,1791037995,FJLh6QHGA68KRzmwDVnZ3oPh4o3YZNoEAeV8prSDpump,GZC75fHrVnQnJ8nFHhtxZPUCp1fqhcdYgtgUTJ97tAZr,0.500000,15497397734990,1885652
C0,452961581,1791037998,5ijbkcGKjF5aKx7KXDBid9ZBnHgasAwzGvCjvD2Lpump,3pDHoZBjQhAf9w5zTWsVyys7NxiQdewbjj6jnZcKP9ya,0.450000,15164583091018,1886315
C0,452961584,1791037998,Afr7XRgakKd3nyrnSYYZ7YLi7a8VFX9Pi9FtfPWCpump,CSaC97b1qXMYa7aoh1CtJBsggpyvUCSHg7QAkRvBmy7c,0.098912,29006165248,1886535
C0,452961587,1791037999,9DqNyH47gWoMVt5gUoeMAgW5UAL4SW4iN1HAxmcUpump,BXB7FF4m5x74ZoUvVHfPJnVBbqWHpMEU1WNUZAL9W8PL,1.000000,32342407297747,1886660
C0,452961610,1791038005,98gDMyaqVPzDxHAg7mb61ZA8nkEqnNWLNFM7WqDzpump,E694ViTtu8Sb1gqRZ7eGxvrozNmhH4uB1e66wP9SUtWt,0.300000,10493887485100,1887916
C0,452961612,1791038006,HFmqDN4HYT2Z1fA4ZCpa8JQbPqbwexZdkk6a8Y9gcKnW,BuGacsFWAqk8LZk7SPcJ2iqdGdUnPyTqvwSVUU48ao5o,0.064369,1711575163209,1888088
C0,452961627,1791038010,ASPp6SJQwpRueiNFjsaQPbkRj4Z1bkM4NPyumTP1pump,2EuodHpSwEHeqWkcAxjMdnkN45tnUphJPh6hK2SxeQvA,0.208512,7315494247922,1888902
C0,452961627,1791038010,6fZ22XiXv1ZVKdH2ibBYrj33yqUvmgbzMUFYWKjaP5o,2nU1AogLMqD6iLr8u2itPPimAozyZoyZ24f9TmbRW7vM,0.227351,5883517542466,1888927
C0,452961629,1791038010,HSBS2RJCUPVh6iK6UaV4UKhXnC9PwfHTq5k4qQ8xpump,5Loj1k2uftjeyDyEJ45MQxCtTZ3osJXnbAV7sckgxDdk,0.060000,2115327702796,1888989
C0,452961636,1791038012,ELE4dCCn1WbQ91ZJ7DFdnNHLYrrgo7mdEDxrccdupump,ES9zJAMZFYUB1qJyzLteoZVpYiqVKubSNET6K7oHRR3A,0.250612,8780451425543,1889424
C0,452961653,1791038017,4LjJL18pN6oMxr6Z6bMUxXy7K5CbbZTjrQ5UsSjjpiNn,8rpnuCgDPWzUaQxJKrxBP4PN199pbs4dip3BEU6mHPCP,0.098765,2389247604803,1890677
C0,452961664,1791038020,Ek6DNDbriSjPkN9Rr6N6fo3bzEc9kFqxAxCoA6ywpump,BwWK17cbHxwWBKZkUYvzxLcNQ1YVyaFezduWbtm2de6s,0.469188,14399114517339,1891446
C0,452961684,1791038025,3foNtQPNdL1WB4hmB5fsyV8xCNb1ZJUTPfYaxbqCmj4r,DbG7RyLFBWXpEWgfKUA8qByvBZEZ3chqGh9TLkpjpF3b,1.822500,60735849056603,1893144
C0,452961687,1791038026,DBGwTs13jQaCnTmDBFaRuLAQbuPziZBdP2qBXFWvpump,FaHvzFA7qJzZQ2kc3wA6gM6TyKKakGSfdqSy1vZ5hXB,0.939998,11388336263235,1893363
C0,452961692,1791038027,CDpsovHtrGW4hGHn6BKVDdQMTEJtdHZKUVrifz1Zpump,BXB7FF4m5x74ZoUvVHfPJnVBbqWHpMEU1WNUZAL9W8PL,1.000000,26214141674824,1893881
C0,452961697,1791038028,G7k8YPnJL6jKmA1H5Pt9sPLXhcd6YXjexHgmRQ4zpump,7JCe3GHwkEr3feHgtLXnmuJ1yB3A7coSeyynxTBgdG8k,0.797627,43515951901,1894258
C0,452961706,1791038031,Dj1fdiSqiWVsJjC2L2dadEWDMq6DKye55NtFfH5Zau3u,47du2vFgZhzXR2nk4xXtuKqE8dAWXXSWsNTHNx54jjWK,0.169047,5296217276663,1894978
C0,452961706,1791038031,7efHbc2Ng99gjEGLobZpcutRCEAZ6xTVPAMfC2Hbpump,2DqAtaywzksV45pPsuhUjHuwnb8N9RDAUci9C4kUYgRZ,0.050625,1027638821250,1894982
C0,452961716,1791038033,GkcHEWxNdDq38qz9Bpnd4ktfXLzvZHmCepQdsVwdpump,HL1oF2j9C1HtAMownXKsUhXQdMgJLTSt5T4iENV55tTY,0.550000,18715079592532,1895716
C0,452961726,1791038036,FJ3YJkHFFGzashwVdApgUyuypURHuDSz1iuAFHjffrur,CWiNFAEk4M1y6SjvnZkmxWDmhqSmnKFcnop1WoDW3S2J,1.000000,26479619212906,1896461
C0,452961733,1791038038,8aM79CN2sN1pgRpLLmH7W7qS9fFCzHkWYgM7y2Jnpump,BwWK17cbHxwWBKZkUYvzxLcNQ1YVyaFezduWbtm2de6s,0.232613,14131989695813,1897008
C0,452961741,1791038040,DA7ThrmZwetSbC5GCdNSQX5NsQuwEdY3tATREpMWpump,9XPMCaxtvywvKQjtaPtK1prruGPiH4CdMRjUVpkB2dM8,2.000000,44389345696777,1897636
C0,452961782,1791038051,DRG67aZrzfeSjTa2YfFZvcioYEALwBFt4rgQckiPui8T,ARu4n5mFdZogZAravu7CcizaojWnS6oqka37gdLT5SZn,0.405600,1424312392395,1900435
C0,452961788,1791038052,ArmVYuXq1GttDN7iL4ffLb4FkHEoxTds3Amk95LBpump,SKmksffBedVUw4fYNLJKARjmwuxZMNnNjkrYR8JScjy,0.100000,872923577333,1900740
C0,452961797,1791038055,HaYRgD7rjwj1AwoWjafokj4196sufYm4vKFamLZVpump,4h8dr6oUEtx8LVVLRGKKPxaCbuSa1dMaU8BjQtdY8acj,0.517475,1957931443284,1901392
C0,452961812,1791038059,EsoP4iX9yLUepc7Mp3QBTN5LXZLrXbk8hXJu71UHpump,ES9zJAMZFYUB1qJyzLteoZVpYiqVKubSNET6K7oHRR3A,0.250612,8780451425543,1902295
C0,452961812,1791038059,Anieu9JBnQfiTdE7HdGsJN1QCmnbJLk981XPpMJzpump,uFMSy1ZMvmNeMQRTijreXv2VAtoTeerHWzXxfqrLRWR,0.060151,2120630001336,1902308
C0,452961820,1791038061,G4vtrmSR2ktdPFRxLYdA1FasxMQoUmrzW2fUCwNmv21s,AMDEmVocLtN5ji2gBY7BrmSHEyM5vt6TGszBbg4crMXg,0.316781,7191772117698,1902806
C0,452961820,1791038061,CB9dDufT3ZuQXqqSfa1c5kY935TEreyBw9XJXxHKpump,DtvmxrTACskMG2W8a6KXgSemUfvyNVeQTgfpJoGvMVKx,0.729894,23646931878,1902842
C0,452961821,1791038061,H9eVK5KUrX24Y3AUn5rpqwHQ9Aat5fYCypBJQQaYvrVe,CWNAJ1ZTPxWpKH3CTGpZPAtFpTzsVuuXabCw16RbaVjp,1.000000,23035389558810,1902878
C0,452961822,1791038061,9Pfync3ejPC9eHqVzq3nYQJAhyhjqpnB9UsaSfLxpump,ARu4n5mFdZogZAravu7CcizaojWnS6oqka37gdLT5SZn,5.020377,209400018659,1902962
C0,452961828,1791038063,6BjesiCudbfwnGjmYcZTMFCZ4GPafJo8gFo5H5BLehdB,6anjqMeWigQFo5wpciARAunVQUXTqoat8w8fFWarCkpc,0.500000,8969581216343,1903294
C0,452961834,1791038064,B8RHrVBxSjBGKqAbn1tXo6CWjvt5jFkkqjbCZtuDpump,F7p3dFrjRTbtRp8FRF6qHLomXbKRBzpvBLjtQcfcgmNe,0.115814,64636251778,1903678
C0,452961838,1791038065,Fv6uRrAyc7Y7T3SjU17To3F144khKiSHowMCg4wapump,GaMPRt9yhnhRAB134imiwkmXAtVYkcTtZFzF1nBeqw6H,1.503046,50591814205825,1903924
C0,452961844,1791038067,AvMeBsxMefKANGRK4w7sN1Zjp8qFeEWE6cAk9Ra8yqtG,VJSDW6S74YXR4rRR9P4xwhMvLZJQMhrUb8XMFirUsy1,0.247668,8556005445761,1904387
C0,452961863,1791038072,BsbsB3WLq7vbY5En3MBCAsTrcwaCxNKY2Mp5pGuLpump,ARu4n5mFdZogZAravu7CcizaojWnS6oqka37gdLT5SZn,4.939350,845142563702,1905544
C0,452961868,1791038073,DdbndSBJtoSBDedDCWDuRCS3cCndZvPW4w1LYnbTpump,3xtyS7oYkE8wQ3uZN4uMf3jdhBj5SKnM4HM6kZr7M6uc,0.400959,13979392355183,1905912
C0,452961870,1791038074,6oCEiRBpHdCWoLN7isqZvNSGnYTZqzRSFyLu9Grxpump,8y5xhxgBeYNh453AB2kWH4PV5kmBJTy4A1mjXmq9Th7W,0.100000,3519761748513,1906025
C0,452961870,1791038074,4UrvWhv5MD6k8xNVgs6er7vK7EfciC36okVLmwqgpump,7mHmNh6BFNWpFp5qh2VXRNzsK63zZ5ZQGQY77khANBQW,0.069298,2442400964047,1906027
C0,452961881,1791038077,8NzEuwgFV18KseNMxrY5Lcsc8RRxsrKB2zG4vptfpump,4xDsmeTWPNjgSVSS1VTfzFq3iHZhp77ffPkAmkZkdu71,0.409889,6056114410510,1906715
C0,452961886,1791038078,61NnZkxYF5cw4f1hpWT6pcBD8DXtw7bCQQvMKw39pump,4PMLehKPiCfGMUagQZxLdduZbWqSJTsPxdGaxvGy3ipE,0.250612,8780451425543,1907051
C0,452961891,1791038079,2wmwRQY2Q45UTe3KHuHa2Q7tM5THVvhvqhHhzumt1mnj,8tEjj2KwGBJwHWnQ36LYnkgUNUyrDzTKzNqJdHQ1nHiJ,0.420000,12158159075611,1907356
C0,452961898,1791038081,uxsAoz9nCKptWKjPf5BMH6qs6Gm4EpLuvpw1rRGpump,7JCe3GHwkEr3feHgtLXnmuJ1yB3A7coSeyynxTBgdG8k,0.408810,4566480241,1907813
C0,452961901,1791038082,8SRNHfAxG68573oKj1vjXdxqhTknQMLJEgmTGfHkFmGh,8QvkXm4V7wSg9CTfqdM5sLu2aji3qZTV5AXwJDoZL7ec,0.243125,6551380483730,1907963
C0,452961926,1791038089,6zTEDBXKUd7KoFQ8UGfozjePukMFs8Frq88xxsoPegR,4yFAz7dp5WwuZs3vbWKedbRiUmSFxTVGCdsLAxfEQrG3,1.929844,62100232058729,1909589
C0,452961928,1791038090,AqMCNNjNviuimjfWNi9vpUZ6nnkTu6612FJKxXbyxbrD,DbG7RyLFBWXpEWgfKUA8qByvBZEZ3chqGh9TLkpjpF3b,1.822500,60735849056603,1909787
C0,452961929,1791038090,DPqHwp5H7qsbd5u6phyPkcf2KmwwsRuEusBCaRvopump,BuGacsFWAqk8LZk7SPcJ2iqdGdUnPyTqvwSVUU48ao5o,0.065493,2015929271932,1909845
C0,452961931,1791038090,BkpoiCKhVw3Ce7w1if6of31qUXQuQb7TCHzRoQCKXGqn,8y5xhxgBeYNh453AB2kWH4PV5kmBJTy4A1mjXmq9Th7W,0.100000,3509230751456,1909967
C0,452961937,1791038092,8dPwtHgbeHAxHJwwatAYxs4redcrCqKN97Ybauekpump,5Loj1k2uftjeyDyEJ45MQxCtTZ3osJXnbAV7sckgxDdk,0.060000,2115327702796,1910311
C0,452961937,1791038092,2uAhocTNMaEqm5izBFmyJkTwW1Pudn8xSftAa5z7pump,8jsPACiiC3x7d8gWN9yUUcvjqhJDpnEcV5BP8wPdD2Eg,0.503668,10945990614404,1910312
C0,452961943,1791038093,6Be6Cfa1fzYtU8FfXDVuiS7BJ31uqKAKSkHQGUvwpump,BsvYMBsusG46nCMUCMyMfdfPqdiFS4haS2MR8kDuCqir,0.155214,894867940256,1910688
C0,452961954,1791038096,32gyBkC4XAB7UoDGhf7zbFQArfxhUmZHiSDCTvFkpump,BwWK17cbHxwWBKZkUYvzxLcNQ1YVyaFezduWbtm2de6s,0.361295,11124492415812,1911228
C0,452961958,1791038097,2dsEo6adEC5M6WtyKbXiZcD9oFJQdocXmoywZ3DECUbh,AEgTuy8Lg4wfnjm285mk3P2k1p39ofqNXk8b5VtYhdCs,1.500000,42009564175372,1911446
C0,452961961,1791038098,ALHLge6B6WTGntQRrFk2qkZBwazecSXfLyz4sbCfpump,D8na6cgPt5ndncmzZJNyofVMeRnRBnsj5VWjznY4C7yt,0.098997,3485709524202,1911665
C0,452961988,1791038105,GStSSSFGYafa5SVittsCMXgaswyRFANQfCFTG2s7pump,FiFawHqxeTVBhv6YbqbLwDVuvokRpPUM1bNwAyxhGc6W,1.959874,63808367000000,1913434
C0,452961991,1791038106,CSRRgTwf9o5KLgguS2M16aEAhV5PUUzfshrAAQ8opump,9pqbbqUw1Z3zVv4upx6jPKhmCaGbuXCZThhqWoTaR3cH,0.725799,38023826019,1913577
C0,452961993,1791038106,DUU3CrF56Lj3T3J2TRf7MNRDjBpBtEHWQPDsNufmpump,6Zx9wRV4kMQPv9x3atiyqDr1qxT3LfYJYEMJyPxYwT7F,1.200000,32388596021647,1913703
C0,452961998,1791038107,VjbyJ2UNf1KA3v4izhPYtA2eLSfV4UTJEecNavrpump,5B8c8NNVQpuP5B8XDmkHHd8NnW3ozkqcZmvpMUfE1bPt,0.050990,899671469475,1913988
C0,452962038,1791038118,9MwVJ7z1SYDutK4hNwhc7kY4ExN3pHMab29Sw6rxpump,ARu4n5mFdZogZAravu7CcizaojWnS6oqka37gdLT5SZn,0.313814,1635005097071,1916438
C0,452962044,1791038120,BfS5NZ7s21sf6wrc6H3bz1C61mdQFD4DkYSPRiiWSMVL,4BfWVLy15vLYfCbZ3MJk1vSkVBZaKZZPUKWLgwMqZpZh,0.977778,39191107292360,1916757
C0,452962060,1791038124,5NVC3BUZAQ5FsPucaedZVVtYWm7eC6Z8BsL8FY6ndzBZ,FFdBLYqL9rs5fUT38ArE8GV2L3BziEgG5LJUu6sshfkF,4.050000,126235294117647,1917732
C0,452962072,1791038127,4rzygptJnVVRU5MEJckEDkP1Y1BQxD6FAaYpVWsvpump,BuGacsFWAqk8LZk7SPcJ2iqdGdUnPyTqvwSVUU48ao5o,0.250000,3131883969242,1918441
C0,452962073,1791038127,CMKXa1HeSUK2DSF1PfNScw4arjQrzNr1Yr3vcA9Epump,ES9zJAMZFYUB1qJyzLteoZVpYiqVKubSNET6K7oHRR3A,0.250612,8780451425543,1918493
C0,452962077,1791038128,C75PNWMsjgnoDFR9W19LF7YCKKmBtdqe1fPHE4DDpump,4PMLehKPiCfGMUagQZxLdduZbWqSJTsPxdGaxvGy3ipE,0.098997,3485709524202,1918804
C0,452962108,1791038137,GhAP9Tb8RADFhxpAbyz96VFG8vGUzhMaPLMa38DvQFn2,ARu4n5mFdZogZAravu7CcizaojWnS6oqka37gdLT5SZn,0.819445,18092262046723,1920709
C0,452962111,1791038138,6czgtH4YCbGaBhuVaPAgmsQGVot8KL7r1jcSHTeGpump,6VcgH1SLdsSBWGwyRygV7w5BGSrfiR1vdWSKDFgiAn4G,0.060151,2120630001336,1920913
C0,452962123,1791038141,5C8fk9pds9bn7hmxjM5rK56CQ2pJYMXqJXmnMsfJpump,NULLioEUhd89Jo5Acm9sX88bwjNjrsAVy6KWkXD7qZh,0.200000,4521231110042,1921596
C0,452962124,1791038141,EyrJ7BVnLUrcB4MJc4t9rVooDDCYHsZ1Yg5F4Z34pump,5XU7ApZvC9deBCNLPKyR2FgQZPXH8LLBkYXhCnJNbX3j,1.200000,39681642579469,1921702
C0,452962129,1791038142,9RGkFMdYGnCJYS8aZRQKBFvwZs2HdnUirfSvKH7Upump,HyqHWfi3794HXdVhD4jFiGuCcSA9VjYusPJsChS2wde6,0.100000,1516501151150,1922060
C0,452962132,1791038143,4gBSeMHUHK4yhgvjRYuMYsRaep3iTSDzxMMmdCQhoPgU,97jv9pjCf5D7VUZEyj6XnXBC5JF23Vsagc3bvSF6GRmL,0.363713,6091297825060,1922231
C0,452962135,1791038144,Cc8eFHmg5wRmjFgQD87BaCNQ8V1fSoHTrR8gaN6Mpump,GePaAUXD4XyCSZnzUjLwFrcWM1rJHtT7powVZPJ6Xjft,0.620473,1499454446438,1922387
C0,452962139,1791038145,AV7qH2wH1aWMRtU25YDcExNs4dQSpthyMgUQjDavpump,CWiNFAEk4M1y6SjvnZkmxWDmhqSmnKFcnop1WoDW3S2J,1.000000,31133099250054,1922629
C0,452962144,1791038146,4YH6qqDBL9oERJV47quFs9H7fLQVP6M3GzhDWJQ9pump,BwWK17cbHxwWBKZkUYvzxLcNQ1YVyaFezduWbtm2de6s,0.144737,4772966229801,1923033
C0,452962155,1791038149,7ZXbX9Uo7ec7Sw8fQFnZtVJ2wThCd2JggYksAdcQpump,BPKVyybfMjhTEDFWBYa2wDnRV5a4Z3Lks8ZfMec3qUAW,0.100000,403305071891,1923728
C0,452962155,1791038149,CE49KSHh5CcyQfeLjQEZrMSrepgCoNzVLUZex1Fhpump,BXB7FF4m5x74ZoUvVHfPJnVBbqWHpMEU1WNUZAL9W8PL,1.000000,32648387476572,1923737
C0,452962173,1791038154,B4v7fATuSdtNsJximsbLXZ5wMenSvujfED71xe5ZxrPk,BxMo47JcFjZFM9bpNCibdapL67PVBgTk6JJa6WVU7qwk,0.493827,2776045225977,1924937
C0,452962175,1791038154,CVAHeJM72rVk8xCCL95df7vdTATSFq4J1BqaVUCHpump,BXB7FF4m5x74ZoUvVHfPJnVBbqWHpMEU1WNUZAL9W8PL,1.000000,32955762800425,1925049
C0,452962185,1791038157,8HQgEcbhR5Xoh735zvndAocCLd7wdAYJfWHV55J8pump,4h8dr6oUEtx8LVVLRGKKPxaCbuSa1dMaU8BjQtdY8acj,0.532117,9597189980537,1925725
C0,452962209,1791038164,2FHcnGd9NyYxixLeBF3WKArgBmtgwrzyjmpZjvDPii7S,DN5UtoAZJBQMXEi2R56G6yEYiWPLmEeVWSp2pGsMZ1XY,0.095000,1870145892973,1927276
C0,452962220,1791038167,B6uA2LtvQGyzp7JYDYDoPVdTZsxeFvUgYzdF74Sppump,BwWK17cbHxwWBKZkUYvzxLcNQ1YVyaFezduWbtm2de6s,0.090427,6510276680233,1927929
C0,452962224,1791038168,57EH2xo5i9NwGDpkDbYkgXkMYZpzqotjLju2Kukapump,GzSY6zLnQN4RUsK2dhzUsLmNnA9rxGbg934Ju7siEQHP,0.250000,4264792973822,1928398
C0,452962229,1791038169,2XWx6F57tBRWPvaUE1DYPdE8ke8ZHyZyUxr18Qmhpump,4yFAz7dp5WwuZs3vbWKedbRiUmSFxTVGCdsLAxfEQrG3,1.926941,64004684288018,1928655
C0,452962245,1791038174,GYAcaAz1thuw9j1gKK72LFpwGm8gPkjKvE3Bwe37b8ja,8y5xhxgBeYNh453AB2kWH4PV5kmBJTy4A1mjXmq9Th7W,0.100000,3518576452604,1929886
C0,452962252,1791038176,AWof251XpdZS4kq8TKeQmUNtFiCcW8Jy7DgPPau3pump,6TYDxGmVxkBPBmEfnmLXx6jVff9LknsjRHqdTjVyZmG8,0.082978,1143164341,1930407
C0,452962256,1791038176,EcRY1XoEAetPrZDhvuDDLGkqaTNP6w3xfqtMc156pump,6bD2YsuNF2MjMdYiLHRzmHswx3BzmtRgkFhJuBF6czBs,0.386415,13390909347983,1930730
C0,452962263,1791038179,EMawf2RC5JQnWtCjhVB3ASmXySigTFZPEmsFqEZspump,3xtyS7oYkE8wQ3uZN4uMf3jdhBj5SKnM4HM6kZr7M6uc,0.400959,13979392355183,1931176
C0,452962302,1791038189,GpmmQBjXxoppbELykD2PGQ4wwVR74o5sSZXVW6hVpump,ARu4n5mFdZogZAravu7CcizaojWnS6oqka37gdLT5SZn,0.406243,164848462386,1934034
C0,452962314,1791038192,6RBc78DJVBjsT4v566T97U13xammPd4Ci44B72jTpump,BuGacsFWAqk8LZk7SPcJ2iqdGdUnPyTqvwSVUU48ao5o,0.101835,1741273828821,1934822
C0,452962318,1791038193,Ek6mmnhJXUhv5jDZ57aBaw5dzjCYSJnbDTW1EMKBpump,AMDEmVocLtN5ji2gBY7BrmSHEyM5vt6TGszBbg4crMXg,0.708750,20611193233642,1935071
C0,452962344,1791038200,CijSsmUz1HxoqFTKVds96HJeURkZGKmQT5UFMb5dNk4H,DbG7RyLFBWXpEWgfKUA8qByvBZEZ3chqGh9TLkpjpF3b,1.822500,60735849056603,1937136
C0,452962368,1791038207,5PuEBHQyinr3no4vAtpacE4uNJkcuQw8s4gfFGxdpump,AMDEmVocLtN5ji2gBY7BrmSHEyM5vt6TGszBbg4crMXg,0.708750,23537550507016,1938563
C0,452962374,1791038208,9gDfs55SGprAwVdo77SuunJiFk4K4U1xBDdjvefVpump,8QvkXm4V7wSg9CTfqdM5sLu2aji3qZTV5AXwJDoZL7ec,0.084958,2804903288022,1938925
C0,452962381,1791038210,BVd5611FffrzV3thRweW1oACpWgAEcfJh9oCPzJ6pump,BwWK17cbHxwWBKZkUYvzxLcNQ1YVyaFezduWbtm2de6s,0.174886,9477487674843,1939389
C0,452962395,1791038214,BjuQ7NdZ38gBwxar5sEJDhbnKFDwW21wHiVEipJ4HdMu,2T3U2FzVKVWYvdimQESxo9gpTCQyJ4rYUAStuitcAgKQ,0.150000,3131012874320,1940153
C0,452962406,1791038217,4SfqFx33tKChpgecw6HZCArGDasjUQzp6eobCKPGpump,LpieurWuRDwZuWRrjpzB4UBa6nuN8auoNeKsLGUukn2,1.200000,39681642579469,1940892
C0,452962426,1791038223,BchiFdKQXc9Q4secb94QM7NQcfDobPUa362hpcwMpump,ALnmRHTwS266Ukf4p8arbmDwFCW3LwCvvSSd6qFfXpcP,0.248490,2720876826694,1942056
C0,452962427,1791038223,3umtLytxpqUEZvXeMByvvuWhwX6aNGmVQAvuFNAW23up,DfG6UhpaE4kXTi6qFWp6n2FLV1djoZQ5YyD7gqbVPscU,2.328750,76405572755417,1942162
C0,452962430,1791038224,3Bzy4HVdAm8jXpVCiXJdYBrQpKzi1ohEzS7aKBKopump,ES9zJAMZFYUB1qJyzLteoZVpYiqVKubSNET6K7oHRR3A,0.250612,8780451425543,1942433
C0,452962431,1791038225,34y7TP9Ws4PVMc1D9D3bTAsXD41NtnbRjsA1enympump,uD4GmMrAHkj3zHm6UuK2mrDLKbxn1TWPnSujeWJZHve,0.083569,20326401014926,1942482
C0,452962440,1791038227,BAHopjVAiWMLxk3hkjB3uvrbLKdL38XLhth34u9wbcLb,GG5ATPW7bxGm5y4aGa2uWWZV1JvjETiM2Rabc2fT8Y7f,1.500000,50494117558441,1943026
C0,452962442,1791038228,26WgJHwdzdMWZvurPBd8opLG376Mzur7dDxsHQzqpump,2pcL7kT6wK1Qh8Kp3HAkaDDQzhu4PHrnWmspqs1oqXmb,0.957775,30138575522440,1943104
C0,452962457,1791038232,FPt4LWyHrPvtpNdA3a1J7GpDN4rZL1yMyjDJ3QCCLRHa,BuGacsFWAqk8LZk7SPcJ2iqdGdUnPyTqvwSVUU48ao5o,0.070285,1187553521166,1943962
C0,452962466,1791038234,BSNPh27xdVmobzfuSkfsP1rRMuVhZTxV5LYSrb98pump,GaMPRt9yhnhRAB134imiwkmXAtVYkcTtZFzF1nBeqw6H,1.503046,50591814205825,1944545
C0,452962472,1791038235,GtEU3eTdVnWhqiQiYs7gHNn5xC3XAUjEnSysPMJjpump,G3gKCu8XkjXK3zT1CEzFCsBjbuVwXa9pkjmTH5TK34uQ,0.054236,460426057919,1944824
C0,452962487,1791038239,5xoyUywKQfG1vUDyYrCLSLyG1w6gBgrt2mk363uApump,ES9zJAMZFYUB1qJyzLteoZVpYiqVKubSNET6K7oHRR3A,0.247480,8671591758466,1945750
C0,452962490,1791038240,GNq9jVow6MayA3xM2AfGygh58gMu1vY6wajiXDXZCZu,BuGacsFWAqk8LZk7SPcJ2iqdGdUnPyTqvwSVUU48ao5o,0.209253,772260204762,1945880
C0,452962491,1791038240,2mCHyxwTMn83dZktP1m57kmyA8MjkJYk2uv1Uh7AgHxS,Dd1M6RXpxo3AEUfn4xpWfAWh437phDHn6CHhEtkQRhFh,0.082888,25527797559,1945915
C0,452962492,1791038240,HbCrPTgKtFhPhHsTP64AckNgXgqTWRbfjYMtSewXpump,5Loj1k2uftjeyDyEJ45MQxCtTZ3osJXnbAV7sckgxDdk,0.061800,2178658691966,1945959
C0,452962499,1791038242,Bmh5nChiKA8zVTUHQnRq7PuZEjANQvvnoc98cktppump,47du2vFgZhzXR2nk4xXtuKqE8dAWXXSWsNTHNx54jjWK,0.159175,5242563507287,1946445
C0,452962503,1791038243,BJfr9cTSGL5dyVLRdLuZooZ3Pdog4WipV143yEZTpump,2da62guhAdAm1j5WrMBFtNmFJ8UvnDkHmCFW5HR3DXN7,0.169246,5945518270250,1946720
C0,452962505,1791038244,2yeyNC83oe3kht8Jnsd4xsrL64X35RYFKgZQakEdpump,9PCDcxH8vtLt8MDgn76mdzFMnvVFcSNvuSt6Hf5WPCGE,0.146739,190899324044,1946788
C0,452962533,1791038251,9sAe21xPaDCg9GM2gNAP3MscZ7GeQYX8XBgqMgRVpump,7mHmNh6BFNWpFp5qh2VXRNzsK63zZ5ZQGQY77khANBQW,0.098997,3485709524202,1948346
C0,452962553,1791038257,5tV3Lfx8WNE63ZfCUWnBoFBwe8v6idUhuqg9ipDsDJyy,kEFiAX3jo5NmemysQov342TZ9mGh6yp92GDRjhA8XDf,0.665339,3585157317153,1949620
C0,452962554,1791038257,MEME4F1UP2hpEHdV1YyhEqmPWcr5ayU1sybtuWk84sZ,9XPMCaxtvywvKQjtaPtK1prruGPiH4CdMRjUVpkB2dM8,1.500000,36566769049737,1949690
C0,452962566,1791038260,9nxaWSmzX7RqwhGmkTdJwatpgDj6AsJzWbBTsAgvpump,D8na6cgPt5ndncmzZJNyofVMeRnRBnsj5VWjznY4C7yt,0.098997,3485709524202,1950355
C0,452962568,1791038261,3Q1Ppd8LuoecZQhstrFLGwMebCmseavdUaaQCwbGpump,Hq1s2PqSABdHgt3LHihEUS8c8nWyTZRiVwEZvwhyTJYm,0.098912,31657407154,1950534
C0,452962569,1791038261,6vGDnQDvuEmLHiVw8VN2289S6uyGFMtmyZtavXDWpump,BNVWszjyRTCtekLR6uNhiNSGeZmqe2kYa6u9y49RP4Vd,0.385316,118422798438938,1950551
C0,452962572,1791038262,Gm4cV3MrF8CoewqVe7PXu4gdrYggs347XMifcizipump,HRCUUUv5dHz8ftFbuC5L6Xu4FwdLWKrtqCCtf9iKJCCR,0.198000,5161934455039,1950716
C0,452962576,1791038263,8d3bQS9vNy3BfqK9dX95JRoaTbWoiuL2hzmSFLDopump,ARu4n5mFdZogZAravu7CcizaojWnS6oqka37gdLT5SZn,1.234269,816304861871,1951127
C0,452962583,1791038265,BQdTxKuKrmPvsdqSRQAPdwiFsRisMDpNSUD3aU1Qpump,ES9zJAMZFYUB1qJyzLteoZVpYiqVKubSNET6K7oHRR3A,0.250612,8780451425543,1951459
C0,452962605,1791038270,3xgBHG43bZ7tWf98WeNEfvkMXuq6BR2x657rk9AHpump,sssssDdMNAWKingjpEojkTNdVuZrBe7FsJLaGtexe7d,0.749207,15044069866506,1952595
C0,452962619,1791038273,utLyQQCPvjuCc6zeaXdsFeEC3JNdxKS3vxaZWoGdoge,ARu4n5mFdZogZAravu7CcizaojWnS6oqka37gdLT5SZn,1.137557,70101439243,1953433
C0,452962623,1791038274,86jZpHmDXpUwHP21N7r83hrNaDvNjtXtnJJbhhYupump,Fgp4apbKzLst8Xprx35yEUTQtidMkFWwjvpjXXngmRf8,0.100000,1843815898939,1953663
C0,452962632,1791038277,9tdgQ82PdXRyLRgvBsX4kUJLyYzCFaQHnicDjpCzpump,HNoeHoiuxUwC6QSgyr6sf585Amwg38uzTCQs8kB2Poq6,0.088437,1499999989965,1954095
C0,452962634,1791038277,E3aXB7kscdZvwBeDfjmzqk2Cro4ZbLwmSg5xACrpump,Em8J3gBWapfVBGVhVipwQnLrqCvnWBnLajw6XFsFECPF,0.121189,6385059574511,1954257
C0,452962637,1791038278,MvX8h84XgbS97kQykwdNZmCxNTuPP3xzPJ5wsP5pump,BwWK17cbHxwWBKZkUYvzxLcNQ1YVyaFezduWbtm2de6s,0.464437,14255364184439,1954435
C0,452962639,1791038279,HUWqkrqPkm31ruMXGrzmwgySKxgN9KE16k7V8THSpump,EsM56zsTpZN54WjuFNDVRckz5KDLM7QqDKScZY15M3eZ,1.500000,37762639364883,1954495
C0,452962653,1791038282,59FjuUAcxAjFhvQvQDpReikmhb98XeoXhiuMEz2Upump,GTFfTbpvNC7rNb2fJvJynjixXSXHCJpEp6iCZaUBZQCZ,0.495000,15450409498536,1955249
C0,452962668,1791038287,DwCPQqihKmMcxQkNTW6M4BuJoWhihMxnCnkTMU8ypump,BwWK17cbHxwWBKZkUYvzxLcNQ1YVyaFezduWbtm2de6s,0.377914,15716079360661,1956215
C0,452962668,1791038287,8DRchaVpLSwXNVcKozdnuNcLpdg75LL898oWfsPB2JmC,hv1Svd5VUR1ns5rAQxLZp8mCqcbhTnbc6qM3ZpRLE3Z,0.069352,431286529679,1956298
C0,452962680,1791038291,HgpFmvZiugYRkPfBmKZCCL8fpFxt529MaB9xuP7Wpump,BSP67kBerukLLCxZE4gft3sMQ8ho2sNZuaS4ysrA1dM,0.603818,20914175595481,1957025
C0,452962689,1791038293,CoN8oLvyWTjtSBFTEjUWLz25BXJmGjTvNcYh81D3pump,6TYDxGmVxkBPBmEfnmLXx6jVff9LknsjRHqdTjVyZmG8,0.082673,47051268226,1957575
C0,452962689,1791038293,5hExnTwchFZz9Le1aaD9GgPjQYy57UcysZasSTwpump,8QvkXm4V7wSg9CTfqdM5sLu2aji3qZTV5AXwJDoZL7ec,0.084958,2618091740736,1957606
C0,452962701,1791038296,9bAWqPc1xFVfgXsqVCiDE4g8o63dygv8ZofPti2epump,DQFd2EaopjzZuJWtU91HPbgawFCun624wnS7uEJKvsPV,0.064916,2263590914151,1958237
C0,452962719,1791038301,EimVpmxdh2quHKi681yMm6rCJZaic9eiAsJAtDBYpump,4yFAz7dp5WwuZs3vbWKedbRiUmSFxTVGCdsLAxfEQrG3,3.000000,93212313122017,1959364
C0,452962723,1791038302,UcT1N5KyUjetwagFnXskUVo8VkKgSjvns8RsWCRpump,7iVCXQn4u6tiTEfNVqbWSEsRdEi69E9oYsSMiepuECwi,0.797995,7288045699153,1959670
C0,452962723,1791038302,5GE1MLYM9W3WMQFrfthiDCJrkueSyN9pgsdeChv7pump,93cGkDQXbKdExtKKoEJWMrc1L9WdHTPMFTpAn6U36GKT,0.250612,8780451425543,1959683
C0,452962741,1791038307,B9MYLKHP5TKKuSc26YC4PQ4faMx4vdoE3hKoH82Tpump,EvKXWdUY16bjKaVzRYzJS5gDDXFdvQ9ZW9UAq8Vz6ZES,0.423095,14740565090670,1960830
C0,452962742,1791038307,CcLd8HTAKLWtQHatqPwBQjtuCA72FNB9E1ckRTEzpump,F7p3dFrjRTbtRp8FRF6qHLomXbKRBzpvBLjtQcfcgmNe,0.059162,2062836298,1960834
C0,452962745,1791038308,9BB6NFEcjBCtnNLFko2FqVQBq8HHM13kCyYcdQbgpump,9nXDunV8eNvYSVys7JSBkm2hz9Q79Q3EYeko19srVeMC,0.070792,47900000,1961050
C0,452962748,1791038309,8CgEt4xg8pq418MyybpwDMRBqoZtSdDUxRmWaNbspump,BwWK17cbHxwWBKZkUYvzxLcNQ1YVyaFezduWbtm2de6s,0.424905,16348249681055,1961253
C0,452962781,1791038317,HRmm3gh9GdGXUjiqSedpi4bYHX66p6p2FTTmoNc4pump,7iVCXQn4u6tiTEfNVqbWSEsRdEi69E9oYsSMiepuECwi,0.081701,123887188,1963216
C0,452962784,1791038318,HBfgHb4h5BTg2hgZaP4j7VXHMxGQUgnr4oDXESKXpump,4h8dr6oUEtx8LVVLRGKKPxaCbuSa1dMaU8BjQtdY8acj,0.526887,3332666385735,1963378
C0,452962786,1791038319,26WgP2WWYpWK1qvoPDGjrU9iJrbEBy6AJ4TQHScopump,BPUhUcAtPp4bA2dAEJTJrzhbficSAch6Zc6tHWdXkrTc,0.900000,25643176344637,1963477
C0,452962791,1791038320,UWNu5P6MtAf2ffKJCXovkfSvT8S9sVWXt3j1n7nWDWJ,DbG7RyLFBWXpEWgfKUA8qByvBZEZ3chqGh9TLkpjpF3b,1.822500,60735849056603,1963725
C0,452962797,1791038321,E7iSRXpgtCypz7254gfRg99Z5N2eY89nbkLD8FYSpump,AzcvjR3YbA7KGzALXtW1HPjrGuKc8B3vjWhZwg6Rrgpc,2.820000,74737296724546,1964063
C0,452962815,1791038326,CzEzaLqESkyhkopbsEnyiH1a2jZHLVnRv5wDPwpDpump,FBvxneTq8dY7WKxj924CseuveWzDL5tN9JuSW3S9nJkN,1.200000,39681642579469,1965222
C0,452962815,1791038326,9ES8Q6fiiD29S2w1SH3T3CPbXyNVyTc6f6FEKvZtpump,3xtyS7oYkE8wQ3uZN4uMf3jdhBj5SKnM4HM6kZr7M6uc,0.400959,13979392355183,1965224
C0,452962819,1791038328,tpF1rD7Lum5YZeejhnFQu2Kq71siqRSdiRc1oz5NVRD,AMDEmVocLtN5ji2gBY7BrmSHEyM5vt6TGszBbg4crMXg,0.713259,18458044929556,1965436
C0,452962821,1791038328,4LB72nrNn69XMcY9gtGd5ZCSnPVmZfzg2dXhjCRspump,AMDEmVocLtN5ji2gBY7BrmSHEyM5vt6TGszBbg4crMXg,1.495372,41497049321490,1965664
C0,452962826,1791038330,9Jfa2LzjAXqQzXRnTTHkCZ8FcNPm5dWZDgAvMs89pump,CK2HKaFko3gb4t9oM9wk7FzESQwFTxVuVMpYCKaYwWtQ,0.840000,27822160872831,1965931
C0,452962831,1791038331,7MuvW6G2pDTGSjzpjqeDYigUsXqqd6TmEzLgvRRopump,F7p3dFrjRTbtRp8FRF6qHLomXbKRBzpvBLjtQcfcgmNe,0.850888,118179303623,1966240
C0,452962831,1791038331,7EJ4GcvfNarw66wWdS6bxgqgSfvLjaZXJ3H9iKu8pump,uD4GmMrAHkj3zHm6UuK2mrDLKbxn1TWPnSujeWJZHve,0.083577,2205555882654,1966246
C0,452962832,1791038331,AVjNU4RyVjRMkJ3uP1S3XyX6GKjphP2zosFKnNUFpump,HL1oF2j9C1HtAMownXKsUhXQdMgJLTSt5T4iENV55tTY,0.550000,18533692259712,1966266
C0,452962838,1791038333,CiDJD8mmxt1mchL3kEkaQEXmV1pbUrQ9ZXbAwipvpump,BwWK17cbHxwWBKZkUYvzxLcNQ1YVyaFezduWbtm2de6s,0.529569,16222323564625,1966649
C0,452962848,1791038335,FbAzXT3erkGm1gUxwdqDhxvknpSf4w7dcTCsS7rdpump,8QvkXm4V7wSg9CTfqdM5sLu2aji3qZTV5AXwJDoZL7ec,0.424790,13616694913986,1967243
C0,452962880,1791038344,yFcTuQJCMsd1Asya15GZ7h4KGdxsujRLcUiTWWXpump,C86oRMyUqzsXKXEAsCUbrhJuYuMbqXxE886s9MpUFF88,1.420662,610481652863,1969131
C0,452962883,1791038345,CTyEzEC2WwUgNivmkSp6ZdqnPmBb59EyY4QmCXmFAJiy,4KQGocKQW25nJ8xT9GPNW5Uqy2t7eFs2NzwcXqiyuY1X,0.150000,2164499704887,1969299
C0,452962884,1791038345,9Nrkh2wdBmiVeqsMbiu4k6iCk4S2SZBsbhVWioVLpump,93cGkDQXbKdExtKKoEJWMrc1L9WdHTPMFTpAn6U36GKT,0.100250,3529685843060,1969392
C0,452962891,1791038348,GHpF3Bs7yUmDKqQZqstBAEyTyYPoDA4tAtsKCnzupump,E694ViTtu8Sb1gqRZ7eGxvrozNmhH4uB1e66wP9SUtWt,0.200000,7018806136653,1969840
C0,452962892,1791038348,J1f34noKo7mtG7PfLZVRXvPLsqnCUhquu9eS4FW4pump,7iVCXQn4u6tiTEfNVqbWSEsRdEi69E9oYsSMiepuECwi,0.058928,35606344815485,1969858
C0,452962903,1791038351,5gjakf4ussDUVPrPFY3gfRYdYMXWMtxUwjNghGGRpump,DxhpC9c4kGkYJR34xUrfFeDx9vwb6yoHUMWrTCZybwtH,1.700000,56507053160700,1970737
C0,452962904,1791038351,CFakUSKKQpkxFob52BCEs4XiUTFn3tbWPySjzWBpump,7mEET6gCWYW7iacK7FV6FQBdpRWQLseczDvChAtWDAn2,0.100000,3520918746848,1970841
C0,452962911,1791038353,EJTgaDgRM4Jz7rBV4Tugkw6cgX5xcQNydqs1rT5tpump,7A4qiny2RkixPU9TpE3CWPSahTBdLGe1Tjhe7UeKXLKZ,0.990000,25786670481378,1971295
C0,452962918,1791038355,CNohWHNTurS7PpB55czspwUJfpk9yy92uf1wXdweEGg9,7iVCXQn4u6tiTEfNVqbWSEsRdEi69E9oYsSMiepuECwi,0.165395,242427252606,1971632
C0,452962932,1791038358,5hwBdwntSgArqsioX1Bb74z2jq7RyEBEmV7XoWVZpump,DxhpC9c4kGkYJR34xUrfFeDx9vwb6yoHUMWrTCZybwtH,1.700000,56854568669838,1972487
C0,452962941,1791038361,6wicEGHdXuxpkDAsXB65oqYSgm2eKH2tqi53e7ENpump,7iVCXQn4u6tiTEfNVqbWSEsRdEi69E9oYsSMiepuECwi,0.080123,157967613179878,1973070
C0,452962947,1791038362,3psWNUq1VS1wvPMVYMGHsf6YPs3ZDDdbuD6PD8rupump,AeTifBc6dQzdC6oN7eFy4CxJAuZW4kdjFxY62TvJyzG3,3.300000,70749143310988,1973335
C0,452962975,1791038370,EXBWzMSr8NAFZCrED79w2nQ641eQALUwgy1Lm2nXpump,ATB77cX1fxxqWN3hbZhJpmzPjeco7WvHPLGRTFGsHMMG,0.088008,3099924852351,1975434
C0,452962977,1791038370,AEBJ7doZUyb9pzzLfgX4NUuNsA7aPRhrkBJ9v6Xjpump,DXY4aVaTBJF1Hq3fEmP2MMLgiqyAz79W4aDhZetae6rL,1.500000,50073340742695,1975516
C0,452962979,1791038371,8YFrSk6TuEfMBtuXRcACwaLVncsdXeE7aH1rfHmppump,HFqqybUhYGYjtv1TCvSkasjdVhfRUHCYgYdN2s25mfL9,0.405000,8474308297850,1975604
C0,452962988,1791038373,CUqmL3KH6ZifP1pcZCxqQ8w2AkkoPVzSnuBdBpezpump,2vzVZeQvwqcDFcUCr71dFzhHARVhs4Km2zMgPtxqL2u5,0.760104,19653233667278,1976171
C0,452962995,1791038375,FspbqoFeAsmSX6CDA1ApCUQ3PEnTc9bEekV7EaMLpump,BwWK17cbHxwWBKZkUYvzxLcNQ1YVyaFezduWbtm2de6s,0.175448,5780077202833,1976716
C0,452963001,1791038376,7dViY9zQFxK1FSt6Rm89ro7BTyWhai4CgW47MWrkFCj7,8RB5cwrwHrxotxFURLWKH21MjkzeA93vGtLfqBbgKEiG,1.316250,44565495207667,1976959
C0,452963009,1791038379,FnoGFXR9y2RC9AnzMTdU1pzjQKMgQPUC5T9CFTSppump,AcMjATYKiyss3xXqhGfLw4c134tMPdm3PKvdTWaPaGuN,0.300729,10519152050544,1977615
C0,452963038,1791038386,Drev4F5kfaJy7fKrWvWRSzzFzMkNauHurbCkX4AKpump,AEgTuy8Lg4wfnjm285mk3P2k1p39ofqNXk8b5VtYhdCs,1.500000,40726671687259,1979551
C0,452963044,1791038388,DxXc5Dw1dbYY6SSpgK4eRpr479HbWiC5LuYqrXtzpump,BwWK17cbHxwWBKZkUYvzxLcNQ1YVyaFezduWbtm2de6s,0.835036,25344296407616,1980061
C0,452963051,1791038390,FMqh9mqR6drPZqqW6wPqLHxX4rqNDWGhYLaMfoaJpump,35dszeQQQzkMvjcmyrPWPnN5ZyK9ZjYkNp9kKXZWMvji,0.060168,30657406027,1980684
C0,452963053,1791038391,52Q1cT98tqMfZBRnpZ5dvCc7c9eUPxFt1mb2yyoCpump,Em8J3gBWapfVBGVhVipwQnLrqCvnWBnLajw6XFsFECPF,0.081660,8416032472565,1980771
C0,452963056,1791038391,4TMjhvPhYEveScyUSQJcwnuh5gN1BzLwrmsV4bVBpump,ARu4n5mFdZogZAravu7CcizaojWnS6oqka37gdLT5SZn,0.814485,484521550075,1981098
C0,452963057,1791038392,2g3EA2FWZntHNsAg6UAQbvKpanX7BFJT3fEC5Lihpump,D8na6cgPt5ndncmzZJNyofVMeRnRBnsj5VWjznY4C7yt,0.098997,3485709524202,1981185
C0,452963065,1791038394,FcCRrQ4S6xQNaB9h5GCZywwsYaXk48fk6X7zn8bopump,CM8eJsqqgYyXiZXk1cwX9k5CgAm84Ut9ucHsCTtvqo8H,0.253921,8895434926786,1981683
C0,452963073,1791038396,3xeJx4nZSJoj1m4eYAuvkBB1whqi3ktDPATS5Ze7pump,GaMPRt9yhnhRAB134imiwkmXAtVYkcTtZFzF1nBeqw6H,1.503046,50591814205825,1982263
C0,452963075,1791038396,5zsR4abwrwzZTQDfiGr6bsKh7MfQNpZe9LpM5Epypump,6VcgH1SLdsSBWGwyRygV7w5BGSrfiR1vdWSKDFgiAn4G,0.100250,3529685843060,1982386
C0,452963076,1791038397,AT6YHCrF2T4q2eP5rbRzKx5jwm54NfJ7AaSj7kyRpump,5Loj1k2uftjeyDyEJ45MQxCtTZ3osJXnbAV7sckgxDdk,0.060000,2115327702796,1982441
C0,452963080,1791038398,J1ERB8CBbdpPJ21PA32a62NeFgHTSEFiB9FB36Bmpump,AcMjATYKiyss3xXqhGfLw4c134tMPdm3PKvdTWaPaGuN,0.275096,9630567779195,1982736
C0,452963085,1791038399,6qBR7sk15ZVdt1vx6j1JgtkuurK8WrapugFptWQCyzL6,2dbohozjjVR1svvRbrPJZVPpyCCGytjNga9x7SnxC2MW,0.493827,2709531544427,1983100
C0,452963090,1791038400,9ajyMzck96nHFx3BQxZ1jmgKa3NtzrUyG4aWz6qHpump,BwWK17cbHxwWBKZkUYvzxLcNQ1YVyaFezduWbtm2de6s,0.431376,13253947736023,1983411
C0,452963106,1791038405,C41M62ZmPPZpVAZ7fxp2mVcGgT2Z21UwRF8MPV22pump,2pcL7kT6wK1Qh8Kp3HAkaDDQzhu4PHrnWmspqs1oqXmb,0.506250,6027215701710,1984674
C0,452963108,1791038405,FjSxm4qneitzeHsdRdmvTHHdEdWJR6UbQRxy8oQ9iwHo,sB1rGXexYakXr1s8GxTQ2w4FuX3zM3WQdwpP9y7fxC9,0.099000,2404463472440,1984771
C0,452963113,1791038407,EbjPusg4Lwy5M7XdrWjniwFUa69EwErfdfdEdeU2pump,4owqvkj2vbo8FLeTrEFvA4w4gnfVQYRDCnqMikY77njb,1.980000,63711771640349,1985209
C0,452963131,1791038411,EsKb3ePr5i8Jop3TDjPEJGcGgjcFaSNA7chThiwcuMLs,3m6Gjt6QWwQNZjtgXA2F6fuWACJePBSWyGRrUSiF54ZL,0.063326,2232329514980,1986322
C0,452963135,1791038412,BUsoD8sHztekKzv44u6wcQP8kdNsCsdJBz5HdNZMpump,CVxUKFrWDYkE3gsZP9gyVmLD6XkXykk2ukKhAfNrJev8,0.150338,3844531876438,1986619
C0,452963149,1791038416,CYqRCRpru7xXoxCMi4NACXLc4nWnmK6XKpdsvhTwpump,6anjqMeWigQFo5wpciARAunVQUXTqoat8w8fFWarCkpc,0.500000,15611265024725,1987532
C0,452963152,1791038417,GEbB8wLPTvpebM3cvyepFia2MDucXpkrfNZVebpPpump,nya666pQkP3PzWxi7JngU3rRMHuc7zbLK8c8wxQ4qpT,0.100217,2669225545919,1987704
C0,452963153,1791038417,A5MRCj27ftJ8AB61KC8XngSiLsBGWjzqpiLd7pWgpump,ES9zJAMZFYUB1qJyzLteoZVpYiqVKubSNET6K7oHRR3A,0.250612,8780451425543,1987865
C0,452963155,1791038417,Fwr5SMHj4LVDiFyFwpBS5DcfL37WbW619QokXRf7paFH,6SB1n4SngPoTxehjUkwnsweVApUtrxCJz4kTajzBAyuh,0.693000,19435269529021,1988043
C0,452963163,1791038420,HQ3yhdnPunp9uDLxLrDyvRgC8ar1JvqxCKSjsGZzpump,6TYDxGmVxkBPBmEfnmLXx6jVff9LknsjRHqdTjVyZmG8,0.081160,356436433017183,1988583
C0,452963174,1791038423,7BN68PVzqWV6EjK8J8Y6Q1h5C8FFD5ZRZVscXyJDpump,7JCe3GHwkEr3feHgtLXnmuJ1yB3A7coSeyynxTBgdG8k,0.119394,58919804423,1989403
C0,452963175,1791038423,CSnnmVZFQX5mTnMBFzNAGCHjGRdFT6VaoAPy6Qt4pump,9k6FrGQC8oECUKp8d3rB7JvBiTtb6nsReUB5CGWzWkB1,0.416667,9982936174488,1989542
C0,452963180,1791038424,FYiS8zFVGwShgn8ujzA9YuQkFmxWPfCTjxsnFhSWpump,D8na6cgPt5ndncmzZJNyofVMeRnRBnsj5VWjznY4C7yt,0.098997,3485709524202,1989866
C0,452963188,1791038426,2x43TMcC2PnDuDAU9X81JUkUCrGTjyRE4DcMHiYspump,HL1oF2j9C1HtAMownXKsUhXQdMgJLTSt5T4iENV55tTY,0.550000,18715079592532,1990453
C0,452963198,1791038429,9wZdJBnBimcHNmCyqpSkXHB1R6wZPbRFUxHDWRxEpump,2DqAtaywzksV45pPsuhUjHuwnb8N9RDAUci9C4kUYgRZ,0.050625,1586054730277,1991118
C0,452963203,1791038430,4ByRNjKEQbtexsJie54vCdPnSuSWibWHn49dAXmcpump,7HPNt48xjVK1SSJKa42oN5oCrPiMZipJZE87ob8kCNoX,0.135115,2022325581101,1991528
C0,452963219,1791038435,AH3b8GG6qt6pxm6jtmycUd7vGgsxQanuH5BrXncnpump,2FfEBBV6hmtXc7bQyXk3hjQwsQaUMcKTEC1DWQqvdwzu,0.296971,10388948610249,1992603
C0,452963233,1791038438,ABeZnso8xFzggsd4NjQTTYsrUzJaipH6bqG9uoKmCCK6,CWiNFAEk4M1y6SjvnZkmxWDmhqSmnKFcnop1WoDW3S2J,1.000000,12979773261827,1993592
C0,452963247,1791038443,5Cw9rPpfFUrCkTTzJtFsFMfuS2sPBJnBtp33RJwQpump,CWiNFAEk4M1y6SjvnZkmxWDmhqSmnKFcnop1WoDW3S2J,1.000000,30163723861318,1994804
C0,452963252,1791038444,AtyxYeEE3rtpP7xxYmHYCWxTx657bkHGPbuut9wnpump,BwWK17cbHxwWBKZkUYvzxLcNQ1YVyaFezduWbtm2de6s,0.549168,16812680805881,1995145
C0,452963256,1791038445,37t1792p1eFWxmEroYRXe26FStK5UQzWz2zfN77q1Tjv,4h8dr6oUEtx8LVVLRGKKPxaCbuSa1dMaU8BjQtdY8acj,0.529923,8973204874708,1995419
C0,452963262,1791038447,D7x4Kkgdh6vBuNMEadrEJ3gRbWPEfVUnLBcUtG2pump,3oN2NBiW9X3dFZ6GYBY5FKfSExoaYL6mFiN9NJn8eBHd,0.546762,10720661106126,1995843
C0,452963282,1791038452,7d1CUfUjBRHp54cVbUh8kpoFaSXBpJBgNAz7ZPrZYmAQ,FFdBLYqL9rs5fUT38ArE8GV2L3BziEgG5LJUu6sshfkF,4.050000,126235294117647,1997277
C0,452963286,1791038453,HYr1GFhfuTMGFE5KRQhzxCKLnSWwFqpfdaGoaQDupump,nya666pQkP3PzWxi7JngU3rRMHuc7zbLK8c8wxQ4qpT,0.092770,2648929311883,1997552
C0,452963328,1791038464,AgXxyYNgQiV25JLgHjuxxsAr1FmFxhAi5Eojo2Zfpump,BwWK17cbHxwWBKZkUYvzxLcNQ1YVyaFezduWbtm2de6s,0.186290,5766819164535,2000503
C0,452963334,1791038466,CM1LJsbJrEr4m4YAj6gJFaMS9HpuCu8QRvNSCftppump,ES9zJAMZFYUB1qJyzLteoZVpYiqVKubSNET6K7oHRR3A,0.250612,8780451425543,2000985
C0,452963355,1791038472,E5CsL3GythZ7MWjDbm4uvKtB7Psfr2xb1E2PTvvbpump,CnTeYCBA7Hzj9r2s99SaEXKYpiWixtMUkqZWHwyNbm3g,1.500000,50464551499021,2002399
C0,452963378,1791038478,9UxJJzsyNzEj8WQvd2EnTzm8D72bubvEE1ZHkd7vpump,2J2rtMBRLxAbFkSLgrsuSNN8N5KMTJVaRTdnGfbZ5Vjw,1.102381,37577914616381,2004077
C0,452963379,1791038478,kVqSdDUnPwTHSnuRE2zKH9f3U3ymDZbMbQqzeYCpump,6VcgH1SLdsSBWGwyRygV7w5BGSrfiR1vdWSKDFgiAn4G,0.100250,3529685843060,2004188
C0,452963387,1791038480,FvqC4S9fFQF7dACdv85CyWtf4VAZAp9SBou6pqFTpump,CM8eJsqqgYyXiZXk1cwX9k5CgAm84Ut9ucHsCTtvqo8H,0.253878,8893918905247,2004594
C0,452963391,1791038481,FPFZe5eVLfNuWVdGzAbB91d1j4E6LQYUaygXFjAg5iQq,BuGacsFWAqk8LZk7SPcJ2iqdGdUnPyTqvwSVUU48ao5o,0.077481,926877587944,2004932
C0,452963404,1791038485,FKaC9Goi9MKkv5UepopMAQsrN7ADARQcTPSZkrgRpump,HL1oF2j9C1HtAMownXKsUhXQdMgJLTSt5T4iENV55tTY,0.350000,11986370246606,2005845
C0,452963406,1791038485,HBKmnamsDdyjpYEPpuWt6y7PheNvhUAnmFCYQr8epump,72tAZjqymv4J2KHDPd3rzFkPL78tj556K32BJgBmBu5D,0.499559,8505966951997,2006003
C0,452963408,1791038486,AarjqLCCnyHvniYBB9yBAUqwbG5LcuEwwKHkw6sYnbAc,Hq1s2PqSABdHgt3LHihEUS8c8nWyTZRiVwEZvwhyTJYm,0.098912,35218535684,2006187
C0,452963416,1791038488,8aursyKkbyqL7T6cWKsosG8ES1oBGVfS8sJ4UmPApoT3,AzcvjR3YbA7KGzALXtW1HPjrGuKc8B3vjWhZwg6Rrgpc,0.940000,19458635729720,2006725
C0,452963418,1791038488,2kBgxdMj6125bWHbEG9hFzwtvcV932iwq6U1j1Nnsf3D,DEeSJJbvD9Y1BkEN2rNPXgxu98cTVDiy8N1SptxxktzT,0.350000,6769764403325,2006845
C0,452963426,1791038490,EwAyr4jxpMVocFaYGX7GUHRsWx7UDWhQSViLs4TUWpcm,4G9RznKvrtBWn2sRETcAsnSRkectXiDsFP5imBbSiFM2,0.416365,5153465000000,2007459
C0,452963441,1791038494,BtyHKsQc814Kag3wchjsxj5F2JTEapAkyD6EkAYJpump,8fuMYhM5D6yYPvqCQehmm6vdUr4utGcUktC1ucxWacEj,0.250612,8780451425543,2008568
C0,452963449,1791038496,zMr3NRcrD5gLxzRNnkS2iHe9UCRCvpcaZpYPz3rpump,Em8J3gBWapfVBGVhVipwQnLrqCvnWBnLajw6XFsFECPF,0.457950,9501074163,2009146
C0,452963450,1791038497,JECMUj6sXCcHBffk31HXr1Q1XgfX28jAZPGugeFzpump,4PMLehKPiCfGMUagQZxLdduZbWqSJTsPxdGaxvGy3ipE,0.200000,23236279089476,2009255
C0,452963453,1791038497,DG7PjD1WBostSZmtjjbHLkWCNC5sGXkZLRF5rcGmpump,CK2HKaFko3gb4t9oM9wk7FzESQwFTxVuVMpYCKaYwWtQ,0.560000,18537192534438,2009466
C0,452963457,1791038498,4YtEVMMZbcLgFhQHoC7yem6LzyNMwiXioqvqPDm8pump,5Loj1k2uftjeyDyEJ45MQxCtTZ3osJXnbAV7sckgxDdk,0.060000,2115327702796,2009754
C0,452963458,1791038499,HthKFfJpZMp9Bki6YhFMZjc37mdcXtepJzcgshhPpump,BXB7FF4m5x74ZoUvVHfPJnVBbqWHpMEU1WNUZAL9W8PL,1.000000,32955762800425,2009816
C0,452963476,1791038503,5cPoyZNs3agsK8yP2G11KFkVnzXyNyhgpXjKRUyDpump,J6DdwTar52hc1Bk7idh8c4wJ8XwHkH2tkyHimXtKJuBk,1.200000,39681642579469,2011037
C0,452963476,1791038503,7MDuCjQxUgfVjnLn96dYzMdoc43mUVz37R6gMkiKpump,GjKjTmzuoAMdxmKHJpQp9PTJLNuvN1SBXAEARr4GEB1c,0.100000,945242064477,2011042
C0,452963478,1791038504,CFGJ88oEnj9othAb8sd996BC9JRJJ1y5dfLZBWMupump,4Sgm5SNaPw9hcRpDgSyyjjDiA2qgokCM6KgA9jBFuU53,0.250000,8211863932809,2011256
C0,452963498,1791038509,HnzKJHRwtisUBKwijKxsmEHwgk3s2KwFwnXuRYuR2nqe,8RB5cwrwHrxotxFURLWKH21MjkzeA93vGtLfqBbgKEiG,1.316250,44565495207667,2012703
C0,452963508,1791038512,EDm7RKU1uUFLFNU4qVBv6cddpY4Ei4cfLcbnCUWpump,Em8J3gBWapfVBGVhVipwQnLrqCvnWBnLajw6XFsFECPF,0.158178,7430022057790,2013525
C0,452963512,1791038513,5jdKYhFn8v2XdUiET6gnywDBewkHKPANwH3gQz7Tpump,BTpZws8sRNkiZpGWUfRSMjythEGZyrsKGMVTuqkp2Xso,3.000000,73295205254224,2013867
C0,452963527,1791038517,3U2R8r4TiHHM9ZCoj5yiw8XZq1mU2ps7PCYbGChApump,4PMLehKPiCfGMUagQZxLdduZbWqSJTsPxdGaxvGy3ipE,0.200000,10567811790593,2015084
C0,452963531,1791038518,B5RwNAXpXFbs93rE8wz3MkZ4iyyvXLQG7Quxm2HKpump,BwWK17cbHxwWBKZkUYvzxLcNQ1YVyaFezduWbtm2de6s,0.427140,14729820368353,2015401
C0,452963535,1791038519,HiKS1Czq9x16ALXL7bHMirHBzT2MwkeuNojZHoikUqwu,5981EnT1JLAfRqoBpn4jvd81ie5FXMgAJgkJnpYAsJs3,0.328327,5750554927346,2015708
C0,452963536,1791038519,5DPPqHL3QJpuWxvicJj11fhRFS4iPqFVbJb458Mfpump,93cGkDQXbKdExtKKoEJWMrc1L9WdHTPMFTpAn6U36GKT,0.100250,3529685843060,2015795
C0,452963553,1791038524,5x2jgt8C5hG4gR92BPqmmJ86e49hnSfnhkvF2jFTKnRb,E9kjuewSm9kg4f3qbCPkRLQb4MhdcN19gJEbbZgXrRAQ,0.179372,53251186357,2017148
C0,452963554,1791038524,91ryaCo5yGpYZM3bs6GUPs97VWJQj7RozBmqPULgpump,ARu4n5mFdZogZAravu7CcizaojWnS6oqka37gdLT5SZn,1.467770,3422090317114,2017269
C0,452963563,1791038527,BHFHzyjNrkf3brSktJSv5nqfS3CLVTueZSqGf8mbpump,BuGacsFWAqk8LZk7SPcJ2iqdGdUnPyTqvwSVUU48ao5o,0.074027,1761940700215,2018047
C0,452963572,1791038529,H1AYFg8zVPRn3PJqyKoAa6RSQBNcuHy7mHWu2BiGUXAo,timeworn2X1EwMLSzeVhdVTbVSzSCKuibKd2kQ2Lsyn,4.000000,124858181763706,2018782
C0,452963591,1791038534,DfE1KZMc5sjRK1YXRZae415JvFoPKUwH8nCAi77Yemy3,GjKjTmzuoAMdxmKHJpQp9PTJLNuvN1SBXAEARr4GEB1c,0.100000,1918026522540,2020405
C0,452963625,1791038543,XQvhv6qRSPV2DjYnTCPB8uRKn7qZHyrXsTsHDw7pump,7JCe3GHwkEr3feHgtLXnmuJ1yB3A7coSeyynxTBgdG8k,0.474226,13945903272594,2023065
C0,452963626,1791038543,9it3CrwAkhnJJwWJdNqLu9qz4pPxeWCgrdtGhf2Qpump,6bD2YsuNF2MjMdYiLHRzmHswx3BzmtRgkFhJuBF6czBs,0.386414,13399440423611,2023234
C0,452963627,1791038543,FR6quyyNZGF4CrG9SR1GFjKHFjwBkR9YJUKpic4Hpump,ES9zJAMZFYUB1qJyzLteoZVpYiqVKubSNET6K7oHRR3A,0.250612,8780451425543,2023236
C0,452963639,1791038547,Cx1PstJiHiiR5i5yHRDDQ5onE5ogq5cDZNrhX9BxkN9b,FFdBLYqL9rs5fUT38ArE8GV2L3BziEgG5LJUu6sshfkF,7.087500,202999999999999,2024336
C0,452963639,1791038547,DdmT6sapys9oTNMKYwfPkPV7RdGTZ5A9hjLE5omBpump,HRCUUUv5dHz8ftFbuC5L6Xu4FwdLWKrtqCCtf9iKJCCR,0.297000,3269779391058,2024362
C0,452963642,1791038548,1gAiC8JHxRu8zd7cBpKDAb4aYEwXcCmjXCqs4vsphnP,7MkKWyG7nRxs1Qg4aGrAgk7JAyrQsh42C5BZuvRrFWgm,2.490530,50211053758825,2024623
C0,452963642,1791038548,4GtTHQKgYYk7UTwT34MafRHN5R4DiwR7L2FNvBSFpump,BwWK17cbHxwWBKZkUYvzxLcNQ1YVyaFezduWbtm2de6s,0.486303,14052352490684,2024634
C0,452963648,1791038549,GrCdtVKGQqJ1PuR3sRT3HKPQPHKyVKZNMAcFDExFpump,3SJHbVjvdpMYGthDLkDKjJox4gHA4VhoMeNReiwBHB43,0.750000,25688048296939,2025152
C0,452963654,1791038551,DyrjPqqqTdcqg6NCuRDpMtoE9knDdPbRtXhghgPXnPw8,F7p3dFrjRTbtRp8FRF6qHLomXbKRBzpvBLjtQcfcgmNe,0.651751,1360556719941,2025611
C0,452963656,1791038551,31y7c26ntHC3hxBBNkV5AsVBsRvrnJgyuQ8Mv4bHUmd7,bwamJzztZsepfkteWRChggmXuiiCQvpLqPietdNfSXa,6.000000,176989690673615,2025801
C0,452963658,1791038552,3tcB6mSBjCKrUQ9bBFsjLxiN1qjVxyh6RMRtSTVaSN8v,TWiNYzgnpqKYePVgLxZ3W6epLg7FbC4KmGZZ1S93oms,0.909562,29312194154010,2025970
C0,452963658,1791038552,5kcJz9yt7y2xdYccwnkU2mDS3x8zBNQiYtPk6DPWBiZr,ALVMJ9bny8tFT7AapoVbbzrgCYzrjy8iHw6EHFaehgZZ,0.303049,1041605828102,2025999
C0,452963664,1791038553,8foXpUGCQJMBWwduk8RebregVqVzzNxaEHD4JfWWpump,6VcgH1SLdsSBWGwyRygV7w5BGSrfiR1vdWSKDFgiAn4G,0.060151,2120630001336,2026702
C0,452963666,1791038554,AkW2bJyAfJpBkX5K5j3wHAsFUHzw2rPzmAi8hCGPRSjw,CnTeYCBA7Hzj9r2s99SaEXKYpiWixtMUkqZWHwyNbm3g,1.500000,50494117563253,2026908
C0,452963676,1791038556,FsGjdnpyMwuYsQsXfJHoSj6M3T2QmYe6V5WCJ1sTpump,BwWK17cbHxwWBKZkUYvzxLcNQ1YVyaFezduWbtm2de6s,0.135269,4664523091610,2027941
C0,452963677,1791038557,8jpcHKbGtcwyYvo2FrkjStGpwXXpEJtrB91aWaRBpump,BuGacsFWAqk8LZk7SPcJ2iqdGdUnPyTqvwSVUU48ao5o,0.057660,732918023932,2028003
C0,452963680,1791038557,6YDmZ7LhgBWSXKdv5VsiXJWmfKm6ZmF6UL6EPPUbpump,BSP67kBerukLLCxZE4gft3sMQ8ho2sNZuaS4ysrA1dM,0.326828,11422318911329,2028186
C0,452963684,1791038558,6zPekvwivQzQWkUfaxdo8Z4QGdChxGVRa112vH5Apump,Hq1s2PqSABdHgt3LHihEUS8c8nWyTZRiVwEZvwhyTJYm,0.098912,29145675761,2028585
C0,452963696,1791038562,8JmeLf3pH8Q6bKiG1rf1gf5aDPLsA2LoasmwYqm1pump,BwWK17cbHxwWBKZkUYvzxLcNQ1YVyaFezduWbtm2de6s,0.526061,15183387916561,2029826
C0,452963706,1791038565,7XtRSfNEbQchkR9SmN7QAxENwZXLHZnkhMPyhnGopump,HL1oF2j9C1HtAMownXKsUhXQdMgJLTSt5T4iENV55tTY,0.550000,18475510371220,2030728
C0,452963706,1791038565,AwFfuYSYEBQr64x1HUMBD9YGg4QP3Vqutfcsfdb3pump,BXB7FF4m5x74ZoUvVHfPJnVBbqWHpMEU1WNUZAL9W8PL,1.000000,32955762800425,2030740
C0,452963713,1791038567,85FZWfPr3s8VErzHdaaC4EdTedSXmhBDgzoJBGLDpump,2dbohozjjVR1svvRbrPJZVPpyCCGytjNga9x7SnxC2MW,0.493827,15486720789786,2031266
C0,452963716,1791038567,CoZiXSWdaYELRdZgxw6YAswWnXe5dSBJi1mNuFJKxdkm,CWiNFAEk4M1y6SjvnZkmxWDmhqSmnKFcnop1WoDW3S2J,1.000000,25258443724732,2031456
C0,452963726,1791038570,6CnkXWfexRJ1h9rn5GHXBGEqM5UCuLzgHuMYyabXC5Rx,AMDEmVocLtN5ji2gBY7BrmSHEyM5vt6TGszBbg4crMXg,1.417500,44903572209717,2032346
C0,452963743,1791038575,BvsC81QatszTq2oqYm8EtpqoubAAdb1XU8VGdeJPpump,Finr5rgQ4B4oZxAfjpA61Cpw77ZJG73FHv9X8mqdZiL6,0.745920,11546486920189,2033616
C0,452963761,1791038580,CMWo6LDDDYCpB4zmaWYjXfpivftuZqVLFhPZd8aqpump,BwWK17cbHxwWBKZkUYvzxLcNQ1YVyaFezduWbtm2de6s,0.163761,8119277035485,2034973
C0,452963762,1791038580,9cLJvZRMFTRSbga26DNM8qSVu6VqRsRzbnRcHRZRpump,Da1Erpm3FoS2f3Sto7FfVVnd8S2acvQyxY52VDmpH2iQ,0.150711,4477525065589,2035086
C0,452963768,1791038582,3QxPymBkTkwZ4SuYbG29TEE5c9aLf71AXBhARZRfpump,DL11CHBXbMMAfB3WEc1MaXqNBbVnWjuPVCzUjEwsPLv4,0.600000,20784503577184,2035579
C0,452963774,1791038583,3RS5vNdMXPe37V4YAkDmZgibzMcJCUKqd8tZy3Zzpump,FdSShBiR1nBtxQzhwNMszyRdcvMVLiAeVraJLvERERZL,1.000000,30715702801898,2035994
C0,452963777,1791038584,HcfnJxLov6tY8i1dq9uYRRZKCvxADPpovcfkyXzdpump,ARu4n5mFdZogZAravu7CcizaojWnS6oqka37gdLT5SZn,0.386838,12043215662,2036320
C0,452963780,1791038585,6pCKocV5APuwNBFda9y4QNJRprxRitYAeyLsGFTM4BKU,8y5xhxgBeYNh453AB2kWH4PV5kmBJTy4A1mjXmq9Th7W,0.100000,3520918711316,2036493
C0,452963789,1791038587,ATAKadbQ3khjKiibQYxGBBMjJaWsEPqLoSkLwp8Spump,HL1oF2j9C1HtAMownXKsUhXQdMgJLTSt5T4iENV55tTY,0.550000,18715079592532,2037225
C0,452963803,1791038591,8UhxtdWYfjR6eS1FrKHgWp8PNt9C2kwEu53F1NiCpump,9wJ4jFNM6gRn5z2a8HahYz4AuxwNtWdwLZSnjRhPhjF5,0.060151,2120630001336,2038351
C0,452963806,1791038592,9ZSamwpwTCTa6qFeCbuNryoiJy9TsSUhjHWLeFGzpump,ES9zJAMZFYUB1qJyzLteoZVpYiqVKubSNET6K7oHRR3A,0.098997,3485709524202,2038541
C0,452963840,1791038601,4QKZNHZDG2K3ZaDxcidTNpDYjEN3TbZbAtcU34HTpump,E694ViTtu8Sb1gqRZ7eGxvrozNmhH4uB1e66wP9SUtWt,0.200000,7018806136653,2041118
C0,452963847,1791038603,9NnvxfavSswySguwuQ4Pa2wVZxM58x24rCXMb8rKpump,ARu4n5mFdZogZAravu7CcizaojWnS6oqka37gdLT5SZn,0.579440,1214985163425,2041709
C0,452963879,1791038611,EGgZv7sKmwqRVmADdqBo7vGj1SnmzfDsusJjMzwBrnUd,FbmomB2sZgwfR8ySKaUEY37XUjb9p3SUDQdBCvLqgEeg,0.850000,19059261320466,2044238
C0,452963884,1791038613,cvVKoaFXFqDvLPvCNFFwd36UT1eptoPCxsjRN6upump,7JCe3GHwkEr3feHgtLXnmuJ1yB3A7coSeyynxTBgdG8k,0.981073,23226297743648,2044511
C0,452963886,1791038613,DKv7NpJJLTZRgEAF6e6zZsEX7vmuiumLsBrPvdLpump,9XPMCaxtvywvKQjtaPtK1prruGPiH4CdMRjUVpkB2dM8,2.000000,59284642852707,2044698
C0,452963927,1791038624,4d7eU8nsEQnCsGkNWWqQTXoqS47szf47TB2AbFicZh4C,CnTeYCBA7Hzj9r2s99SaEXKYpiWixtMUkqZWHwyNbm3g,1.500000,50391841453589,2047756
C0,452963931,1791038625,6uPEdkU2xPg1iyfLzV1ssUwvve8nndA2sd6nBFrb1n58,ARu4n5mFdZogZAravu7CcizaojWnS6oqka37gdLT5SZn,0.096464,865686211119,2048038
C0,452963932,1791038626,8iF53SDsUDd3WpcJ1XQcwFxHD36t2RVEBescHU56pump,4KQGocKQW25nJ8xT9GPNW5Uqy2t7eFs2NzwcXqiyuY1X,0.150000,2660167190660,2048052
C0,452963932,1791038626,6TL8LW8RRdJNRWy88r1p1w4umu7tYh9BhbQXk75Gpump,GTW4HfwbJfmjG1xCRQGeJixRJLbEtu7e54uE3b2ATfXT,0.100000,870560068305,2048084
C0,452963933,1791038626,GG5hbrs4HjiXTC3og7NKPabTXVtkzZsM6MnPAH8Ypump,H1gcwLfGW76E5CpAPcxRVD5x1jDbARKkX8DieVjKagCc,0.102830,3121099695520,2048182
C0,452963945,1791038629,2JYTd53Uvs2qC8L3PwooqAYXEb7RhEPZ8XS7H2WWYe9W,BKNCXADbjBt54bGoyupx2aK8KjjVSDRxFprbWFWTnqDj,0.054074,17281744107,2049252
C0,452963948,1791038630,GZw5H2rDAUvVjM4mfGotXbN7zj3Ndgn7dpwy4GHWpump,2FfEBBV6hmtXc7bQyXk3hjQwsQaUMcKTEC1DWQqvdwzu,0.100000,13818977594897,2049399
C0,452963955,1791038632,AaC7iKVtHihi2KKs7PhJacNFScJw2zcQpNZjeQZ2pump,straywAWvrXhKJKCLiVwaPvTuqd419c2i4Ry9cvUPyD,1.000000,18607297304207,2050080
C0,452963963,1791038634,GKjAe1bQXXLoEitJYSuyw6qt97tTVoKkGEgWPEo6pump,7JCe3GHwkEr3feHgtLXnmuJ1yB3A7coSeyynxTBgdG8k,0.344203,800625476663,2050773
C0,452963976,1791038637,8L17Nhci3H3krd4uToSEcMDczw8f2BMnYQmmRjtpump,BwWK17cbHxwWBKZkUYvzxLcNQ1YVyaFezduWbtm2de6s,0.578665,17699873673625,2051908
C0,452963979,1791038638,3eYTViXTUBCVhn1TSVZAAbajRLPKs4tuV6DwL4oTpump,7JCe3GHwkEr3feHgtLXnmuJ1yB3A7coSeyynxTBgdG8k,0.080120,900548555853,2052175
C0,452963985,1791038639,CxjdQW3ssu23fPwtJqMr7biVH1j7xwzUwb3vPTMhpump,Fbj45e8d7qKR1sDqripsmYmKbR8nB6iew2JrXgxy8asA,0.131918,1221220928762,2052684
C0,452963990,1791038641,4fWTJKipKya1VwVeLXQMP5k2SRyPskNXy61pE1X5pump,BwWK17cbHxwWBKZkUYvzxLcNQ1YVyaFezduWbtm2de6s,0.062478,2245998701109,2053081
C0,452963999,1791038643,wgtYm9rrwJj1YDLNixqqhGp5dnV6e55PDKR4pJxpump,7iVCXQn4u6tiTEfNVqbWSEsRdEi69E9oYsSMiepuECwi,0.817535,5422501298,2053804
C0,452964003,1791038644,BZFu9XLiVv8ceDpiVQ9iqVZPdiirxtWcyERXLN4RGXBo,2WJTQ6q91HBZLqHuVuRLgsiGQV8yCgVKtzaLX4HBfwMo,0.243391,7445497650938,2054282
C0,452964008,1791038646,BULLENxRbvuwjo4DLBKBbh23cNQ4ZbpDeQKuoVXL7exN,ARu4n5mFdZogZAravu7CcizaojWnS6oqka37gdLT5SZn,0.403326,98099267005,2054789
C0,452964009,1791038646,VJ8doQ9W9Fw4W1QrUpfAAnYZ1yb5rFBPbsxBxDUpump,6AB2827Uqc139mqihMQDPgEZdEbWXThay5ioFDKxai2t,0.120000,3157674951027,2054830
C0,452964011,1791038647,FToSMWKFnPnSaM9V2gajNKAa3cD3k7DtfjqPvA8npump,BwWK17cbHxwWBKZkUYvzxLcNQ1YVyaFezduWbtm2de6s,0.443452,13619968635731,2054996
C0,452964015,1791038648,CuKaCobbgSm4iw3RbAGmPqgkaaeohfKq43CXWfbipump,3yrJE1A8dgSuy5NLimG5GSYxA6wMkvnAYLD9Y4xR2fjJ,2.000000,44759581951723,2055358
C0,452964020,1791038649,35zAdop7rqmqdpLJU7swEhd3DJRqhFdSJXkBwYaDpump,ARu4n5mFdZogZAravu7CcizaojWnS6oqka37gdLT5SZn,0.137648,99147424063,2055858
C0,452964038,1791038654,Fuo9S89i9q1hCZEzeWjY1iiUaWn1W9qepkPimfkapump,Fi9fjEmzM7ieUEwT5LtFiYBrnz8EFYFYSqgZg5F2T8T8,1.410000,45030292753948,2057539
C0,452964039,1791038654,C1aimhbAhLjKDK1ernvacfJD8XBBHe5aFsUXuFSYpump,CWiNFAEk4M1y6SjvnZkmxWDmhqSmnKFcnop1WoDW3S2J,1.000000,24338896615145,2057647
C0,452964055,1791038658,87EXnmvwfkqF9iauUNgTaQzUMFVKqQBNFX7nvd4Upump,6VcgH1SLdsSBWGwyRygV7w5BGSrfiR1vdWSKDFgiAn4G,0.070176,2473245495739,2059139
C0,452964081,1791038665,ENPoa6t8sDzkL4NiNzeYhQ3w9pScqgTiT5oCwh8wpump,EW6k3ZkxGQxxVrbJ5S5xcbA98b7qX1YmzSuBp3Y7epSD,4.000000,124858181763706,2061399
C0,452964086,1791038666,2ySa3L3vwrQgrizGbGeU9U8uEMiNgtkoWDSeUMDkpump,dKMjeGJ4Mk9S3hxdfTThvZ7exks2xMwWqSM5NvN2CTK,1.800000,57871410901443,2061929
C0,452964091,1791038667,FnvYWHppWGRHXHNGRrB1pFxBFAc4EdPSid6qJ3hGZ37B,ARu4n5mFdZogZAravu7CcizaojWnS6oqka37gdLT5SZn,0.189050,3206248313998,2062416
C0,452964093,1791038668,Dt6zYTDhqb6UoVGCBY5FFEfGE1pbuNfwwoCwkK7epump,ES9zJAMZFYUB1qJyzLteoZVpYiqVKubSNET6K7oHRR3A,0.250612,8780451425543,2062597
C0,452964095,1791038668,JLPJwLeijbB2EPZL8yPCdnEgAE3ujE2bVSfJkmouSJh,HxcdEi6CWzQtPCmM8E2maEZ3oYVGZxESqCWU1iPzmhVW,0.200000,7018806136653,2062888
C0,452964105,1791038671,7zYo5WyWd7mjZcGAsFcnVj5CbZN6VDvW3bCMA6mrpump,93cGkDQXbKdExtKKoEJWMrc1L9WdHTPMFTpAn6U36GKT,0.100250,3529685843060,2063912
C0,452964120,1791038675,2QQi29YZEqNXpSQ8zUbp6zzSL8xRxnPoJvSyaPHxgRxU,8RvtT8189KpAq5MkXGVHFn6LdZpxq9PkvDeAvs1g5Yj4,1.459552,46140522081707,2065393
C0,452964120,1791038675,BLdc2tRpPEAv42G3RjRpScn5Wvn5WTMSZsf1V7hFqo7o,9eW6ccmehRe7gFHWZQdSSU5FfEjgkAteHSxRLdswZNxN,1.518750,51095238095238,2065395
C0,452964122,1791038675,6uv5dnRQ1erfH9YRw9ndcK4UWuhRguyFfuSJhLbvpump,BwWK17cbHxwWBKZkUYvzxLcNQ1YVyaFezduWbtm2de6s,0.115971,4362336814229,2065513
C0,452964122,1791038675,C6ngpCg4fdnCEkD14xLEhqSEGWGsjsSAGdsgweA322kh,2pcL7kT6wK1Qh8Kp3HAkaDDQzhu4PHrnWmspqs1oqXmb,1.090357,34888387671382,2065527
C0,452964128,1791038677,FAWDcXnN5BL2uL95Y7hH1JZxnfEPnz3xqw5KfNvNpump,BwWK17cbHxwWBKZkUYvzxLcNQ1YVyaFezduWbtm2de6s,0.078181,7888535687508,2066188
C0,452964137,1791038679,7CYBFb9Q54PVGfFene4jgq8wgupiKk3CM1T6eCLQpump,2FfEBBV6hmtXc7bQyXk3hjQwsQaUMcKTEC1DWQqvdwzu,0.296971,10388948610249,2067139
C0,452964156,1791038684,A2rsnm1vUUsYcxc5WkpNfFiMk28AcYDiqsmBJHRfpump,9XPMCaxtvywvKQjtaPtK1prruGPiH4CdMRjUVpkB2dM8,2.000000,62739329566042,2068989
C0,452964157,1791038684,HsbTDqSMy6Pc7YMhsQ1yMhvqhDoH2t3wGviqzmvPpump,4Sgm5SNaPw9hcRpDgSyyjjDiA2qgokCM6KgA9jBFuU53,0.750000,24875070748821,2069116
C0,452964172,1791038688,BffwFrxLQ82QxuHwjb1hLQ3MdSs6YVfDkRa2cyiadH5y,61NP6BpRMtaFDT32y4zoLcMPn4HJqZ8GHaXxw5fujVb7,0.201787,2291502337690,2070550
C0,452964172,1791038688,EHngp44ZbNPLJCPLSypboZz7SLXCjfsVkx4gEnp7pump,Em8J3gBWapfVBGVhVipwQnLrqCvnWBnLajw6XFsFECPF,0.290839,640731086869,2070576
C0,452964185,1791038692,2Guf4J8My4Zet9cNCBXKTuWXL6DqrUr3maFDUJMj68Ny,HTgVVGboxX2Dsn6b6bXAXgqGT1SkxSgENuRQF5FrCiAD,0.940000,16840823648274,2071704
C0,452964212,1791038699,HUhzVM3VADwiNSp5qBqBJrdJYy7DHQv1rrZSFdkMpump,BwWK17cbHxwWBKZkUYvzxLcNQ1YVyaFezduWbtm2de6s,0.253867,7842954983986,2073731
C0,452964239,1791038707,8mgTxsi4vLcAhsB2fYVmfqocProcNZwob5r8cJVspump,ARu4n5mFdZogZAravu7CcizaojWnS6oqka37gdLT5SZn,0.405360,210844396,2075596
C0,452964245,1791038708,4C7Q1Y7FHCSWCwJjJZyWuv6H4GzP6zvB2fzj3F57pump,E694ViTtu8Sb1gqRZ7eGxvrozNmhH4uB1e66wP9SUtWt,0.200000,7018806136653,2076009
C0,452964245,1791038708,7c4j4ktmV568YvKYQ1ENX21aHB96puSxryCeBXm5VZXB,DoaXqAUxKzQdDbrHxZ9QweyMawqvG4WxnxB3kaAayWi,0.202783,6594403040670,2076010
C0,452964247,1791038709,BUwDcXCmVkVyJxVAn1iYkDzRayDnNJ5tgoPHoWkipump,ES9zJAMZFYUB1qJyzLteoZVpYiqVKubSNET6K7oHRR3A,0.250612,8780451425543,2076137
C0,452964247,1791038709,D6pHpdnYhCGPLTDpuDxT8rCr8572sVAkAAMHncbzpump,7mHmNh6BFNWpFp5qh2VXRNzsK63zZ5ZQGQY77khANBQW,0.148493,5219999924681,2076165
C0,452964250,1791038710,5ZB3ikqGs5b39xxeAFvuizSnCgmf7dyTUdise3HNpump,FdSShBiR1nBtxQzhwNMszyRdcvMVLiAeVraJLvERERZL,1.000000,33227309449728,2076369
C0,452964255,1791038711,GgHjVTnYLgbG7WYSuu3DnchZrfXPNmb6A423omZX25W9,3yrJE1A8dgSuy5NLimG5GSYxA6wMkvnAYLD9Y4xR2fjJ,2.000000,39062882473200,2076731
C0,452964258,1791038712,Fvk8vmDx6pWgYScmNjAWtzLamZCoJ4K3a7vyHcApump,HL1oF2j9C1HtAMownXKsUhXQdMgJLTSt5T4iENV55tTY,0.550000,18948372927105,2077047
C0,452964263,1791038713,HkaTGwc8MadBdBqhfvNsKhKzvQwe48hQagVkqqWDpump,BwWK17cbHxwWBKZkUYvzxLcNQ1YVyaFezduWbtm2de6s,0.102662,3592908525060,2077392
C0,452964272,1791038716,6cWWeSkgSNFRzpc3wfDNU5Y9Phk1q4nFndF9FfAbpump,HTgVVGboxX2Dsn6b6bXAXgqGT1SkxSgENuRQF5FrCiAD,0.450000,15164583091018,2078038
C0,452964282,1791038718,BNoVgKupmdaYrwJXqp764tRk3EDafoFts8Tt4Fq4pump,DsGJkPzFEQZuwy7JjZzPcJEyEfdC6StV7rarXG4ftRSA,1.521678,34806585031783,2078861
C0,452964292,1791038721,4vbcRNx4wXtZ14dT2HjKc762RoMGpbVCNbpMEhbGpump,98SF52KKhsofmQ3gztfj9qM3Y6szw8ADTvvyTt83ZPBo,0.101199,2548590555202,2079713
C0,452964322,1791038729,FmeV5zd9wQKXH4RakW8s3Ne16YGQf56fex2mRvK9pump,GTW4HfwbJfmjG1xCRQGeJixRJLbEtu7e54uE3b2ATfXT,0.100000,727175832532,2082096
C0,452964329,1791038731,Hnuu5oF9Q3Yj5B67mDLiLvVJ7HGWEoBEFULFNNjCUz1U,7g5CJ754NboeY6D44MDdGwQmVX4Fvu59Q47c9ZKLPMkE,2.505865,81773787516146,2082703
C0,452964344,1791038735,Bratx92bp84pLriyFVc6fWvaaTjWjg9a8KjD9ym6pump,8y5xhxgBeYNh453AB2kWH4PV5kmBJTy4A1mjXmq9Th7W,0.100000,3518605355410,2084040
C0,452964363,1791038740,EkonhTidq6r6zM7KAR7auGgSr9iNbXH3t73YHUNvpump,3SJHbVjvdpMYGthDLkDKjJox4gHA4VhoMeNReiwBHB43,0.750000,25032654461443,2085567
C0,452964386,1791038746,75TCqxj1uhVUDWiZhsrJ5bVa4jxdRC1NcDpte9m1Bzf,BXB7FF4m5x74ZoUvVHfPJnVBbqWHpMEU1WNUZAL9W8PL,1.000000,20283296619703,2087570
C0,452964386,1791038746,8mzcN1wbYJ3ZyBsmvrfTdy5k77nc7CBxXx4yuxrgWCve,1UTzmbt1c3NuQB6i7ZRf5PKxqyTFo1mpgb1P6xQ5JgU,1.006415,2440263920567,2087580
C0,452964409,1791038752,Dm1Em4QsKiVpAFq3Lstvr2fjjXy7f8hcbCRStXK8gEd6,CWiNFAEk4M1y6SjvnZkmxWDmhqSmnKFcnop1WoDW3S2J,1.000000,20573552149469,2089609
C0,452964409,1791038752,9S5VviAhVtSiknz2oEDjJ2zVCpodBd5opBR8EZit6oPU,3pk5yRhwwFdvDBrBuuC5CRorVafHG2EQmzNEYy8Ny2K6,1.589513,33779805391326,2089611
C0,452964411,1791038753,8GYbR1hAtYXrA53BnBNjhDVRHZ7SqwmPKEP1e8Lypump,BwWK17cbHxwWBKZkUYvzxLcNQ1YVyaFezduWbtm2de6s,0.268625,21675674255803,2089912
C0,452964421,1791038755,B9NMSXSbKcgRWqxFnJe7SXkY8oYpmyKTv6Nsv4P3pump,BwWK17cbHxwWBKZkUYvzxLcNQ1YVyaFezduWbtm2de6s,0.102240,3529576534939,2091187
C0,452964429,1791038758,Ceh1yVMSjY3quzVcPhjpNUmsE2CXr2YBgeV645Jkpump,AEgTuy8Lg4wfnjm285mk3P2k1p39ofqNXk8b5VtYhdCs,1.500000,33788650769034,2091897
C0,452964431,1791038758,BxdAe6gup3MvRAEERmxgnJef2P1a9zjmxpyT5xoapump,D8na6cgPt5ndncmzZJNyofVMeRnRBnsj5VWjznY4C7yt,0.098997,3485709524202,2092090
C0,452964457,1791038765,EsVBUFX9JcH2ysF3PKUcQPjRsksug4QYwMsDxNPHctdi,timeworn2X1EwMLSzeVhdVTbVSzSCKuibKd2kQ2Lsyn,4.000000,124858181763706,2094289
C0,452964462,1791038767,36R8fsB8fngfpbq5og8FM47DxZYbfbNKCzx8SiH1pump,ES9zJAMZFYUB1qJyzLteoZVpYiqVKubSNET6K7oHRR3A,0.059399,2094174425768,2094769
C0,452964488,1791038774,2RBuZLiaKqpq7ekCdrQrmnKJs6Bhe7gzD1Gy3k6hpump,FiFawHqxeTVBhv6YbqbLwDVuvokRpPUM1bNwAyxhGc6W,1.471141,47349293000000,2096995
C0,452964500,1791038777,5GPKdLV9BVsNtBM1U9i7xJ97CsEwJ6BQUkZYwCfApump,HL1oF2j9C1HtAMownXKsUhXQdMgJLTSt5T4iENV55tTY,0.300000,10224170012440,2097925
C0,452964505,1791038778,4ayoBwUcWZfiSfn5s3pmNLvELovvhcpaY6UUzcD8pump,DgGa51MDVgsMvSXaNcfXktdQmYWGLFgMBLyM7WA6YYmN,0.054857,1934323903695,2098202
C0,452964505,1791038778,6EULYzG5oM4XfFvgA6CZEmykSpDFTE2HqqaTfbHmuKPh,3yrJE1A8dgSuy5NLimG5GSYxA6wMkvnAYLD9Y4xR2fjJ,0.500000,10021989703390,2098238
C0,452964511,1791038780,8Sh3X35qm5ES3NDauu6YDX7a75dKqzQspy4QKpnGpump,93cGkDQXbKdExtKKoEJWMrc1L9WdHTPMFTpAn6U36GKT,0.100250,3529685843060,2098830
C0,452964530,1791038785,GZjkVuownpi7hXLkria41VyE5f2v5839p4sp86JK7Vdw,bwamJzztZsepfkteWRChggmXuiiCQvpLqPietdNfSXa,5.000000,151660777334045,2100213
C0,452964532,1791038785,EHpArn91AMDeBnBtFyzcgUAkyM27rJ3coSZQjGpBpump,9wJ4jFNM6gRn5z2a8HahYz4AuxwNtWdwLZSnjRhPhjF5,0.060151,2120630001336,2100417
C0,452964538,1791038787,8pr4VK6ndRUFE72DVEeDDSPBeypMafoLizSNZzngpump,CK2HKaFko3gb4t9oM9wk7FzESQwFTxVuVMpYCKaYwWtQ,0.840000,27822160872831,2100849
C0,452964539,1791038787,LJ3wfwBAzajX98Q3U2cd12hnWteWAafiZUcYGGPpump,BwWK17cbHxwWBKZkUYvzxLcNQ1YVyaFezduWbtm2de6s,0.708176,21577725719906,2100932
C0,452964542,1791038788,6rQrzStdVHtFBoTTeb2YVcE7qAXuQVzWtbnxXqhRpump,HRCUUUv5dHz8ftFbuC5L6Xu4FwdLWKrtqCCtf9iKJCCR,0.198000,19188060545549,2101270
C0,452964607,1791038806,Be38vSUBsT1ciJQYkkBcsnaPxwckz9vXampffiBepump,6bD2YsuNF2MjMdYiLHRzmHswx3BzmtRgkFhJuBF6czBs,0.386412,13469854579012,2106822
C0,452964608,1791038806,G7GSE51jawCU6mJvCrwaKSbbKmBpL9Np4esqnYQspump,HL1oF2j9C1HtAMownXKsUhXQdMgJLTSt5T4iENV55tTY,0.550000,18475510371220,2106913
C0,452964622,1791038810,4NHNbe7uHoXjcycKqxj6v4bfvhhjDYaYyrPVbmZmpump,5Loj1k2uftjeyDyEJ45MQxCtTZ3osJXnbAV7sckgxDdk,0.060000,2115327702796,2107953
C0,452964635,1791038813,GdQWHM7Bf7yzzwpUHqXq3CPpHfNP6ECRs3zP5evapump,E694ViTtu8Sb1gqRZ7eGxvrozNmhH4uB1e66wP9SUtWt,0.200000,7018806136653,2109164
C0,452964643,1791038815,3TpA7wcNwe9dD7Efet95xHyVK2BYDyVDm7wWYeUapump,3Le7cTELrgoSX51gRZagrueWsm4fPJWMa64sXAqYcJk9,1.200000,39681642579469,2109704
C0,452964649,1791038817,9uZPenrLMcWvdbCeDM2Mg1DQfsGLVxQciLjM5muRF6bv,2RRKiWes8bSifxUARdAk5pojZQheHnoGFz1KJN4LyuRo,0.990000,26349690277523,2110266
C0,452964654,1791038818,GrQ3Sse4pcrxttTmmimR5mNA5yDjSBw4ANp2vGKrpump,BuGacsFWAqk8LZk7SPcJ2iqdGdUnPyTqvwSVUU48ao5o,0.060927,2006130035918,2110607
C0,452964659,1791038820,CobFYcfkWsX7M14GMm6ie46QxSftxxuQQTvrqdNppump,GaMPRt9yhnhRAB134imiwkmXAtVYkcTtZFzF1nBeqw6H,1.503046,50591814205825,2110985
C0,452964681,1791038826,3RXRanjiaufauU2XkjKvhwqF3C8iCE4AKZrfdPaKpump,BwWK17cbHxwWBKZkUYvzxLcNQ1YVyaFezduWbtm2de6s,0.459256,14099420004967,2112608
C0,452964691,1791038828,HsprHxBRgiVaQdRf3TnKNuZZtaX9JUSPgMFdAkk6pump,ARu4n5mFdZogZAravu7CcizaojWnS6oqka37gdLT5SZn,4.124168,321878880805,2113236
C0,452964708,1791038832,BXAvVqsKug3G6bkjdEF2D9GSyrm31SD711MbSxWSpump,BwWK17cbHxwWBKZkUYvzxLcNQ1YVyaFezduWbtm2de6s,0.462779,15002177873538,2114432
C0,452964714,1791038834,HVyvnhR9nCyrjvj8pfJ54fhvbgAQHyPsB9kBf2dApump,BwWK17cbHxwWBKZkUYvzxLcNQ1YVyaFezduWbtm2de6s,0.476808,13781861115324,2114847
C0,452964724,1791038836,FTJMvHrLvcvGvsSW6zxUJZ4YHHJtaUgoWSorAufopump,F7p3dFrjRTbtRp8FRF6qHLomXbKRBzpvBLjtQcfcgmNe,0.085100,1796525371530,2115526
C0,452964726,1791038837,6WUbAGBQd51XFQ3gagp3vJRsaz2Euo4PsE7uYvTLpump,ARu4n5mFdZogZAravu7CcizaojWnS6oqka37gdLT5SZn,0.541774,3820825513878,2115687
C0,452964730,1791038838,6U5WhHMckKivT6PECLejRdofYGHYTv1QjTgxMAsQpump,FiFawHqxeTVBhv6YbqbLwDVuvokRpPUM1bNwAyxhGc6W,1.960250,63402179000000,2115982
C0,452964745,1791038842,GwQrvFesWy1qdgixPcvR9otHvmbNnpstAQVTTzkUpump,BwWK17cbHxwWBKZkUYvzxLcNQ1YVyaFezduWbtm2de6s,0.164628,5099957797241,2117325
C0,452964752,1791038844,ACsCLMEansgeMK8GnvCoJN3UhYbu4wDRxGrztqrJVtB5,26b966MheUKjyRTes8vLbpH1qV6pVY7cNzAiyZuyrB9W,0.199753,6523488963238,2117802
C0,452964757,1791038846,2cyn8KYhZdn6ZcEgRS15CJYXmaw7e3UsbhCn8z4Zpump,7JCe3GHwkEr3feHgtLXnmuJ1yB3A7coSeyynxTBgdG8k,0.449152,19646453591757,2118232
C0,452964767,1791038849,D1YZM1L8wLutZ7gKd41aehy9KFHc9GevWC63pc9Apump,CM8eJsqqgYyXiZXk1cwX9k5CgAm84Ut9ucHsCTtvqo8H,0.253698,8887661093516,2118934
C0,452964776,1791038851,2dAt9BMxpNDnzBo32VuR8MXEypVzuZwQj3ZCn8xVpump,ARu4n5mFdZogZAravu7CcizaojWnS6oqka37gdLT5SZn,1.052921,7604562780881,2119624
C0,452964784,1791038853,6RLD35TWUNBheHxTpuhVwQDLT4RxAj7DQWP8DYXaQpe5,Dnk6cWwBvJSwyRA8m6YHUFg9e18Lx3aCWU2yfDgNybgg,0.100000,2676459133092,2120204
C0,452964784,1791038853,95uiE7Gy9amYq8bKPn4SYk4c1PkjWxxFPJwiE6yUpump,BwWK17cbHxwWBKZkUYvzxLcNQ1YVyaFezduWbtm2de6s,0.752103,22885752910822,2120205
C0,452964786,1791038854,Hcq1dPU8fN2mYuvTYY2Mzj8xfZgt3979dN2pUrMQpump,93cGkDQXbKdExtKKoEJWMrc1L9WdHTPMFTpAn6U36GKT,0.100250,3529685843060,2120371
C0,452964803,1791038858,6Rfzjg3bVV2nWcJW2XW4CpW4unHythu5cNrVCtyypump,BwWK17cbHxwWBKZkUYvzxLcNQ1YVyaFezduWbtm2de6s,0.161947,4714395479398,2121608
C0,452964820,1791038863,68NoUw6LgnpJpny39ZJha7Co5rBvJaXzDWnYERRPpump,7mHmNh6BFNWpFp5qh2VXRNzsK63zZ5ZQGQY77khANBQW,0.197987,6948618075286,2122960
C0,452964827,1791038865,HqBR4WmC7ag8gZjM1qZitY4iBD8sGAZQhCsZUmCfpump,BwWK17cbHxwWBKZkUYvzxLcNQ1YVyaFezduWbtm2de6s,0.559017,18435413643120,2123446
C0,452964833,1791038866,6kSt1N2iNthHz8E4Byf1qiBkHvq2pZf6VXKAmenPpump,GtaJoYuRa9h1T4miw8zD6rdtiqo9QzjSr7jTuRMcL5vE,0.500000,17376518166910,2123861
C0,452964841,1791038868,HdSn5aKZwaaX8ZY2fU9HhCZa9GGyNKWPKsMgQSUQmxhH,haqqiUUXB5gp7gDbSjpEkw3phAjQb25r86uXJsZQgWq,0.750000,20405815626047,2124363
C0,452964852,1791038871,FYAoQdPQCRAy8NX9skdtraUcVsWRHSiLXTZZVGsyMzwo,GjKjTmzuoAMdxmKHJpQp9PTJLNuvN1SBXAEARr4GEB1c,0.100000,1517181908866,2125096
C0,452964860,1791038873,CGEDT9QZDvvH5GmVkWJH2BXiMJqMJySC9ihWyr7Spump,ARu4n5mFdZogZAravu7CcizaojWnS6oqka37gdLT5SZn,1.517363,125773589548,2125772
C0,452964861,1791038874,5B2rC2aEgzEy3WNgVr2YCTjwL142V2dpzeXVms4yeM8r,GeUnv1jmtviRbR7Gu1JnXSGkUMUgFVBHuEVQVpTaUX1W,3.100000,99366691529599,2125835
C0,452964864,1791038874,DCborDQ2RjUJrCSNPNq5wjv7F1xMX8idwMntK1K4KBnM,Finr5rgQ4B4oZxAfjpA61Cpw77ZJG73FHv9X8mqdZiL6,0.745920,15632396510450,2126119
C0,452964870,1791038876,AE2HcGrpLEc6MjaL9pRqu2A1vYiLJEBs6zCZd427pump,BwWK17cbHxwWBKZkUYvzxLcNQ1YVyaFezduWbtm2de6s,0.174828,8794932450755,2126612
C0,452964876,1791038878,6UzxEXnFQXPaVLGKoit6MEeGwhQdjvLgxcsH3ezRpump,4PMLehKPiCfGMUagQZxLdduZbWqSJTsPxdGaxvGy3ipE,1.002198,34271956398008,2127275
C0,452964877,1791038878,9huSQ8WY4c1YEFgi3NACGoVJZGFj8z7DqVFktLABr2dY,H1xshmCRBDLzKsfYzMCutKkAzr1zdDN2CWDZyr49Uz8H,0.540000,9610423651595,2127356
C0,452964883,1791038880,JCnVMuEugBB3JtbSSuJhjJG1zTaQz7kaXzYDqN8Cpump,3SJHbVjvdpMYGthDLkDKjJox4gHA4VhoMeNReiwBHB43,0.750000,25771333767016,2127696
C0,452964889,1791038881,9TD6PQGPFN78qD6d2XJVKekbdwS7WpocPXjpMKcnpump,2WJTQ6q91HBZLqHuVuRLgsiGQV8yCgVKtzaLX4HBfwMo,0.309514,5854885224432,2128200
C0,452964899,1791038884,FeoEg3KimcxC66pLkwZpSpaXmZWj48iJ3JJepSwcpump,Fwcn8QjugGVxXuHdvoQQvVmTJMcCPrC1TaQiSHUeqbo7,1.503046,50591814205825,2128871
C0,452964902,1791038885,DL4MPieNSdxwjqsixnaeoghjh2VeQFj1KfHheMsyMDxy,DbG7RyLFBWXpEWgfKUA8qByvBZEZ3chqGh9TLkpjpF3b,1.822500,60735849056603,2129099
C0,452964934,1791038893,4EdX8GDBEagJSbm43auPpeXwkhYvkH8MQQxx55oPpump,9wJ4jFNM6gRn5z2a8HahYz4AuxwNtWdwLZSnjRhPhjF5,0.060151,2120630001336,2131340
C0,452964937,1791038894,52CD7wGTNqZWZs9cyFejMZpXq7pdXZQKzRFqdusypump,cbjrn1hUgCUqLbP4yESRyrXZrdxotoVp5aqTKmu7ait,0.060000,2115188214049,2131619
C0,452964941,1791038895,FfV11xVF1oAfoMqRuzvYYYFNnrRYoGyocVK1UNfupump,6VcgH1SLdsSBWGwyRygV7w5BGSrfiR1vdWSKDFgiAn4G,0.060151,2120630001336,2131904
C0,452964967,1791038902,Bp1bo1akAR5eCJtQFjoZnhfaJrb35CS8MqXmFQeXpump,CWiNFAEk4M1y6SjvnZkmxWDmhqSmnKFcnop1WoDW3S2J,1.000000,30156883705460,2134173
C0,452964978,1791038905,FMy16LTfHGua9fH59PNUcaNJpmtazCnJxMuxV1pUpump,EzP7Pprf2mTNZn8CXDxPvW2oCYz8pW16gr8gPZKG2yAy,0.080200,2825626466559,2135299
C0,452964986,1791038907,6ckica4UiUFB7a2NMyis1CqZ6rufc8EkRNffLQb3pump,2sSASRouVmSM62Do1UxPtsXnUCqjHaq5tJ6xxwCGnMR2,1.115725,37809660942004,2136022
C0,452965008,1791038913,FEZ5BCmVkZCLT28tENogYWdP1REUiRrHr91ewUJNpump,BwWK17cbHxwWBKZkUYvzxLcNQ1YVyaFezduWbtm2de6s,0.061372,2134333235997,2137812
C0,452965009,1791038913,8tyaSHgK5HEi42qHvUwpWKE9t4NCyGxutLV8hACameta,35dszeQQQzkMvjcmyrPWPnN5ZyK9ZjYkNp9kKXZWMvji,0.082160,1583666240526,2137916
C0,452965027,1791038918,HpFAhN47VncvRptMRvKb7Ku4qLQJGKyecRYU2vjGpump,BwWK17cbHxwWBKZkUYvzxLcNQ1YVyaFezduWbtm2de6s,0.570458,17454259122732,2139145
C0,452965065,1791038928,5TFhMTuUQ1WbmLwi9M6pgvPVxBtMY2CmvE1ckvkNpump,dKMjeGJ4Mk9S3hxdfTThvZ7exks2xMwWqSM5NvN2CTK,1.800000,57871410901443,2141610
C0,452965076,1791038931,51X4B3CH1zsQiD8tq74PkdDs5b29rrNFyNC37SM1pump,ARu4n5mFdZogZAravu7CcizaojWnS6oqka37gdLT5SZn,0.339814,5094103478019,2142420
C0,452965077,1791038931,HGdW4XVrEpHRP8Ljgu22k4s4XZadT5rSSx2trUxwpump,BwWK17cbHxwWBKZkUYvzxLcNQ1YVyaFezduWbtm2de6s,0.192923,5971317196024,2142482
C0,452965081,1791038932,9pmz6SMfhMFmGNt1VTmbvAsxxNMUvd38CCgLfdTUpump,4PMLehKPiCfGMUagQZxLdduZbWqSJTsPxdGaxvGy3ipE,2.003727,66401601740007,2142766
C0,452965084,1791038933,HbdvryEyLwtcX3jcSHx9Sop6NB68ErU7RR42GMLNpump,7mHmNh6BFNWpFp5qh2VXRNzsK63zZ5ZQGQY77khANBQW,0.148493,5219999924681,2142901
C0,452965094,1791038936,jLz71QZfjnZZMLjUaCBw7KmUyftkkNq8NkWi2u9dyap,ARu4n5mFdZogZAravu7CcizaojWnS6oqka37gdLT5SZn,0.244976,1228626695434,2143639
C0,452965147,1791038950,bfKmfCFj3ptwb1cnXboURgsHWgW5Rn7mcT1o2ghpump,BwWK17cbHxwWBKZkUYvzxLcNQ1YVyaFezduWbtm2de6s,0.169601,10712852405654,2147026
C0,452965151,1791038951,BiQB1YxBckMKAHan2JiLZ3mB4D5EWs1bDPgRG6vppump,Fwcn8QjugGVxXuHdvoQQvVmTJMcCPrC1TaQiSHUeqbo7,1.503046,50591814205825,2147378
C0,452965162,1791038954,HD8L7ZzgpoxZ2MLoyRJ8yQ49Ps4TUr4XCWjibwBQpump,CP1kz2iatUrNHDXPXK4MdKMVhXkqK5eVgezKnyfzU5dh,0.845315,29052317172905,2148273
C0,452965174,1791038957,6UNVTaUTCciy6gS3mUT7fv1Ru3wxWXQWZGLXc6zepump,HRCUUUv5dHz8ftFbuC5L6Xu4FwdLWKrtqCCtf9iKJCCR,0.198000,9637250142892,2149132
C0,452965174,1791038957,H7qa5jUAHXPmSJb7YrFqDSr9ZNXFpmVpsHW38hYcpump,2FfEBBV6hmtXc7bQyXk3hjQwsQaUMcKTEC1DWQqvdwzu,0.247480,8671591758466,2149138
C0,452965184,1791038960,AfReEkdwdBWRLd4kgbqbaQ3N1KjreQVSH5nu1NWMpump,2J2rtMBRLxAbFkSLgrsuSNN8N5KMTJVaRTdnGfbZ5Vjw,1.002198,34271956398008,2149852
C0,452965185,1791038960,GwQ13CDq7pJc8bvVYX8z1JV6CMouPHP1vQyhSBeYpump,hv1Svd5VUR1ns5rAQxLZp8mCqcbhTnbc6qM3ZpRLE3Z,0.064317,1978349058721,2149930
C0,452965195,1791038963,5Zspimi8VD6LctJLtaSjLqaSUvmh3Rs849iPtGocpump,Em8J3gBWapfVBGVhVipwQnLrqCvnWBnLajw6XFsFECPF,0.074151,1570530198583,2150689
C0,452965203,1791038965,6uvchLqJLi9btUqxzPy7Y4c1zVuEcd9viBByzM4Dpump,BwWK17cbHxwWBKZkUYvzxLcNQ1YVyaFezduWbtm2de6s,0.701448,21377090238040,2151228
C0,452965206,1791038966,C4vZioAh9MtaUwJZhQjFc1r9bPMqsXRg2czNHhYpump,3SJHbVjvdpMYGthDLkDKjJox4gHA4VhoMeNReiwBHB43,0.750000,25855404776987,2151461
C0,452965217,1791038969,6nciRAvkQWfB5WCYoH94MrWxchhgkzVXh2VobW9Qqiie,3yrJE1A8dgSuy5NLimG5GSYxA6wMkvnAYLD9Y4xR2fjJ,0.500000,10021989703390,2152310
C0,452965220,1791038970,DrVhcPWYFRPyRyhaVd8rihMW3WuTXVwREeYxcu89pump,Bjqinu9Trj9KrXkomcRv1ZdgMx6zx3ZawnJ6RYh2wL4q,0.108900,2048393978266,2152539
C0,452965232,1791038973,CDJ4ZZkUoKnNtKhp1LJuUtrC2GfW7q4GJ5BwSVGepump,straywAWvrXhKJKCLiVwaPvTuqd419c2i4Ry9cvUPyD,1.000000,20708618018129,2153508
C0,452965247,1791038977,3xUq4YPJVpMtjBnab8UeFwUiAAjPhekgnPrfpHyYcZtF,BuGacsFWAqk8LZk7SPcJ2iqdGdUnPyTqvwSVUU48ao5o,0.076662,940352268207,2154739
C0,452965250,1791038978,Ab7SezMA3Yg4mTgYRMXKpQ1EgYx3NZMd1EC81xAxwimV,5GKkHb3a5dNjnZR13CVn4zpnopS8QoQX6Am8vovQSU4,1.498070,33771870742663,2154978
C0,452965273,1791038984,739dnZEG4yaBWFsY8L8ZwrfhGG6dhtCSercW8Umspump,9EwQoN74Hzw747EM7wB3WtvgAdRGH1czaPtbqZj1qDj4,9.747882,88706831927,2156820
C0,452965292,1791038989,33xpS3af2VNaCeeH4k5q7nT99xJa1vNiCxCJKzUppump,dKMjeGJ4Mk9S3hxdfTThvZ7exks2xMwWqSM5NvN2CTK,1.800000,58919363924295,2158211
C0,452965297,1791038990,G4zJQRQ9NHUBaDaCQnvYYnEJpWVqTfeo1Zy2H7cxpump,CM8eJsqqgYyXiZXk1cwX9k5CgAm84Ut9ucHsCTtvqo8H,0.422671,14725986642005,2158512
C0,452965308,1791038994,Bb6BpW899oKUsF4rHRLqQMkyyWR7dzfLUnTUPTfQpump,nya666pQkP3PzWxi7JngU3rRMHuc7zbLK8c8wxQ4qpT,0.091711,2462364847940,2159434
C0,452965321,1791038997,BBEuXn2iMJojebUERJ5tnNhcbWP9FdXDXHz6CmQ9MsmP,3K7XMbqvFTKT211Dqu8tXC1iK5vmQQ2MZp5mxSdEzWvx,0.253604,2461337623751,2160460
